"Company Code Code","Employee ID","PERNER","Approval Status","Entry Date","WBS / SO Name","Cost Center Name","Labor Type Name","Job Activity Type","Task Name","Time Type","Attendance Type Code","Billable Indicator","Hours (Current)","Rate Type","Short Time Entry ID","Time Off Booking ID","Comments","WBS Type","Task Task Type","New Remaining Work","Customer 1","Customer 2","Customer 3","GSAP Billable Flag","Time Off Type Description","Master WBS (SO, WO)","Project Type","IWO Indicator","Parent WBS","Company Code Name","Task Name (Full Path)","Time Entry ID","Employee Type Name","Timesheet Period","Location Name","Login Name","User","IWO WBS Element","Work Order ID","Parent Service Order","CWF C1 alternate ID","Parent Project"
"C1","29090439","99748558","Approved","19/04/2021","R-010020403.0003","C121999951","","","R-010020403.0003","","","","8.00","Straight Time","6628","","","C1 WBS","","","","","","","","WBS","RV","","","1219","R-010020403.0003","a0b27e56-4ad8-47a8-b905-252ef8deb16a","Agency Contractor","17/04/2021 - 23/04/2021","","29090439@sittest.com","Gibson, Ella 29090439 29090439@sittest.com","0040002607","HPWO00091369","","99748558",""
"C1","29090439","99748558","Approved","03/05/2021","4004822","C121999951","LEGACY BILLING|Billable","","4004822","","","","0.00","Straight Time","7259","","","C1 WBS","","","","","","","","SO","RV","","R-010020356.0012","1219","4004822","ccd73f0b-dd1e-47d2-b144-cc96d58f42c0","Agency Contractor","01/05/2021 - 07/05/2021","","29090439@sittest.com","Gibson, Ella 29090439 29090439@sittest.com","0000000000","HPWO00091369","","99748558",""
"C1","29090439","99748558","Approved","04/05/2021","4004822","C121999951","LEGACY BILLING|Billable","","4004822","","","","0.50","Straight Time","7260","","","C1 WBS","","","","","","","","SO","RV","","R-010020356.0012","1219","4004822","97636c13-c2dc-4c71-a9ba-866c3136631d","Agency Contractor","01/05/2021 - 07/05/2021","","29090439@sittest.com","Gibson, Ella 29090439 29090439@sittest.com","0000000000","HPWO00091369","","99748558",""
"C1","29090514","","Approved","17/05/2021","4099920","C110299951","LEGACY BILLING|Billable","","4099920","","","","6.40","Straight Time","84975","","","C1 WBS","","","","","","","","SO","RV","","R-010020403.0050","1102","4099920","1eca2b71-b0f7-4cda-8716-52ff7f0a88dc","Agency Contractor","15/05/2021 - 21/05/2021","","29090514@sittest.com","AC 1102, Roe 29090514 29090514@sittest.com","0041072668","HPWO00091523","","99748565",""
"C1","29090514","","Approved","18/05/2021","4099920","C110299951","LEGACY BILLING|Billable","","4099920","","","","6.40","Straight Time","84976","","","C1 WBS","","","","","","","","SO","RV","","R-010020403.0050","1102","4099920","b6b3eb34-3def-4cdd-8014-0f1345486c00","Agency Contractor","15/05/2021 - 21/05/2021","","29090514@sittest.com","AC 1102, Roe 29090514 29090514@sittest.com","0041072668","HPWO00091523","","99748565",""
"C1","29090514","","Approved","18/05/2021","R-010124018.0001","C110299951","ANALYST|Billable","","R-010124018.0001","","","","1.20","Straight Time","84980","","","C1 WBS","","","","","","","","WBS","RV","","","1102","R-010124018.0001","c783cbc0-0876-487f-9159-48094e199851","Agency Contractor","15/05/2021 - 21/05/2021","","29090514@sittest.com","AC 1102, Roe 29090514 29090514@sittest.com","","HPWO00091523","","99748565",""
"C1","29090514","","Approved","19/05/2021","4099920","C110299951","LEGACY BILLING|Billable","","4099920","","","","6.40","Straight Time","84977","","","C1 WBS","","","","","","","","SO","RV","","R-010020403.0050","1102","4099920","5114613a-f9d4-474a-9b94-c0ac240df6cc","Agency Contractor","15/05/2021 - 21/05/2021","","29090514@sittest.com","AC 1102, Roe 29090514 29090514@sittest.com","0041072668","HPWO00091523","","99748565",""
"C1","29090514","","Approved","20/05/2021","4099920","C110299951","LEGACY BILLING|Billable","","4099920","","","","6.40","Straight Time","84978","","","C1 WBS","","","","","","","","SO","RV","","R-010020403.0050","1102","4099920","743447fd-bb5b-4833-8611-88df710a3331","Agency Contractor","15/05/2021 - 21/05/2021","","29090514@sittest.com","AC 1102, Roe 29090514 29090514@sittest.com","0041072668","HPWO00091523","","99748565",""
"C1","29090514","","Approved","21/05/2021","4099920","C110299951","LEGACY BILLING|Billable","","4099920","","","","1.20","Straight Time","84979","","","C1 WBS","","","","","","","","SO","RV","","R-010020403.0050","1102","4099920","2952760b-6bed-4388-9cb7-7f1e11be49e2","Agency Contractor","15/05/2021 - 21/05/2021","","29090514@sittest.com","AC 1102, Roe 29090514 29090514@sittest.com","0041072668","HPWO00091523","","99748565",""
"C1","29090514","","Approved","24/05/2021","4099920","C110299951","LEGACY BILLING|Billable","","4099920","","","","4.60","Straight Time","84986","","","C1 WBS","","","","","","","","SO","RV","","R-010020403.0050","1102","4099920","6b56ffcf-866e-4b04-8c69-08646c03d563","Agency Contractor","22/05/2021 - 28/05/2021","","29090514@sittest.com","AC 1102, Roe 29090514 29090514@sittest.com","0041072668","HPWO00091523","","99748565",""
"C1","29090514","","Approved","24/05/2021","R-010124018.0001","C110299951","ANALYST|Billable","","R-010124018.0001","","","","1.20","Straight Time","84987","","","C1 WBS","","","","","","","","WBS","RV","","","1102","R-010124018.0001","707b6c3f-554e-465d-b6e1-78b283f176c9","Agency Contractor","22/05/2021 - 28/05/2021","","29090514@sittest.com","AC 1102, Roe 29090514 29090514@sittest.com","","HPWO00091523","","99748565",""
"C1","29090514","","Approved","25/05/2021","4099920","C110299951","LEGACY BILLING|Billable","","4099920","","","","4.60","Straight Time","84988","","","C1 WBS","","","","","","","","SO","RV","","R-010020403.0050","1102","4099920","8c4caabf-05ca-4c28-9127-4014cea64704","Agency Contractor","22/05/2021 - 28/05/2021","","29090514@sittest.com","AC 1102, Roe 29090514 29090514@sittest.com","0041072668","HPWO00091523","","99748565",""
"C1","29090514","","Approved","26/05/2021","4099920","C110299951","LEGACY BILLING|Billable","","4099920","","","","4.60","Straight Time","84989","","","C1 WBS","","","","","","","","SO","RV","","R-010020403.0050","1102","4099920","69b2d2ad-76ce-48f1-addb-026b223b654f","Agency Contractor","22/05/2021 - 28/05/2021","","29090514@sittest.com","AC 1102, Roe 29090514 29090514@sittest.com","0041072668","HPWO00091523","","99748565",""
"C1","29090520","99748568","Approved","03/05/2021","E-092016549.0010","C110299951","NO BILL|Billable","","E-092016549.0010","","","","1.00","Overtime","7731","","","C1 WBS","","","","","","","","WBS","ES","","","1102","E-092016549.0010","135715ba-656d-4d01-9b9b-5b3bf7f47209","Agency Contractor","01/05/2021 - 07/05/2021","Alberta","29090520@sittest.com","AC 1102, Veena 29090520 29090520@sittest.com","IE1-DMO01.03.12","HPWO00091400","","99748568",""
"C1","29090520","99748568","Approved","03/05/2021","E-092016549.0010","C110299951","NO BILL|Billable","","E-092016549.0010","","","","2.00","Double Time","7725","","","C1 WBS","","","","","","","","WBS","ES","","","1102","E-092016549.0010","a8d5a3ba-eb35-4950-a7bb-34f4b03efd1a","Agency Contractor","01/05/2021 - 07/05/2021","Alberta","29090520@sittest.com","AC 1102, Veena 29090520 29090520@sittest.com","IE1-DMO01.03.12","HPWO00091400","","99748568",""
"C1","29090520","99748568","Approved","03/05/2021","E-092016549.0010","C110299951","NO BILL|Billable","","E-092016549.0010","","","","4.00","Straight Time","7718","","","C1 WBS","","","","","","","","WBS","ES","","","1102","E-092016549.0010","4d717f05-650d-41ba-8a74-f743fc63090d","Agency Contractor","01/05/2021 - 07/05/2021","Alberta","29090520@sittest.com","AC 1102, Veena 29090520 29090520@sittest.com","IE1-DMO01.03.12","HPWO00091400","","99748568",""
"C1","29090520","99748568","Approved","03/05/2021","X-092016545.0010","C110299951","","","X-092016545.0010","","","","1.00","Double Time","7722","","","C1 WBS","","","","","","","","WBS","IC","","","1102","X-092016545.0010","ad0aac7c-64cb-4d38-9474-25a4edb7116d","Agency Contractor","01/05/2021 - 07/05/2021","Alberta","29090520@sittest.com","AC 1102, Veena 29090520 29090520@sittest.com","32759668","HPWO00091400","","99748568",""
"C1","29090520","99748568","Approved","03/05/2021","X-092016545.0010","C110299951","","","X-092016545.0010","","","","2.00","Straight Time","7728","","","C1 WBS","","","","","","","","WBS","IC","","","1102","X-092016545.0010","24c5935f-0c5c-46ed-9d32-e7065f28e4ad","Agency Contractor","01/05/2021 - 07/05/2021","Alberta","29090520@sittest.com","AC 1102, Veena 29090520 29090520@sittest.com","32759668","HPWO00091400","","99748568",""
"C1","29090520","99748568","Approved","04/05/2021","E-092016549.0010","C110299951","NO BILL|Billable","","E-092016549.0010","","","","1.00","Overtime","7732","","","C1 WBS","","","","","","","","WBS","ES","","","1102","E-092016549.0010","50545ca9-852b-4ff0-b44f-36ddf35d66ed","Agency Contractor","01/05/2021 - 07/05/2021","Alberta","29090520@sittest.com","AC 1102, Veena 29090520 29090520@sittest.com","IE1-DMO01.03.12","HPWO00091400","","99748568",""
"C1","29090520","99748568","Approved","04/05/2021","E-092016549.0010","C110299951","NO BILL|Billable","","E-092016549.0010","","","","2.00","Double Time","7726","","","C1 WBS","","","","","","","","WBS","ES","","","1102","E-092016549.0010","3f05d979-a934-4177-b6f9-3b845c7763d5","Agency Contractor","01/05/2021 - 07/05/2021","Alberta","29090520@sittest.com","AC 1102, Veena 29090520 29090520@sittest.com","IE1-DMO01.03.12","HPWO00091400","","99748568",""
"C1","29090520","99748568","Approved","04/05/2021","E-092016549.0010","C110299951","NO BILL|Billable","","E-092016549.0010","","","","2.00","Straight Time","7719","","","C1 WBS","","","","","","","","WBS","ES","","","1102","E-092016549.0010","53b9795f-19c4-4b25-a483-bd3c96279e58","Agency Contractor","01/05/2021 - 07/05/2021","Alberta","29090520@sittest.com","AC 1102, Veena 29090520 29090520@sittest.com","IE1-DMO01.03.12","HPWO00091400","","99748568",""
"C1","29090520","99748568","Approved","04/05/2021","X-092016545.0010","C110299951","","","X-092016545.0010","","","","1.00","Double Time","7723","","","C1 WBS","","","","","","","","WBS","IC","","","1102","X-092016545.0010","45e55b32-00cc-452c-a18f-7787bdb05994","Agency Contractor","01/05/2021 - 07/05/2021","Alberta","29090520@sittest.com","AC 1102, Veena 29090520 29090520@sittest.com","32759668","HPWO00091400","","99748568",""
"C1","29090520","99748568","Approved","04/05/2021","X-092016545.0010","C110299951","","","X-092016545.0010","","","","4.00","Straight Time","7729","","","C1 WBS","","","","","","","","WBS","IC","","","1102","X-092016545.0010","195a8871-b4ff-4181-8b20-93dfab006f95","Agency Contractor","01/05/2021 - 07/05/2021","Alberta","29090520@sittest.com","AC 1102, Veena 29090520 29090520@sittest.com","32759668","HPWO00091400","","99748568",""
"C1","29090520","99748568","Approved","05/05/2021","E-092016549.0010","C110299951","NO BILL|Billable","","E-092016549.0010","","","","1.00","Overtime","7733","","","C1 WBS","","","","","","","","WBS","ES","","","1102","E-092016549.0010","9b928653-2cdf-4f57-9734-2baec87419fc","Agency Contractor","01/05/2021 - 07/05/2021","Alberta","29090520@sittest.com","AC 1102, Veena 29090520 29090520@sittest.com","IE1-DMO01.03.12","HPWO00091400","","99748568",""
"C1","29090520","99748568","Approved","05/05/2021","E-092016549.0010","C110299951","NO BILL|Billable","","E-092016549.0010","","","","2.00","Double Time","7727","","","C1 WBS","","","","","","","","WBS","ES","","","1102","E-092016549.0010","a4c64534-4671-4440-a596-fe21aa11316a","Agency Contractor","01/05/2021 - 07/05/2021","Alberta","29090520@sittest.com","AC 1102, Veena 29090520 29090520@sittest.com","IE1-DMO01.03.12","HPWO00091400","","99748568",""
"C1","29090520","99748568","Approved","05/05/2021","E-092016549.0010","C110299951","NO BILL|Billable","","E-092016549.0010","","","","2.00","Straight Time","7720","","","C1 WBS","","","","","","","","WBS","ES","","","1102","E-092016549.0010","93b87a1d-1e5d-42b0-98b9-d268e85712c4","Agency Contractor","01/05/2021 - 07/05/2021","Alberta","29090520@sittest.com","AC 1102, Veena 29090520 29090520@sittest.com","IE1-DMO01.03.12","HPWO00091400","","99748568",""
"C1","29090520","99748568","Approved","05/05/2021","X-092016545.0010","C110299951","","","X-092016545.0010","","","","1.00","Double Time","7724","","","C1 WBS","","","","","","","","WBS","IC","","","1102","X-092016545.0010","1ed89fff-6cb6-48eb-8a7f-fc1ee1cc4667","Agency Contractor","01/05/2021 - 07/05/2021","Alberta","29090520@sittest.com","AC 1102, Veena 29090520 29090520@sittest.com","32759668","HPWO00091400","","99748568",""
"C1","29090520","99748568","Approved","05/05/2021","X-092016545.0010","C110299951","","","X-092016545.0010","","","","2.00","Straight Time","7730","","","C1 WBS","","","","","","","","WBS","IC","","","1102","X-092016545.0010","35213f9b-dead-4d46-b4e8-24d53df8f2dd","Agency Contractor","01/05/2021 - 07/05/2021","Alberta","29090520@sittest.com","AC 1102, Veena 29090520 29090520@sittest.com","32759668","HPWO00091400","","99748568",""
"C1","29090520","99748568","Approved","06/05/2021","E-092016549.0010","C110299951","NO BILL|Billable","","E-092016549.0010","","","","0.00","Straight Time","7721","","","C1 WBS","","","","","","","","WBS","ES","","","1102","E-092016549.0010","c48c1db8-0fb2-4abc-85f0-e20b9aa5f4fe","Agency Contractor","01/05/2021 - 07/05/2021","Alberta","29090520@sittest.com","AC 1102, Veena 29090520 29090520@sittest.com","IE1-DMO01.03.12","HPWO00091400","","99748568",""
"C1","29090632","","Approved","26/04/2021","R-010020408.0085","C110299951","C1PROGTCTSTDEV1ONS|Billable","","R-010020408.0085","","","","8.00","Straight Time","7210","","","C1 WBS","","","","","","","","WBS","RV","","","1102","R-010020408.0085","8b028327-0e66-4d0f-af4a-03649e927794","Agency Contractor","24/04/2021 - 30/04/2021","","29090632@sittest.com","RetroactiveRateChange, SLII TEST 29090632 29090632@sittest.com","0000000000","HPWO00091426","","99748594",""
"C1","29090632","","Approved","27/04/2021","R-010020408.0085","C110299951","C1PROGTCTSTDEV1ONS|Billable","","R-010020408.0085","","","","8.00","Straight Time","7211","","","C1 WBS","","","","","","","","WBS","RV","","","1102","R-010020408.0085","cc51fc49-30f3-4634-a430-78c467620b93","Agency Contractor","24/04/2021 - 30/04/2021","","29090632@sittest.com","RetroactiveRateChange, SLII TEST 29090632 29090632@sittest.com","0000000000","HPWO00091426","","99748594",""
"C1","29090632","","Approved","28/04/2021","R-010020408.0085","C110299951","C1PROGTCTSTDEV1ONS|Billable","","R-010020408.0085","","","","8.00","Straight Time","7212","","","C1 WBS","","","","","","","","WBS","RV","","","1102","R-010020408.0085","8bef1541-563e-456e-85fd-6cb751bb689d","Agency Contractor","24/04/2021 - 30/04/2021","","29090632@sittest.com","RetroactiveRateChange, SLII TEST 29090632 29090632@sittest.com","0000000000","HPWO00091426","","99748594",""
"C1","29090632","","Approved","29/04/2021","R-010020408.0085","C110299951","C1PROGTCTSTDEV1ONS|Billable","","R-010020408.0085","","","","7.00","Straight Time","7213","","testing with Diego","C1 WBS","","","","","","","","WBS","RV","","","1102","R-010020408.0085","07ae34ba-e50c-443d-a278-142713dec131","Agency Contractor","24/04/2021 - 30/04/2021","","29090632@sittest.com","RetroactiveRateChange, SLII TEST 29090632 29090632@sittest.com","0000000000","HPWO00091426","","99748594",""
"C1","29091056","","Approved","10/05/2021","4099920","C110299951","LEGACY BILLING|Billable","","4099920","","","","3.00","Straight Time","60463","","","C1 WBS","","","","","","","","SO","RV","","R-010020403.0050","1102","4099920","5dafcd2d-5982-43b5-bf86-3ecbba13a49a","Agency Contractor","08/05/2021 - 14/05/2021","","29091056@sittest.com","Skywalker, Anakin 29091056 29091056@sittest.com","0041072668","HPWO00091469","","99748604",""
"C1","29091056","","Approved","17/05/2021","R-010110700.0300","C110299951","PROJMGR|Billable","","R-010110700.0300","","","","8.00","Straight Time","84541","","","C1 WBS","","","","","","","","WBS","RV","","","1102","R-010110700.0300","9096d675-ada4-4b25-b232-acf5103f17e6","Agency Contractor","15/05/2021 - 21/05/2021","","29091056@sittest.com","Skywalker, Anakin 29091056 29091056@sittest.com","0000000000","HPWO00091469","","99748604",""
"C1","29091056","","Approved","18/05/2021","R-010110700.0300","C110299951","PROJMGR|Billable","","R-010110700.0300","","","","8.00","Straight Time","84542","","","C1 WBS","","","","","","","","WBS","RV","","","1102","R-010110700.0300","4fd668ce-577b-460c-a5f1-26f1bae2fc3a","Agency Contractor","15/05/2021 - 21/05/2021","","29091056@sittest.com","Skywalker, Anakin 29091056 29091056@sittest.com","0000000000","HPWO00091469","","99748604",""
"C1","29091056","","Approved","24/05/2021","R-010110700.0300","C110299951","PROJMGR|Billable","","R-010110700.0300","","","","8.00","Straight Time","84543","","","C1 WBS","","","","","","","","WBS","RV","","","1102","R-010110700.0300","6005174f-d11f-442a-b5c3-386669950be1","Agency Contractor","22/05/2021 - 28/05/2021","","29091056@sittest.com","Skywalker, Anakin 29091056 29091056@sittest.com","0000000000","HPWO00091469","","99748604",""
"C1","29091056","","Approved","25/05/2021","","C110299951","","","","","799","","5.00","","84544","","","","","","","","","","","","","","","1102","","78cf11b8-9eb0-43a3-ac12-c5dba87ddbee","Agency Contractor","22/05/2021 - 28/05/2021","","29091056@sittest.com","Skywalker, Anakin 29091056 29091056@sittest.com","","HPWO00091469","","99748604",""
"C1","29091056","","Approved","28/05/2021","R-010110700.0300","C110299951","PROJMGR|Billable","","R-010110700.0300","","","","8.00","Straight Time","84548","","","C1 WBS","","","","","","","","WBS","RV","","","1102","R-010110700.0300","d6c3c5df-8f31-4ef6-8666-efce2949d1d4","Agency Contractor","22/05/2021 - 28/05/2021","","29091056@sittest.com","Skywalker, Anakin 29091056 29091056@sittest.com","0000000000","HPWO00091469","","99748604",""
"C1","29091056","","Approved","31/05/2021","R-010110700.0300","C110299951","PROJMGR|Billable","","R-010110700.0300","","","","0.00","Straight Time","84549","","","C1 WBS","","","","","","","","WBS","RV","","","1102","R-010110700.0300","ef944f24-ba44-4c41-85e0-3115ffd51e48","Agency Contractor","29/05/2021 - 04/06/2021","","29091056@sittest.com","Skywalker, Anakin 29091056 29091056@sittest.com","0000000000","HPWO00091469","","99748604",""
"C1","29091056","","Approved","31/05/2021","R-010110700.0300","C110299951","PROJMGR|Billable","","R-010110700.0300","","","","4.30","Straight Time","84625","","Retest Warning Msg 7 days","C1 WBS","","","","","","","","WBS","RV","","","1102","R-010110700.0300","2484d4b7-ac6e-4bd5-9797-f5bf6d6add40","Agency Contractor","29/05/2021 - 04/06/2021","","29091056@sittest.com","Skywalker, Anakin 29091056 29091056@sittest.com","0000000000","HPWO00091469","","99748604",""
"C1","29091056","","Approved","01/06/2021","R-010110700.0300","C110299951","PROJMGR|Billable","","R-010110700.0300","","","","0.00","Straight Time","84550","","","C1 WBS","","","","","","","","WBS","RV","","","1102","R-010110700.0300","e9b76456-c5b2-4a83-b9a5-10775512abc4","Agency Contractor","29/05/2021 - 04/06/2021","","29091056@sittest.com","Skywalker, Anakin 29091056 29091056@sittest.com","0000000000","HPWO00091469","","99748604",""
"C1","29091063","","Approved","10/05/2021","4095583","C110299951","LEGACY BILLING|Billable","","4095583","","","","1.00","Double Time","59502","","","C1 WBS","","","","","","","","SO","RV","","R-010020413.0050","1102","4095583","8acc4ab4-f83a-4eb0-a6bf-33bf3aa5ce69","Agency Contractor","08/05/2021 - 14/05/2021","","29091063@sittest.com","Calrissian, Lando 29091063 29091063@sittest.com","0000000000","HPWO00091476","","99748611",""
"C1","29091063","","Approved","10/05/2021","4095583","C110299951","LEGACY BILLING|Billable","","4095583","","","","1.00","Overtime","59501","","","C1 WBS","","","","","","","","SO","RV","","R-010020413.0050","1102","4095583","d1e3505a-eab7-4e89-92ab-d9fa000f250f","Agency Contractor","08/05/2021 - 14/05/2021","","29091063@sittest.com","Calrissian, Lando 29091063 29091063@sittest.com","0000000000","HPWO00091476","","99748611",""
"C1","29091063","","Approved","10/05/2021","4095583","C110299951","LEGACY BILLING|Billable","","4095583","","","","9.00","Straight Time","59500","","","C1 WBS","","","","","","","","SO","RV","","R-010020413.0050","1102","4095583","39dad921-24ae-4b87-9f3c-1cdd7a21c23e","Agency Contractor","08/05/2021 - 14/05/2021","","29091063@sittest.com","Calrissian, Lando 29091063 29091063@sittest.com","0000000000","HPWO00091476","","99748611",""
"C1","29091746","","Approved","24/07/2021","R-010113035.0004","C120099951","TESTER|Billable","","02JIRAGEN","","","","0.00","Double Time","92156","","DT","C1 WBS","","","","","","","","WBS","RV","","","1200","02JIRAGEN","455125b7-1f69-47e1-8b9d-0590b09a183c","Agency Contractor","24/07/2021 - 30/07/2021","","29091746@sittest.com","Roe AC_A 1200, Termination 29091746 29091746@sittest.com","0000000000","HPWO00091586","","99748672",""
"C1","29091746","","Approved","24/07/2021","R-010113035.0004","C120099951","TESTER|Billable","","02JIRAGEN","","","","1.00","Straight Time","92453","","ST","C1 WBS","","","","","","","","WBS","RV","","","1200","02JIRAGEN","707f1e51-8373-44d9-b5ce-4f56e170d752","Agency Contractor","24/07/2021 - 30/07/2021","","29091746@sittest.com","Roe AC_A 1200, Termination 29091746 29091746@sittest.com","0000000000","HPWO00091586","","99748672",""
"C1","29091746","","Approved","25/07/2021","R-010113035.0004","C120099951","TESTER|Billable","","02JIRAGEN","","","","0.00","Double Time","92157","","DT","C1 WBS","","","","","","","","WBS","RV","","","1200","02JIRAGEN","4287112a-6ad8-46f8-a127-a7b9c7d6f8c0","Agency Contractor","24/07/2021 - 30/07/2021","","29091746@sittest.com","Roe AC_A 1200, Termination 29091746 29091746@sittest.com","0000000000","HPWO00091586","","99748672",""
"C1","29091746","","Approved","25/07/2021","R-010113035.0004","C120099951","TESTER|Billable","","02JIRAGEN","","","","1.00","Straight Time","92454","","ST","C1 WBS","","","","","","","","WBS","RV","","","1200","02JIRAGEN","a1a71dfc-38f5-4c0c-ba1e-360c857b2100","Agency Contractor","24/07/2021 - 30/07/2021","","29091746@sittest.com","Roe AC_A 1200, Termination 29091746 29091746@sittest.com","0000000000","HPWO00091586","","99748672",""
"C1","29091746","","Approved","26/07/2021","R-010113035.0004","C120099951","TESTER|Billable","","02JIRAGEN","","","","0.00","Double Time","92192","","","C1 WBS","","","","","","","","WBS","RV","","","1200","02JIRAGEN","9abdcb51-6c6c-465e-8cbf-812105ebe877","Agency Contractor","24/07/2021 - 30/07/2021","","29091746@sittest.com","Roe AC_A 1200, Termination 29091746 29091746@sittest.com","0000000000","HPWO00091586","","99748672",""
"C1","29091746","","Approved","26/07/2021","R-010113035.0004","C120099951","TESTER|Billable","","02JIRAGEN","","","","0.00","Straight Time","92161","","RT","C1 WBS","","","","","","","","WBS","RV","","","1200","02JIRAGEN","646f7db6-502d-49e9-b034-6b7dc16b802a","Agency Contractor","24/07/2021 - 30/07/2021","","29091746@sittest.com","Roe AC_A 1200, Termination 29091746 29091746@sittest.com","0000000000","HPWO00091586","","99748672",""
"C1","29091746","","Approved","26/07/2021","R-010113035.0004","C120099951","TESTER|Billable","","02JIRAGEN","","","","0.00","Straight Time","92524","","","C1 WBS","","","","","","","","WBS","RV","","","1200","02JIRAGEN","69c152bf-182a-43f8-98f4-f963207f05cd","Agency Contractor","24/07/2021 - 30/07/2021","","29091746@sittest.com","Roe AC_A 1200, Termination 29091746 29091746@sittest.com","0000000000","HPWO00091586","","99748672",""
"C1","29091746","","Approved","26/07/2021","R-010113035.0004","C120099951","TESTER|Billable","","02JIRAGEN","","","","1.35","Overtime","92455","","OT","C1 WBS","","","","","","","","WBS","RV","","","1200","02JIRAGEN","36c8b9d2-4d8d-40f0-b64f-efa19b8fcc78","Agency Contractor","24/07/2021 - 30/07/2021","","29091746@sittest.com","Roe AC_A 1200, Termination 29091746 29091746@sittest.com","0000000000","HPWO00091586","","99748672",""
"C1","29091746","","Approved","26/07/2021","R-010113035.0004","C120099951","TESTER|Billable","","02JIRAGEN","","","","2.00","Double Time","92617","","test","C1 WBS","","","","","","","","WBS","RV","","","1200","02JIRAGEN","8701cb94-706f-4420-9680-c72a02b45514","Agency Contractor","24/07/2021 - 30/07/2021","","29091746@sittest.com","Roe AC_A 1200, Termination 29091746 29091746@sittest.com","0000000000","HPWO00091586","","99748672",""
"C1","29091746","","Approved","27/07/2021","R-010113035.0004","C120099951","TESTER|Billable","","02JIRAGEN","","","","0.00","Straight Time","92162","","RT","C1 WBS","","","","","","","","WBS","RV","","","1200","02JIRAGEN","75deefd2-dab7-4f39-b74a-a2e41b04a7e4","Agency Contractor","24/07/2021 - 30/07/2021","","29091746@sittest.com","Roe AC_A 1200, Termination 29091746 29091746@sittest.com","0000000000","HPWO00091586","","99748672",""
"C1","29091746","","Approved","27/07/2021","R-010113035.0004","C120099951","TESTER|Billable","","02JIRAGEN","","","","1.35","Overtime","92456","","OT","C1 WBS","","","","","","","","WBS","RV","","","1200","02JIRAGEN","92c2c900-38d4-4d25-a5ea-0846b5af3ea3","Agency Contractor","24/07/2021 - 30/07/2021","","29091746@sittest.com","Roe AC_A 1200, Termination 29091746 29091746@sittest.com","0000000000","HPWO00091586","","99748672",""
"C1","29091746","","Approved","28/07/2021","R-010113035.0004","C120099951","TESTER|Billable","","02JIRAGEN","","","","0.00","Straight Time","92163","","RT","C1 WBS","","","","","","","","WBS","RV","","","1200","02JIRAGEN","b8692edd-edb0-42b7-a7dc-47a6ee2accd4","Agency Contractor","24/07/2021 - 30/07/2021","","29091746@sittest.com","Roe AC_A 1200, Termination 29091746 29091746@sittest.com","0000000000","HPWO00091586","","99748672",""
"C1","29091746","","Approved","28/07/2021","R-010113035.0004","C120099951","TESTER|Billable","","02JIRAGEN","","","","1.35","Overtime","92457","","OT","C1 WBS","","","","","","","","WBS","RV","","","1200","02JIRAGEN","fd4a3a68-f6b7-49ad-9849-3ec2ae4b0a4b","Agency Contractor","24/07/2021 - 30/07/2021","","29091746@sittest.com","Roe AC_A 1200, Termination 29091746 29091746@sittest.com","0000000000","HPWO00091586","","99748672",""
"C1","29091746","","Approved","29/07/2021","R-010113035.0004","C120099951","TESTER|Billable","","02JIRAGEN","","","","0.00","Straight Time","92164","","RT","C1 WBS","","","","","","","","WBS","RV","","","1200","02JIRAGEN","c302e038-2eb4-4864-af76-f1b97822c711","Agency Contractor","24/07/2021 - 30/07/2021","","29091746@sittest.com","Roe AC_A 1200, Termination 29091746 29091746@sittest.com","0000000000","HPWO00091586","","99748672",""
"C1","29091746","","Approved","29/07/2021","R-010113035.0004","C120099951","TESTER|Billable","","02JIRAGEN","","","","1.35","Overtime","92458","","OT","C1 WBS","","","","","","","","WBS","RV","","","1200","02JIRAGEN","0e008ca5-fbf3-45e7-80da-fd570d2d8d08","Agency Contractor","24/07/2021 - 30/07/2021","","29091746@sittest.com","Roe AC_A 1200, Termination 29091746 29091746@sittest.com","0000000000","HPWO00091586","","99748672",""
"C1","29091746","","Approved","30/07/2021","R-010113035.0004","C120099951","TESTER|Billable","","02JIRAGEN","","","","0.00","Straight Time","92166","","OT","C1 WBS","","","","","","","","WBS","RV","","","1200","02JIRAGEN","770176ae-e35f-4f6b-a9c0-f257e04ba80f","Agency Contractor","24/07/2021 - 30/07/2021","","29091746@sittest.com","Roe AC_A 1200, Termination 29091746 29091746@sittest.com","0000000000","HPWO00091586","","99748672",""
"C1","29091746","","Approved","30/07/2021","R-010113035.0004","C120099951","TESTER|Billable","","02JIRAGEN","","","","2.00","Double Time","92459","","DT","C1 WBS","","","","","","","","WBS","RV","","","1200","02JIRAGEN","49f6f187-f123-4fc2-8e09-edf97721ee16","Agency Contractor","24/07/2021 - 30/07/2021","","29091746@sittest.com","Roe AC_A 1200, Termination 29091746 29091746@sittest.com","0000000000","HPWO00091586","","99748672",""
"C1","29091746","","Approved","02/08/2021","R-010113035.0004","C120099951","NO BILL|Billable","","02JIRAGEN","","","","0.00","Straight Time","92187","","","C1 WBS","","","","","","","","WBS","RV","","","1200","02JIRAGEN","84e34b64-3714-41d1-af7e-f6bff01b545d","Agency Contractor","31/07/2021 - 06/08/2021","","29091746@sittest.com","Roe AC_A 1200, Termination 29091746 29091746@sittest.com","0000000000","HPWO00091586","","99748672",""
"C1","29091746","","Approved","02/08/2021","R-010113035.0004","C120099951","NO BILL|Billable","","02JIRAGEN","","","","4.00","Straight Time","93833","","testing approval path","C1 WBS","","","","","","","","WBS","RV","","","1200","02JIRAGEN","0b20fa28-7b81-4903-bec7-49b85b165889","Agency Contractor","31/07/2021 - 06/08/2021","","29091746@sittest.com","Roe AC_A 1200, Termination 29091746 29091746@sittest.com","0000000000","HPWO00091586","","99748672",""
"C1","29091746","","Approved","02/08/2021","R-010113035.0004","C120099951","NO BILL|Non-Billable","","02JIRAGEN","","","","0.00","Straight Time","92186","","","C1 WBS","","","","","","","","WBS","RV","","","1200","02JIRAGEN","afdef490-060d-44b7-8c77-0c2982d73f06","Agency Contractor","31/07/2021 - 06/08/2021","","29091746@sittest.com","Roe AC_A 1200, Termination 29091746 29091746@sittest.com","0000000000","HPWO00091586","","99748672",""
"C1","29091746","","Approved","02/08/2021","R-010113035.0004","C120099951","TESTER|Billable","","02JIRAGEN","","","","0.00","Straight Time","92188","","","C1 WBS","","","","","","","","WBS","RV","","","1200","02JIRAGEN","29cab64c-91a3-49cc-a331-5cd23cee2f8e","Agency Contractor","31/07/2021 - 06/08/2021","","29091746@sittest.com","Roe AC_A 1200, Termination 29091746 29091746@sittest.com","0000000000","HPWO00091586","","99748672",""
"C1","29091746","","Approved","02/08/2021","R-010113035.0004","C120099951","TESTER|Non-Billable","","02JIRAGEN","","","","0.00","Straight Time","92189","","","C1 WBS","","","","","","","","WBS","RV","","","1200","02JIRAGEN","8b6d717f-789e-4573-ad6d-453f938cec50","Agency Contractor","31/07/2021 - 06/08/2021","","29091746@sittest.com","Roe AC_A 1200, Termination 29091746 29091746@sittest.com","0000000000","HPWO00091586","","99748672",""
"C1","29091746","","Approved","03/08/2021","R-010113035.0004","C120099951","NO BILL|Non-Billable","","02JIRAGEN","","","","0.00","Straight Time","92193","","","C1 WBS","","","","","","","","WBS","RV","","","1200","02JIRAGEN","dcbcd44e-2f24-4809-8c4f-40488ab05f01","Agency Contractor","31/07/2021 - 06/08/2021","","29091746@sittest.com","Roe AC_A 1200, Termination 29091746 29091746@sittest.com","0000000000","HPWO00091586","","99748672",""
"C1","29091746","","Approved","03/08/2021","R-010113035.0004","C120099951","TESTER|Billable","","02JIRAGEN","","","","0.00","Straight Time","92194","","","C1 WBS","","","","","","","","WBS","RV","","","1200","02JIRAGEN","b0e8f553-1e5c-4298-ac76-bceb06b032c3","Agency Contractor","31/07/2021 - 06/08/2021","","29091746@sittest.com","Roe AC_A 1200, Termination 29091746 29091746@sittest.com","0000000000","HPWO00091586","","99748672",""
"C1","29091756","","Approved","22/07/2021","S-010122548.0001","C128599951","ANALYST|Billable","","20180601","","","","1.00","Straight Time","92571","","","C1 WBS","","","","","","","","WBS","ST","","","1285","20180601","c2e908e6-b122-4e91-99ca-c86b85e278c6","Agency Contractor","17/07/2021 - 23/07/2021","","29091756@sittest.com","Julia AC_A 1285, General time entry Testing 29091756 29091756@sittest.com","0000000000","HPWO00091596","","99748682",""
"C1","29091756","","Approved","23/07/2021","S-010122548.0001","C128599951","ANALYST|Billable","","20180601","","","","2.00","Straight Time","92570","","","C1 WBS","","","","","","","","WBS","ST","","","1285","20180601","fd7ca815-7dde-4c4d-a635-59cd2e515bce","Agency Contractor","17/07/2021 - 23/07/2021","","29091756@sittest.com","Julia AC_A 1285, General time entry Testing 29091756 29091756@sittest.com","0000000000","HPWO00091596","","99748682",""
"C1","29091756","","Approved","24/07/2021","S-010122548.0001","C128599951","ANALYST|Non-Billable","","20180601","","","","3.00","Straight Time","92569","","","C1 WBS","","","","","","","","WBS","ST","","","1285","20180601","2f1371b4-3890-4bbd-ad51-302a23a501f8","Agency Contractor","24/07/2021 - 30/07/2021","","29091756@sittest.com","Julia AC_A 1285, General time entry Testing 29091756 29091756@sittest.com","0000000000","HPWO00091596","","99748682",""
"C1","29091756","","Approved","25/07/2021","S-010122548.0001","C128599951","ANALYST|Non-Billable","","20180601","","","","4.00","Straight Time","92568","","","C1 WBS","","","","","","","","WBS","ST","","","1285","20180601","a2b9f0c6-749b-4deb-944e-f376c6ee6d96","Agency Contractor","24/07/2021 - 30/07/2021","","29091756@sittest.com","Julia AC_A 1285, General time entry Testing 29091756 29091756@sittest.com","0000000000","HPWO00091596","","99748682",""
"C1","29091756","","Approved","26/07/2021","S-010122548.0001","C128599951","ANALYST|Non-Billable","","20180601","","","","5.00","Straight Time","92567","","","C1 WBS","","","","","","","","WBS","ST","","","1285","20180601","f028dae8-bb00-41fa-b247-98bf0af6ef45","Agency Contractor","24/07/2021 - 30/07/2021","","29091756@sittest.com","Julia AC_A 1285, General time entry Testing 29091756 29091756@sittest.com","0000000000","HPWO00091596","","99748682",""
"C1","29091756","","Approved","27/07/2021","S-010122548.0001","C128599951","ANALYST|Non-Billable","","20180601","","","","6.00","Straight Time","92566","","","C1 WBS","","","","","","","","WBS","ST","","","1285","20180601","37ff2ae5-2db2-4c3c-9710-402713b0e3a8","Agency Contractor","24/07/2021 - 30/07/2021","","29091756@sittest.com","Julia AC_A 1285, General time entry Testing 29091756 29091756@sittest.com","0000000000","HPWO00091596","","99748682",""
"C1","29091756","","Approved","28/07/2021","S-010122548.0001","C128599951","ANALYST|Non-Billable","","20180601","","","","7.00","Straight Time","92565","","","C1 WBS","","","","","","","","WBS","ST","","","1285","20180601","1a002038-af32-455a-a559-246d991ebef3","Agency Contractor","24/07/2021 - 30/07/2021","","29091756@sittest.com","Julia AC_A 1285, General time entry Testing 29091756 29091756@sittest.com","0000000000","HPWO00091596","","99748682",""
"C1","29091756","","Approved","29/07/2021","S-010122548.0001","C128599951","ANALYST|Non-Billable","","20180601","","","","8.00","Straight Time","92564","","","C1 WBS","","","","","","","","WBS","ST","","","1285","20180601","6db58ac1-668b-4a82-8660-2b2b98608480","Agency Contractor","24/07/2021 - 30/07/2021","","29091756@sittest.com","Julia AC_A 1285, General time entry Testing 29091756 29091756@sittest.com","0000000000","HPWO00091596","","99748682",""
"C1","29091756","","Approved","30/07/2021","S-010122548.0001","C128599951","ANALYST|Non-Billable","","20180601","","","","9.00","Straight Time","92563","","","C1 WBS","","","","","","","","WBS","ST","","","1285","20180601","0306d9ee-96f4-4349-b863-51e358c8a4d1","Agency Contractor","24/07/2021 - 30/07/2021","","29091756@sittest.com","Julia AC_A 1285, General time entry Testing 29091756 29091756@sittest.com","0000000000","HPWO00091596","","99748682",""
"C1","29091756","","Approved","31/07/2021","S-010122548.0001","C128599951","ANALYST|Billable","","20180601","","","","10.00","Straight Time","92561","","","C1 WBS","","","","","","","","WBS","ST","","","1285","20180601","344d3e94-7fe6-4e57-92d6-f422fdbcb1d7","Agency Contractor","31/07/2021 - 06/08/2021","","29091756@sittest.com","Julia AC_A 1285, General time entry Testing 29091756 29091756@sittest.com","0000000000","HPWO00091596","","99748682",""
"C1","29091756","","Approved","01/08/2021","S-010122548.0001","C128599951","ANALYST|Billable","","20180601","","","","11.00","Straight Time","92560","","","C1 WBS","","","","","","","","WBS","ST","","","1285","20180601","1a450a36-2a31-43f8-b81b-ac101956b882","Agency Contractor","31/07/2021 - 06/08/2021","","29091756@sittest.com","Julia AC_A 1285, General time entry Testing 29091756 29091756@sittest.com","0000000000","HPWO00091596","","99748682",""
"C1","29091756","","Approved","02/08/2021","S-010122548.0001","C128599951","ANALYST|Billable","","20180601","","","","1.00","Overtime","100068","","","C1 WBS","","","","","","","","WBS","ST","","","1285","20180601","d2de3ed3-2892-436d-b4e0-1651039382b6","Agency Contractor","31/07/2021 - 06/08/2021","","29091756@sittest.com","Julia AC_A 1285, General time entry Testing 29091756 29091756@sittest.com","0000000000","HPWO00091596","","99748682",""
"C1","29091756","","Approved","02/08/2021","S-010122548.0001","C128599951","ANALYST|Billable","","20180601","","","","12.00","Straight Time","92559","","","C1 WBS","","","","","","","","WBS","ST","","","1285","20180601","27e64f4c-2cbf-4f21-bd7b-df7a947544a9","Agency Contractor","31/07/2021 - 06/08/2021","","29091756@sittest.com","Julia AC_A 1285, General time entry Testing 29091756 29091756@sittest.com","0000000000","HPWO00091596","","99748682",""
"C1","29091756","","Approved","03/08/2021","S-010122548.0001","C128599951","ANALYST|Billable","","20180601","","","","1.00","Overtime","100069","","","C1 WBS","","","","","","","","WBS","ST","","","1285","20180601","70cc356a-8cda-4a13-892a-e07a5b665498","Agency Contractor","31/07/2021 - 06/08/2021","","29091756@sittest.com","Julia AC_A 1285, General time entry Testing 29091756 29091756@sittest.com","0000000000","HPWO00091596","","99748682",""
"C1","29091756","","Approved","03/08/2021","S-010122548.0001","C128599951","ANALYST|Billable","","20180601","","","","13.00","Straight Time","92558","","","C1 WBS","","","","","","","","WBS","ST","","","1285","20180601","fe3f7d06-380d-451f-88ba-99dee7f3872a","Agency Contractor","31/07/2021 - 06/08/2021","","29091756@sittest.com","Julia AC_A 1285, General time entry Testing 29091756 29091756@sittest.com","0000000000","HPWO00091596","","99748682",""
"C1","29091756","","Approved","04/08/2021","S-010122548.0001","C128599951","ANALYST|Billable","","20180601","","","","1.00","Overtime","100070","","","C1 WBS","","","","","","","","WBS","ST","","","1285","20180601","6c506c23-fd66-4cc8-b076-db422e094db6","Agency Contractor","31/07/2021 - 06/08/2021","","29091756@sittest.com","Julia AC_A 1285, General time entry Testing 29091756 29091756@sittest.com","0000000000","HPWO00091596","","99748682",""
"C1","29091756","","Approved","04/08/2021","S-010122548.0001","C128599951","ANALYST|Billable","","20180601","","","","14.00","Straight Time","92557","","","C1 WBS","","","","","","","","WBS","ST","","","1285","20180601","af731f56-4cf7-4171-9ede-f32c8f11add3","Agency Contractor","31/07/2021 - 06/08/2021","","29091756@sittest.com","Julia AC_A 1285, General time entry Testing 29091756 29091756@sittest.com","0000000000","HPWO00091596","","99748682",""
"C1","29091756","","Approved","05/08/2021","S-010122548.0001","C128599951","ANALYST|Billable","","20180601","","","","1.00","Overtime","100071","","","C1 WBS","","","","","","","","WBS","ST","","","1285","20180601","71e18972-8d0c-4802-803e-8a76d586642a","Agency Contractor","31/07/2021 - 06/08/2021","","29091756@sittest.com","Julia AC_A 1285, General time entry Testing 29091756 29091756@sittest.com","0000000000","HPWO00091596","","99748682",""
"C1","29091756","","Approved","05/08/2021","S-010122548.0001","C128599951","ANALYST|Billable","","20180601","","","","2.00","Straight Time","100067","","","C1 WBS","","","","","","","","WBS","ST","","","1285","20180601","b397f070-1c41-4528-9d5a-60710fe05b87","Agency Contractor","31/07/2021 - 06/08/2021","","29091756@sittest.com","Julia AC_A 1285, General time entry Testing 29091756 29091756@sittest.com","0000000000","HPWO00091596","","99748682",""
"C1","29091756","","Approved","06/08/2021","S-010122548.0001","C128599951","ANALYST|Billable","","20180601","","","","1.00","Overtime","100072","","","C1 WBS","","","","","","","","WBS","ST","","","1285","20180601","86e11e4b-df03-4505-a5e2-787c9db64e45","Agency Contractor","31/07/2021 - 06/08/2021","","29091756@sittest.com","Julia AC_A 1285, General time entry Testing 29091756 29091756@sittest.com","0000000000","HPWO00091596","","99748682",""
"C1","29091756","","Approved","14/08/2021","S-010122548.0001","C128599951","ANALYST|Billable","","20180601","","","","0.00","Straight Time","100018","","","C1 WBS","","","","","","","","WBS","ST","","","1285","20180601","e21eab17-72ea-4bfb-be47-e2261c69bf32","Agency Contractor","14/08/2021 - 20/08/2021","","29091756@sittest.com","Julia AC_A 1285, General time entry Testing 29091756 29091756@sittest.com","0000000000","HPWO00091596","","99748682",""
"C1","29091756","","Approved","16/08/2021","S-010122548.0001","C128599951","ANALYST|Billable","","20180601","","","","1.00","Overtime","100029","","","C1 WBS","","","","","","","","WBS","ST","","","1285","20180601","576512e6-1dac-4b35-b5e0-bee1f08a6a1a","Agency Contractor","14/08/2021 - 20/08/2021","","29091756@sittest.com","Julia AC_A 1285, General time entry Testing 29091756 29091756@sittest.com","0000000000","HPWO00091596","","99748682",""
"C1","29091756","","Approved","16/08/2021","S-010122548.0001","C128599951","ANALYST|Billable","","20180601","","","","2.00","Double Time","100024","","","C1 WBS","","","","","","","","WBS","ST","","","1285","20180601","ab4d0b8e-d710-462c-b886-8ca85fca32e9","Agency Contractor","14/08/2021 - 20/08/2021","","29091756@sittest.com","Julia AC_A 1285, General time entry Testing 29091756 29091756@sittest.com","0000000000","HPWO00091596","","99748682",""
"C1","29091756","","Approved","16/08/2021","S-010122548.0001","C128599951","ANALYST|Billable","","20180601","","","","8.00","Straight Time","100019","","","C1 WBS","","","","","","","","WBS","ST","","","1285","20180601","30315858-87ff-477d-98c5-8cae4dc55778","Agency Contractor","14/08/2021 - 20/08/2021","","29091756@sittest.com","Julia AC_A 1285, General time entry Testing 29091756 29091756@sittest.com","0000000000","HPWO00091596","","99748682",""
"C1","29091756","","Approved","17/08/2021","S-010122548.0001","C128599951","ANALYST|Billable","","20180601","","","","1.00","Overtime","100030","","","C1 WBS","","","","","","","","WBS","ST","","","1285","20180601","fab8ddce-6aae-4d30-b448-693df9f8171b","Agency Contractor","14/08/2021 - 20/08/2021","","29091756@sittest.com","Julia AC_A 1285, General time entry Testing 29091756 29091756@sittest.com","0000000000","HPWO00091596","","99748682",""
"C1","29091756","","Approved","17/08/2021","S-010122548.0001","C128599951","ANALYST|Billable","","20180601","","","","2.00","Double Time","100025","","","C1 WBS","","","","","","","","WBS","ST","","","1285","20180601","6335c959-1f4a-4fc3-a575-6348926c7563","Agency Contractor","14/08/2021 - 20/08/2021","","29091756@sittest.com","Julia AC_A 1285, General time entry Testing 29091756 29091756@sittest.com","0000000000","HPWO00091596","","99748682",""
"C1","29091756","","Approved","17/08/2021","S-010122548.0001","C128599951","ANALYST|Billable","","20180601","","","","8.00","Straight Time","100020","","","C1 WBS","","","","","","","","WBS","ST","","","1285","20180601","b6083e6a-75d2-4dfe-bb9a-0b7785088cb2","Agency Contractor","14/08/2021 - 20/08/2021","","29091756@sittest.com","Julia AC_A 1285, General time entry Testing 29091756 29091756@sittest.com","0000000000","HPWO00091596","","99748682",""
"C1","29091756","","Approved","18/08/2021","S-010122548.0001","C128599951","ANALYST|Billable","","20180601","","","","1.00","Overtime","100031","","","C1 WBS","","","","","","","","WBS","ST","","","1285","20180601","7a6fe173-8826-4651-a6c9-3fcf62d34cda","Agency Contractor","14/08/2021 - 20/08/2021","","29091756@sittest.com","Julia AC_A 1285, General time entry Testing 29091756 29091756@sittest.com","0000000000","HPWO00091596","","99748682",""
"C1","29091756","","Approved","18/08/2021","S-010122548.0001","C128599951","ANALYST|Billable","","20180601","","","","2.00","Double Time","100026","","","C1 WBS","","","","","","","","WBS","ST","","","1285","20180601","9d1d4c52-fe4f-44d7-bbe3-efadfefaf30c","Agency Contractor","14/08/2021 - 20/08/2021","","29091756@sittest.com","Julia AC_A 1285, General time entry Testing 29091756 29091756@sittest.com","0000000000","HPWO00091596","","99748682",""
"C1","29091756","","Approved","18/08/2021","S-010122548.0001","C128599951","ANALYST|Billable","","20180601","","","","8.00","Straight Time","100021","","","C1 WBS","","","","","","","","WBS","ST","","","1285","20180601","56bb858a-ac7f-4b9b-8ac1-7e91df0974c9","Agency Contractor","14/08/2021 - 20/08/2021","","29091756@sittest.com","Julia AC_A 1285, General time entry Testing 29091756 29091756@sittest.com","0000000000","HPWO00091596","","99748682",""
"C1","29091756","","Approved","19/08/2021","S-010122548.0001","C128599951","ANALYST|Billable","","20180601","","","","1.00","Overtime","100032","","","C1 WBS","","","","","","","","WBS","ST","","","1285","20180601","2639cbbd-e6c3-424f-98c1-36db035decac","Agency Contractor","14/08/2021 - 20/08/2021","","29091756@sittest.com","Julia AC_A 1285, General time entry Testing 29091756 29091756@sittest.com","0000000000","HPWO00091596","","99748682",""
"C1","29091756","","Approved","19/08/2021","S-010122548.0001","C128599951","ANALYST|Billable","","20180601","","","","2.00","Double Time","100027","","","C1 WBS","","","","","","","","WBS","ST","","","1285","20180601","5107094b-e393-4225-9bef-2cedeb192e3e","Agency Contractor","14/08/2021 - 20/08/2021","","29091756@sittest.com","Julia AC_A 1285, General time entry Testing 29091756 29091756@sittest.com","0000000000","HPWO00091596","","99748682",""
"C1","29091756","","Approved","19/08/2021","S-010122548.0001","C128599951","ANALYST|Billable","","20180601","","","","8.00","Straight Time","100022","","","C1 WBS","","","","","","","","WBS","ST","","","1285","20180601","86be4b5b-a9a4-4dc8-bc55-02026c0eb99a","Agency Contractor","14/08/2021 - 20/08/2021","","29091756@sittest.com","Julia AC_A 1285, General time entry Testing 29091756 29091756@sittest.com","0000000000","HPWO00091596","","99748682",""
"C1","29091756","","Approved","20/08/2021","S-010122548.0001","C128599951","ANALYST|Billable","","20180601","","","","1.00","Overtime","100033","","","C1 WBS","","","","","","","","WBS","ST","","","1285","20180601","120c1f70-9dbf-4f4a-b925-6b0db136bb53","Agency Contractor","14/08/2021 - 20/08/2021","","29091756@sittest.com","Julia AC_A 1285, General time entry Testing 29091756 29091756@sittest.com","0000000000","HPWO00091596","","99748682",""
"C1","29091756","","Approved","20/08/2021","S-010122548.0001","C128599951","ANALYST|Billable","","20180601","","","","2.00","Double Time","100028","","","C1 WBS","","","","","","","","WBS","ST","","","1285","20180601","48f3fb8d-784b-4da0-a464-c076f0176254","Agency Contractor","14/08/2021 - 20/08/2021","","29091756@sittest.com","Julia AC_A 1285, General time entry Testing 29091756 29091756@sittest.com","0000000000","HPWO00091596","","99748682",""
"C1","29091756","","Approved","20/08/2021","S-010122548.0001","C128599951","ANALYST|Billable","","20180601","","","","8.00","Straight Time","100023","","","C1 WBS","","","","","","","","WBS","ST","","","1285","20180601","873a4e86-f2fd-4682-98d8-baea28fa0274","Agency Contractor","14/08/2021 - 20/08/2021","","29091756@sittest.com","Julia AC_A 1285, General time entry Testing 29091756 29091756@sittest.com","0000000000","HPWO00091596","","99748682",""
"C1","29091758","99748684","Approved","26/07/2021","E-092016571.0010","C128599951","","","REPLICON1","","","","8.00","Straight Time","92718","","","C1 WBS","","","","","","","","WBS","ES","","","1285","REPLICON1","0cb05fe6-e67a-448e-973e-1e4dd88ab2aa","Agency Contractor","24/07/2021 - 30/07/2021","","29091758@sittest.com","Veena AC_A 1285, IWO Testing A 29091758 29091758@sittest.com","US1-V0013.03","HPWO00091598","","99748684",""
"C1","29091758","99748684","Approved","27/07/2021","E-092016571.0010","C128599951","","","REPLICON1","","","","8.00","Straight Time","92719","","","C1 WBS","","","","","","","","WBS","ES","","","1285","REPLICON1","7dfcf4f2-1e9a-4590-aaa5-cf8bf366f913","Agency Contractor","24/07/2021 - 30/07/2021","","29091758@sittest.com","Veena AC_A 1285, IWO Testing A 29091758 29091758@sittest.com","US1-V0013.03","HPWO00091598","","99748684",""
"C1","29091758","99748684","Approved","28/07/2021","E-092016571.0010","C128599951","","","REPLICON1","","","","8.00","Straight Time","92720","","","C1 WBS","","","","","","","","WBS","ES","","","1285","REPLICON1","5e459432-6b26-4827-87ab-86c7a679b18f","Agency Contractor","24/07/2021 - 30/07/2021","","29091758@sittest.com","Veena AC_A 1285, IWO Testing A 29091758 29091758@sittest.com","US1-V0013.03","HPWO00091598","","99748684",""
"C1","29091758","99748684","Approved","29/07/2021","E-092016571.0010","C128599951","","","REPLICON1","","","","8.00","Straight Time","92721","","","C1 WBS","","","","","","","","WBS","ES","","","1285","REPLICON1","3a6d0e99-b74b-445b-bab6-2e35242aea13","Agency Contractor","24/07/2021 - 30/07/2021","","29091758@sittest.com","Veena AC_A 1285, IWO Testing A 29091758 29091758@sittest.com","US1-V0013.03","HPWO00091598","","99748684",""
"C1","29091758","99748684","Approved","30/07/2021","E-092016571.0010","C128599951","","","REPLICON1","","","","8.00","Straight Time","92722","","","C1 WBS","","","","","","","","WBS","ES","","","1285","REPLICON1","af46ad7f-ff05-4b97-89be-b4d5662a98bc","Agency Contractor","24/07/2021 - 30/07/2021","","29091758@sittest.com","Veena AC_A 1285, IWO Testing A 29091758 29091758@sittest.com","US1-V0013.03","HPWO00091598","","99748684",""
"C1","29091758","99748684","Approved","03/08/2021","E-092016571.0010","C128599951","","","REPLICON1","","","","5.00","Straight Time","94740","","","C1 WBS","","","","","","","","WBS","ES","","","1285","REPLICON1","019a1f2f-66d2-4e80-80d4-a54e17bb4218","Agency Contractor","31/07/2021 - 06/08/2021","","29091758@sittest.com","Veena AC_A 1285, IWO Testing A 29091758 29091758@sittest.com","US1-V0013.03","HPWO00091598","","99748684",""
"C1","29091758","99748684","Approved","04/08/2021","E-092016571.0010","C128599951","","","REPLICON1","","","","4.00","Straight Time","94741","","","C1 WBS","","","","","","","","WBS","ES","","","1285","REPLICON1","d531612f-100b-4a28-b22f-026a15716bb2","Agency Contractor","31/07/2021 - 06/08/2021","","29091758@sittest.com","Veena AC_A 1285, IWO Testing A 29091758 29091758@sittest.com","US1-V0013.03","HPWO00091598","","99748684",""
"C1","29091758","99748684","Approved","09/08/2021","E-092016571.0010","C128599951","","","REPLICON1","","","","8.00","Straight Time","95716","","","C1 WBS","","","","","","","","WBS","ES","","","1285","REPLICON1","6aeb4160-28f7-4d77-a9db-def47256b0c4","Agency Contractor","07/08/2021 - 13/08/2021","","29091758@sittest.com","Veena AC_A 1285, IWO Testing A 29091758 29091758@sittest.com","US1-V0013.03","HPWO00091598","","99748684",""
"C1","29091758","99748684","Approved","10/08/2021","E-092016571.0010","C128599951","","","REPLICON1","","","","8.00","Straight Time","95717","","","C1 WBS","","","","","","","","WBS","ES","","","1285","REPLICON1","819cb544-f9fe-4f3f-97a4-b7a4b042e0d6","Agency Contractor","07/08/2021 - 13/08/2021","","29091758@sittest.com","Veena AC_A 1285, IWO Testing A 29091758 29091758@sittest.com","US1-V0013.03","HPWO00091598","","99748684",""
"C1","29091758","99748684","Approved","11/08/2021","E-092016571.0010","C128599951","","","REPLICON1","","","","8.00","Straight Time","95718","","","C1 WBS","","","","","","","","WBS","ES","","","1285","REPLICON1","63627432-d4d7-4e41-8f2c-e2cbc9343af4","Agency Contractor","07/08/2021 - 13/08/2021","","29091758@sittest.com","Veena AC_A 1285, IWO Testing A 29091758 29091758@sittest.com","US1-V0013.03","HPWO00091598","","99748684",""
"C1","29091758","99748684","Approved","16/08/2021","E-092016571.0010","C128599951","","","REPLICON1","","","","5.00","Straight Time","96990","","PTA","C1 WBS","","","","","","","","WBS","ES","","","1285","REPLICON1","b2e339ec-770b-46fc-b195-f694ac83957d","Agency Contractor","14/08/2021 - 20/08/2021","","29091758@sittest.com","Veena AC_A 1285, IWO Testing A 29091758 29091758@sittest.com","US1-V0013.03","HPWO00091598","","99748684",""
"C1","29091758","99748684","Approved","23/08/2021","R-010124250.0010","C128599951","CONSULTANT|Billable","","T1","","","","4.00","Straight Time","101035","","","C1 WBS","","","","","","","","WBS","RV","","","1285","T1","e6f0d10f-ecf3-4810-b406-7bcb7b74d561","Agency Contractor","21/08/2021 - 27/08/2021","","29091758@sittest.com","Veena AC_A 1285, IWO Testing A 29091758 29091758@sittest.com","","HPWO00091598","","99748684",""
"C1","29091758","99748684","Approved","23/08/2021","R-010124250.0010","C128599951","SENIORDBAOT|Billable","","T1","","","","4.00","Straight Time","101037","","","C1 WBS","","","","","","","","WBS","RV","","","1285","T1","ce627557-bd9c-4b75-9bac-37c9a60ca62c","Agency Contractor","21/08/2021 - 27/08/2021","","29091758@sittest.com","Veena AC_A 1285, IWO Testing A 29091758 29091758@sittest.com","","HPWO00091598","","99748684",""
"C1","29091758","99748684","Approved","24/08/2021","R-010124250.0010","C128599951","CONSULTANT|Billable","","T1","","","","4.00","Straight Time","101036","","","C1 WBS","","","","","","","","WBS","RV","","","1285","T1","390ace91-5c7e-414d-b0c6-fc64f1baa771","Agency Contractor","21/08/2021 - 27/08/2021","","29091758@sittest.com","Veena AC_A 1285, IWO Testing A 29091758 29091758@sittest.com","","HPWO00091598","","99748684",""
"C1","29091758","99748684","Approved","24/08/2021","R-010124250.0010","C128599951","SENIORDBAOT|Billable","","T1","","","","4.00","Straight Time","101038","","","C1 WBS","","","","","","","","WBS","RV","","","1285","T1","303d6e63-61d6-48cd-80b7-037b6d34f59a","Agency Contractor","21/08/2021 - 27/08/2021","","29091758@sittest.com","Veena AC_A 1285, IWO Testing A 29091758 29091758@sittest.com","","HPWO00091598","","99748684",""
"C1","29091758","99748684","Approved","30/08/2021","4083920","C128599951","LEGACY BILLING|Billable","","","","","","8.00","Straight Time","101047","","","C1 WBS","","","","","","","","SO","GB","","R-010020383.0004","1285","","0a8a9c24-5c4b-4d94-bd96-87568b21679e","Agency Contractor","28/08/2021 - 03/09/2021","","29091758@sittest.com","Veena AC_A 1285, IWO Testing A 29091758 29091758@sittest.com","","HPWO00091598","","99748684",""
"C1","29091758","99748684","Approved","31/08/2021","4083920","C128599951","LEGACY BILLING|Billable","","","","","","8.00","Straight Time","101048","","","C1 WBS","","","","","","","","SO","GB","","R-010020383.0004","1285","","95058ea6-bb12-478f-8048-927c5c6d3584","Agency Contractor","28/08/2021 - 03/09/2021","","29091758@sittest.com","Veena AC_A 1285, IWO Testing A 29091758 29091758@sittest.com","","HPWO00091598","","99748684",""
"C1","29091758","99748684","Approved","06/09/2021","R-010124250.0010","C128599951","CONSULTANT|Billable","","T1","","","","8.00","Straight Time","101028","","","C1 WBS","","","","","","","","WBS","RV","","","1285","T1","f7eb237d-c481-4764-a56b-5bad78ded2d3","Agency Contractor","04/09/2021 - 10/09/2021","","29091758@sittest.com","Veena AC_A 1285, IWO Testing A 29091758 29091758@sittest.com","","HPWO00091598","","99748684",""
"C1","29091758","99748684","Approved","07/09/2021","R-010124250.0010","C128599951","CONSULTANT|Billable","","T1","","","","8.00","Straight Time","101029","","","C1 WBS","","","","","","","","WBS","RV","","","1285","T1","e94eea32-ee32-44cb-a7d2-4d2ef7000465","Agency Contractor","04/09/2021 - 10/09/2021","","29091758@sittest.com","Veena AC_A 1285, IWO Testing A 29091758 29091758@sittest.com","","HPWO00091598","","99748684",""
"C1","29091758","99748684","Approved","08/09/2021","R-010124250.0010","C128599951","CONSULTANT|Billable","","T1","","","","8.00","Straight Time","101052","","","C1 WBS","","","","","","","","WBS","RV","","","1285","T1","ecda5557-5ce3-4863-b1c6-d2a24c255281","Agency Contractor","04/09/2021 - 10/09/2021","","29091758@sittest.com","Veena AC_A 1285, IWO Testing A 29091758 29091758@sittest.com","","HPWO00091598","","99748684",""
"C1","29091758","99748684","Approved","09/09/2021","R-010124250.0010","C128599951","CONSULTANT|Billable","","T1","","","","8.00","Straight Time","101053","","","C1 WBS","","","","","","","","WBS","RV","","","1285","T1","5c6da9e7-c7be-4405-a5a9-1082e2807d46","Agency Contractor","04/09/2021 - 10/09/2021","","29091758@sittest.com","Veena AC_A 1285, IWO Testing A 29091758 29091758@sittest.com","","HPWO00091598","","99748684",""
"C1","29091758","99748684","Approved","10/09/2021","R-010124250.0010","C128599951","CONSULTANT|Billable","","T1","","","","8.00","Straight Time","101054","","","C1 WBS","","","","","","","","WBS","RV","","","1285","T1","7d5dd384-6add-4e76-adb7-74d4bdb3a194","Agency Contractor","04/09/2021 - 10/09/2021","","29091758@sittest.com","Veena AC_A 1285, IWO Testing A 29091758 29091758@sittest.com","","HPWO00091598","","99748684",""
"C1","29091778","","Approved","26/07/2021","R-010124325.0010","C157199951","APPDEV|Billable","","T1_RELEASE_A","","","","4.00","Straight Time","90600","","","C1 WBS","","","","","","","","WBS","RV","","","1571","T1_RELEASE_A","b59a55df-7950-4208-a018-4582264b99a0","Agency Contractor","24/07/2021 - 30/07/2021","","29091778@sittest.com","Julia AC_A 1571, Retroactive Termination 29091778 29091778@sittest.com","","HPWO00091618","","99748704",""
"C1","29091778","","Approved","26/07/2021","R-010124332.0010","C157199951","APPDEV|Billable","","","","","","4.00","Straight Time","90697","","","C1 WBS","","","","","","","","WBS","RV","","","1571","","23dbffcc-b1c0-448a-8662-38a332e8f326","Agency Contractor","24/07/2021 - 30/07/2021","","29091778@sittest.com","Julia AC_A 1571, Retroactive Termination 29091778 29091778@sittest.com","","HPWO00091618","","99748704",""
"C1","29091778","","Approved","27/07/2021","R-010124325.0010","C157199951","APPDEV|Billable","","T1_RELEASE_A","","","","4.00","Straight Time","90601","","","C1 WBS","","","","","","","","WBS","RV","","","1571","T1_RELEASE_A","262fd3a0-80ea-4c74-a4e3-7a0808399dd1","Agency Contractor","24/07/2021 - 30/07/2021","","29091778@sittest.com","Julia AC_A 1571, Retroactive Termination 29091778 29091778@sittest.com","","HPWO00091618","","99748704",""
"C1","29091778","","Approved","27/07/2021","R-010124332.0010","C157199951","APPDEV|Billable","","","","","","4.00","Straight Time","90698","","","C1 WBS","","","","","","","","WBS","RV","","","1571","","769b98f3-ff52-4489-b20c-520d6d65dffb","Agency Contractor","24/07/2021 - 30/07/2021","","29091778@sittest.com","Julia AC_A 1571, Retroactive Termination 29091778 29091778@sittest.com","","HPWO00091618","","99748704",""
"C1","29091778","","Approved","28/07/2021","R-010124325.0010","C157199951","APPDEV|Billable","","T1_RELEASE_A","","","","4.00","Straight Time","90602","","","C1 WBS","","","","","","","","WBS","RV","","","1571","T1_RELEASE_A","d7032e37-2eb8-47dc-be4e-8a6c64fc9f60","Agency Contractor","24/07/2021 - 30/07/2021","","29091778@sittest.com","Julia AC_A 1571, Retroactive Termination 29091778 29091778@sittest.com","","HPWO00091618","","99748704",""
"C1","29091778","","Approved","28/07/2021","R-010124332.0010","C157199951","APPDEV|Billable","","","","","","4.00","Straight Time","90699","","","C1 WBS","","","","","","","","WBS","RV","","","1571","","ccfc40b8-725d-4720-96df-91ac9c768b24","Agency Contractor","24/07/2021 - 30/07/2021","","29091778@sittest.com","Julia AC_A 1571, Retroactive Termination 29091778 29091778@sittest.com","","HPWO00091618","","99748704",""
"C1","29091778","","Approved","29/07/2021","R-010124325.0010","C157199951","APPDEV|Billable","","T1_RELEASE_A","","","","4.00","Straight Time","90603","","","C1 WBS","","","","","","","","WBS","RV","","","1571","T1_RELEASE_A","535b464e-5011-4bd9-b3ac-f5db541cb297","Agency Contractor","24/07/2021 - 30/07/2021","","29091778@sittest.com","Julia AC_A 1571, Retroactive Termination 29091778 29091778@sittest.com","","HPWO00091618","","99748704",""
"C1","29091778","","Approved","29/07/2021","R-010124332.0010","C157199951","APPDEV|Billable","","","","","","4.00","Straight Time","90700","","","C1 WBS","","","","","","","","WBS","RV","","","1571","","3a064730-2b29-40da-87c7-14cadf8b6eac","Agency Contractor","24/07/2021 - 30/07/2021","","29091778@sittest.com","Julia AC_A 1571, Retroactive Termination 29091778 29091778@sittest.com","","HPWO00091618","","99748704",""
"C1","29091778","","Approved","30/07/2021","R-010124325.0010","C157199951","APPDEV|Billable","","T1_RELEASE_A","","","","4.00","Straight Time","90604","","","C1 WBS","","","","","","","","WBS","RV","","","1571","T1_RELEASE_A","7cb66351-47b8-4c4a-80d9-deb9350f6c35","Agency Contractor","24/07/2021 - 30/07/2021","","29091778@sittest.com","Julia AC_A 1571, Retroactive Termination 29091778 29091778@sittest.com","","HPWO00091618","","99748704",""
"C1","29091778","","Approved","30/07/2021","R-010124332.0010","C157199951","APPDEV|Billable","","","","","","4.00","Straight Time","90701","","","C1 WBS","","","","","","","","WBS","RV","","","1571","","fca28dd0-1a24-43cd-a4ef-a1ac923f2032","Agency Contractor","24/07/2021 - 30/07/2021","","29091778@sittest.com","Julia AC_A 1571, Retroactive Termination 29091778 29091778@sittest.com","","HPWO00091618","","99748704",""
"C1","29091778","","Approved","02/08/2021","R-010124325.0010","C157199951","APPDEV|Billable","","T1_RELEASE_A","","","","0.00","Straight Time","90605","","","C1 WBS","","","","","","","","WBS","RV","","","1571","T1_RELEASE_A","50cd5839-c9b7-4662-8ff7-6fe687087ef2","Agency Contractor","31/07/2021 - 06/08/2021","","29091778@sittest.com","Julia AC_A 1571, Retroactive Termination 29091778 29091778@sittest.com","","HPWO00091618","","99748704",""
"C1","29091778","","Approved","02/08/2021","R-010124325.0010","C157199951","APPDEV|Billable","","T1_RELEASE_A","","","","4.00","Straight Time","91812","","","C1 WBS","","","","","","","","WBS","RV","","","1571","T1_RELEASE_A","9f23756f-db73-4704-a0ac-9684720cdd2a","Agency Contractor","31/07/2021 - 06/08/2021","","29091778@sittest.com","Julia AC_A 1571, Retroactive Termination 29091778 29091778@sittest.com","","HPWO00091618","","99748704",""
"C1","29091778","","Approved","02/08/2021","R-010124332.0010","C157199951","APPDEV|Billable","","","","","","4.00","Straight Time","91806","","","C1 WBS","","","","","","","","WBS","RV","","","1571","","5795cc04-1ba0-46ec-b0db-4964ba954f05","Agency Contractor","31/07/2021 - 06/08/2021","","29091778@sittest.com","Julia AC_A 1571, Retroactive Termination 29091778 29091778@sittest.com","","HPWO00091618","","99748704",""
"C1","29091778","","Approved","03/08/2021","R-010124325.0010","C157199951","APPDEV|Billable","","T1_RELEASE_A","","","","0.00","Straight Time","90606","","","C1 WBS","","","","","","","","WBS","RV","","","1571","T1_RELEASE_A","f8bfe32c-6469-4fff-b11f-97d85ac88b72","Agency Contractor","31/07/2021 - 06/08/2021","","29091778@sittest.com","Julia AC_A 1571, Retroactive Termination 29091778 29091778@sittest.com","","HPWO00091618","","99748704",""
"C1","29091778","","Approved","03/08/2021","R-010124325.0010","C157199951","APPDEV|Billable","","T1_RELEASE_A","","","","0.00","Straight Time","91807","","","C1 WBS","","","","","","","","WBS","RV","","","1571","T1_RELEASE_A","724a4a83-b7c9-41bb-9239-49a0438767d2","Agency Contractor","31/07/2021 - 06/08/2021","","29091778@sittest.com","Julia AC_A 1571, Retroactive Termination 29091778 29091778@sittest.com","","HPWO00091618","","99748704",""
"C1","29091778","","Approved","03/08/2021","R-010124332.0010","C157199951","APPDEV|Billable","","","","","","8.00","Straight Time","91810","","PTA : Due to Overwrite WBS","C1 WBS","","","","","","","","WBS","RV","","","1571","","b592e13b-01ea-4559-a29f-9caa42a73642","Agency Contractor","31/07/2021 - 06/08/2021","","29091778@sittest.com","Julia AC_A 1571, Retroactive Termination 29091778 29091778@sittest.com","","HPWO00091618","","99748704",""
"C1","29091778","","Approved","04/08/2021","R-010124325.0010","C157199951","APPDEV|Billable","","T1_RELEASE_A","","","","0.00","Straight Time","90607","","","C1 WBS","","","","","","","","WBS","RV","","","1571","T1_RELEASE_A","334a5cf9-f30b-445f-a565-9e8134685a6a","Agency Contractor","31/07/2021 - 06/08/2021","","29091778@sittest.com","Julia AC_A 1571, Retroactive Termination 29091778 29091778@sittest.com","","HPWO00091618","","99748704",""
"C1","29091778","","Approved","04/08/2021","R-010124325.0010","C157199951","APPDEV|Billable","","T1_RELEASE_A","","","","4.00","Straight Time","91814","","","C1 WBS","","","","","","","","WBS","RV","","","1571","T1_RELEASE_A","d2477596-5687-4c4e-9853-f2aaaa0d6bbc","Agency Contractor","31/07/2021 - 06/08/2021","","29091778@sittest.com","Julia AC_A 1571, Retroactive Termination 29091778 29091778@sittest.com","","HPWO00091618","","99748704",""
"C1","29091778","","Approved","04/08/2021","R-010124332.0010","C157199951","APPDEV|Billable","","","","","","4.00","Straight Time","91813","","","C1 WBS","","","","","","","","WBS","RV","","","1571","","32e09399-6a9c-44ea-9456-b14d8c46a90c","Agency Contractor","31/07/2021 - 06/08/2021","","29091778@sittest.com","Julia AC_A 1571, Retroactive Termination 29091778 29091778@sittest.com","","HPWO00091618","","99748704",""
"C1","29091778","","Approved","05/08/2021","R-010124325.0010","C157199951","APPDEV|Billable","","T1_RELEASE_A","","","","0.00","Straight Time","90608","","","C1 WBS","","","","","","","","WBS","RV","","","1571","T1_RELEASE_A","f34bbde7-ea1e-481c-b64b-a59d6b04d813","Agency Contractor","31/07/2021 - 06/08/2021","","29091778@sittest.com","Julia AC_A 1571, Retroactive Termination 29091778 29091778@sittest.com","","HPWO00091618","","99748704",""
"C1","29091778","","Approved","05/08/2021","R-010124325.0010","C157199951","APPDEV|Billable","","T1_RELEASE_A","","","","4.00","Straight Time","91809","","","C1 WBS","","","","","","","","WBS","RV","","","1571","T1_RELEASE_A","df4313ec-20c2-4b71-882f-1f4a4156272e","Agency Contractor","31/07/2021 - 06/08/2021","","29091778@sittest.com","Julia AC_A 1571, Retroactive Termination 29091778 29091778@sittest.com","","HPWO00091618","","99748704",""
"C1","29091778","","Approved","05/08/2021","R-010124332.0010","C157199951","APPDEV|Billable","","","","","","4.00","Straight Time","91808","","","C1 WBS","","","","","","","","WBS","RV","","","1571","","8904aeaf-d087-4ce7-b6ba-c9a46fd7a3ca","Agency Contractor","31/07/2021 - 06/08/2021","","29091778@sittest.com","Julia AC_A 1571, Retroactive Termination 29091778 29091778@sittest.com","","HPWO00091618","","99748704",""
"C1","29091778","","Approved","06/08/2021","R-010124325.0010","C157199951","APPDEV|Billable","","T1_RELEASE_A","","","","0.00","Straight Time","90609","","","C1 WBS","","","","","","","","WBS","RV","","","1571","T1_RELEASE_A","e2d158bc-1be2-4b3d-bfc9-2c1a4ceb0e3a","Agency Contractor","31/07/2021 - 06/08/2021","","29091778@sittest.com","Julia AC_A 1571, Retroactive Termination 29091778 29091778@sittest.com","","HPWO00091618","","99748704",""
"C1","29091778","","Approved","06/08/2021","R-010124325.0010","C157199951","APPDEV|Billable","","T1_RELEASE_A","","","","4.00","Straight Time","91811","","","C1 WBS","","","","","","","","WBS","RV","","","1571","T1_RELEASE_A","3b24e0a3-ade0-4b67-b0f4-97a0f463fab5","Agency Contractor","31/07/2021 - 06/08/2021","","29091778@sittest.com","Julia AC_A 1571, Retroactive Termination 29091778 29091778@sittest.com","","HPWO00091618","","99748704",""
"C1","29091778","","Approved","06/08/2021","R-010124332.0010","C157199951","APPDEV|Billable","","","","","","4.00","Straight Time","91815","","","C1 WBS","","","","","","","","WBS","RV","","","1571","","6a0a1da4-5954-4468-8d91-89b497d961c3","Agency Contractor","31/07/2021 - 06/08/2021","","29091778@sittest.com","Julia AC_A 1571, Retroactive Termination 29091778 29091778@sittest.com","","HPWO00091618","","99748704",""
"C1","PRI01","","Approved","25/12/2020","","","","","","","","","8.00","","133050","100","","","","","","","","","Sick","","","","","1102","","","Agency Contractor","","Canada","Pritesh","Olwe, Pritesh (pritesh.olwe@replicon.com)","","","","",""
"C1","PRI01","","Approved","01/01/2021","","","","","","","","","8.00","","133084","265","","","","","","","","","Sick","","","","","1102","","","Agency Contractor","","Canada","Pritesh","Olwe, Pritesh (pritesh.olwe@replicon.com)","","","","",""
"C1","PRI01","","Approved","15/03/2021","AE1-BT100.10.01.01","","","","BT BASE-REGULAR","","1BCH","","2.00","","237","","","","","","","","","","","RO","","","S-111111.0070","1102","BT BASE-REGULAR","9ab43c5b-dfbf-41c7-96fc-3ca0f09a9939","Agency Contractor","15/03/2021 - 21/03/2021","Canada","Pritesh","Olwe, Pritesh (pritesh.olwe@replicon.com)","","","","",""
"C1","PRI01","","Approved","15/03/2021","AE1-PGBPO.30.55","","","","PG13P00489","","1BCH","","8.00","","242","","","","","","","","","","","","","","","1102","PG13P00489","d4f7a0f4-dc97-46c1-84b9-33da4f479085","Agency Contractor","15/03/2021 - 21/03/2021","Canada","Pritesh","Olwe, Pritesh (pritesh.olwe@replicon.com)","","","","",""
"C1","PRI01","","Approved","16/03/2021","AE1-BT100.10.01.01","","","","BT BASE-REGULAR","","1BCH","","8.00","","238","","","","","","","","","","","RO","","","S-111111.0070","1102","BT BASE-REGULAR","7c66be76-59cd-4ff2-8f37-f1d535439db0","Agency Contractor","15/03/2021 - 21/03/2021","Canada","Pritesh","Olwe, Pritesh (pritesh.olwe@replicon.com)","","","","",""
"C1","PRI01","","Approved","16/03/2021","AE1-PGBPO.30.55","","","","PG13P00489","","1BCH","","1.00","","243","","","","","","","","","","","","","","","1102","PG13P00489","1efb3559-5a8a-499c-9f50-e3991193d221","Agency Contractor","15/03/2021 - 21/03/2021","Canada","Pritesh","Olwe, Pritesh (pritesh.olwe@replicon.com)","","","","",""
"C1","PRI01","","Approved","17/03/2021","AE1-BT100.10.01.01","","","","BT BASE-REGULAR","","1BCH","","4.00","","239","","","","","","","","","","","RO","","","S-111111.0070","1102","BT BASE-REGULAR","8eea1c7b-860e-41fd-8dc4-3c853fbe8d71","Agency Contractor","15/03/2021 - 21/03/2021","Canada","Pritesh","Olwe, Pritesh (pritesh.olwe@replicon.com)","","","","",""
"C1","PRI01","","Approved","17/03/2021","AE1-PGBPO.30.55","","","","PG13P00489","","1BCH","","4.00","","246","","","","","","","","","","","","","","","1102","PG13P00489","b48b84e9-6f1e-451a-b305-db0e724424c1","Agency Contractor","15/03/2021 - 21/03/2021","Canada","Pritesh","Olwe, Pritesh (pritesh.olwe@replicon.com)","","","","",""
"C1","PRI01","","Approved","18/03/2021","AE1-BT100.10.01.01","","","","BT BASE-REGULAR","","1BCH","","8.00","","240","","","","","","","","","","","RO","","","S-111111.0070","1102","BT BASE-REGULAR","c208e4e9-3599-4c31-814c-5d77bcec707a","Agency Contractor","15/03/2021 - 21/03/2021","Canada","Pritesh","Olwe, Pritesh (pritesh.olwe@replicon.com)","","","","",""
"C1","PRI01","","Approved","18/03/2021","AE1-PGBPO.30.55","","","","PG13P00489","","1BCH","","1.00","","244","","","","","","","","","","","","","","","1102","PG13P00489","852c01ab-a8b6-4dad-8523-5d3262585862","Agency Contractor","15/03/2021 - 21/03/2021","Canada","Pritesh","Olwe, Pritesh (pritesh.olwe@replicon.com)","","","","",""
"C1","PRI01","","Approved","19/03/2021","AE1-BT100.10.01.01","","","","BT BASE-REGULAR","","1BCH","","8.00","","241","","","","","","","","","","","RO","","","S-111111.0070","1102","BT BASE-REGULAR","55b985d8-5814-482c-b639-4b6d5ceebbea","Agency Contractor","15/03/2021 - 21/03/2021","Canada","Pritesh","Olwe, Pritesh (pritesh.olwe@replicon.com)","","","","",""
"C1","PRI01","","Approved","19/03/2021","AE1-PGBPO.30.55","","","","PG13P00489","","1BCH","","1.00","","245","","","","","","","","","","","","","","","1102","PG13P00489","549c5962-cbd6-4ca0-8466-3298eee225f8","Agency Contractor","15/03/2021 - 21/03/2021","Canada","Pritesh","Olwe, Pritesh (pritesh.olwe@replicon.com)","","","","",""
"C1","PRI01","","Approved","12/04/2021","AE1-BT100.10.01.03","","WBS / SO Rate","","","","","","2.00","","6529","","","","","","","","","","","","","","","1102","","dd0758ea-2e0f-4229-980c-2ce38bd3a700","Agency Contractor","12/04/2021 - 18/04/2021","Canada","Pritesh","Olwe, Pritesh (pritesh.olwe@replicon.com)","","","","",""
"C1","PRI01","","Approved","13/04/2021","AE1-BT100.10.01.03","","WBS / SO Rate","","","","","","3.00","","6530","","","","","","","","","","","","","","","1102","","af4ba6ea-d0ad-4779-ba1b-bb09a10d2122","Agency Contractor","12/04/2021 - 18/04/2021","Canada","Pritesh","Olwe, Pritesh (pritesh.olwe@replicon.com)","","","","",""
"C1","PRI01","","Approved","14/04/2021","AE1-BT100.10.01.03","","WBS / SO Rate","","","","","","4.00","","6531","","","","","","","","","","","","","","","1102","","37e075c9-c876-4d39-b3c7-211c8ac35260","Agency Contractor","12/04/2021 - 18/04/2021","Canada","Pritesh","Olwe, Pritesh (pritesh.olwe@replicon.com)","","","","",""
"C1","PRI01","","Approved","19/04/2021","AE1-BT100.10.01.02","","WBS / SO Rate","","BT BASE-OT","","","","8.00","","5195","","","","","","","","","","","","","","","1102","BT BASE-OT","17ffd4f1-c4e1-4ca3-9ace-595644734b9d","Agency Contractor","19/04/2021 - 25/04/2021","Canada","Pritesh","Olwe, Pritesh (pritesh.olwe@replicon.com)","","","","",""
"C1","PRI01","","Approved","20/04/2021","AE1-BT100.10.01.02","","WBS / SO Rate","","BT BASE-OT","","","","8.00","","5196","","","","","","","","","","","","","","","1102","BT BASE-OT","4c49cbbd-286d-4f69-83ba-7325e3e3457a","Agency Contractor","19/04/2021 - 25/04/2021","Canada","Pritesh","Olwe, Pritesh (pritesh.olwe@replicon.com)","","","","",""
"C1","PRI01","","Approved","21/04/2021","AE1-PGA18.03.01","","WBS / SO Rate","","","","","","3.00","","6526","","","","","","","","","","","","","","","1102","","cb69f70a-2a8b-4a57-af19-3fff5c7910d7","Agency Contractor","19/04/2021 - 25/04/2021","Canada","Pritesh","Olwe, Pritesh (pritesh.olwe@replicon.com)","","","","",""
"C1","PRI01","","Approved","22/04/2021","AE1-PGA18.03.01","","WBS / SO Rate","","","","","","4.00","","6527","","","","","","","","","","","","","","","1102","","37b89c5e-4b8d-4105-84e2-e1e2395929f6","Agency Contractor","19/04/2021 - 25/04/2021","Canada","Pritesh","Olwe, Pritesh (pritesh.olwe@replicon.com)","","","","",""
"C1","PRI01","","Approved","23/04/2021","AE1-PGA18.03.01","","WBS / SO Rate","","","","","","6.00","","6528","","","","","","","","","","","","","","","1102","","de489dd1-ebbe-4254-907f-fa9d0be16fd9","Agency Contractor","19/04/2021 - 25/04/2021","Canada","Pritesh","Olwe, Pritesh (pritesh.olwe@replicon.com)","","","","",""
"COMPASS","20121994","","Approved","11/04/2022","DXC | Negative Hours C1","IDES500396","","","SO Test Task 1","","411","","5.00","","182465","","","C1 WBS","Opportunity","","","","","","","WBS","","X","","IDES","SO Test Task 1","903bcd30-e66e-48f8-b8c9-9f1d6449d8d4","Agency Contractor","09/04/2022 - 15/04/2022","Russia","test.stanly","Stanly, Test","","","","1234",""
"COMPASS","20121994","","Approved","11/04/2022","DXC | Negative Hours C1","IDES500396","","","SO Test Task 1","","PROJ","","2.00","","182522","","","C1 WBS","Opportunity","","","","","","","WBS","","X","","IDES","SO Test Task 1","21185598-3150-4170-9792-394ab8ad05ad","Agency Contractor","09/04/2022 - 15/04/2022","Russia","test.stanly","Stanly, Test","","","","1234",""
"COMPASS","20121994","","Approved","11/04/2022","DXC | Negative Hours C1","IDES500396","","","","","2MA1","","1.00","","182470","","","C1 WBS","","","","","","","","WBS","","X","","IDES","","cff0355c-ad51-4d69-8901-a7eb507bc392","Agency Contractor","09/04/2022 - 15/04/2022","Russia","test.stanly","Stanly, Test","","","","1234",""
"COMPASS","20121994","","Approved","12/04/2022","DXC | Negative Hours C1","IDES500396","","","SO Test Task 1","","411","","5.00","","182466","","","C1 WBS","Opportunity","","","","","","","WBS","","X","","IDES","SO Test Task 1","44458820-aef5-4ee8-a6df-238b4dfb28fe","Agency Contractor","09/04/2022 - 15/04/2022","Russia","test.stanly","Stanly, Test","","","","1234",""
"COMPASS","20121994","","Approved","12/04/2022","DXC | Negative Hours C1","IDES500396","","","SO Test Task 1","","PROJ","","2.00","","182523","","","C1 WBS","Opportunity","","","","","","","WBS","","X","","IDES","SO Test Task 1","be1c9fea-1ef2-4e64-8301-ac9ac265fefe","Agency Contractor","09/04/2022 - 15/04/2022","Russia","test.stanly","Stanly, Test","","","","1234",""
"COMPASS","20121994","","Approved","12/04/2022","DXC | Negative Hours C1","IDES500396","","","","","2MA1","","1.00","","182471","","","C1 WBS","","","","","","","","WBS","","X","","IDES","","3205e64a-1e67-4e52-aada-b806ab5b0436","Agency Contractor","09/04/2022 - 15/04/2022","Russia","test.stanly","Stanly, Test","","","","1234",""
"COMPASS","20121994","","Approved","13/04/2022","DXC | Negative Hours C1","IDES500396","","","SO Test Task 1","","411","","5.00","","182467","","","C1 WBS","Opportunity","","","","","","","WBS","","X","","IDES","SO Test Task 1","58083c20-bd27-48a3-8a99-64af83d02119","Agency Contractor","09/04/2022 - 15/04/2022","Russia","test.stanly","Stanly, Test","","","","1234",""
"COMPASS","20121994","","Approved","13/04/2022","DXC | Negative Hours C1","IDES500396","","","SO Test Task 1","","PROJ","","2.00","","182524","","","C1 WBS","Opportunity","","","","","","","WBS","","X","","IDES","SO Test Task 1","407fe211-ce71-4fc2-8e7b-3da86e2922ff","Agency Contractor","09/04/2022 - 15/04/2022","Russia","test.stanly","Stanly, Test","","","","1234",""
"COMPASS","20121994","","Approved","13/04/2022","DXC | Negative Hours C1","IDES500396","","","","","2MA1","","1.00","","182472","","","C1 WBS","","","","","","","","WBS","","X","","IDES","","9fe3431c-c2a2-4c82-b7e0-3524e236f2f3","Agency Contractor","09/04/2022 - 15/04/2022","Russia","test.stanly","Stanly, Test","","","","1234",""
"COMPASS","20121994","","Approved","14/04/2022","DXC | Negative Hours C1","IDES500396","","","SO Test Task 1","","411","","5.00","","182468","","","C1 WBS","Opportunity","","","","","","","WBS","","X","","IDES","SO Test Task 1","b0fd14bf-0d87-401c-b9f4-3e4a4502b110","Agency Contractor","09/04/2022 - 15/04/2022","Russia","test.stanly","Stanly, Test","","","","1234",""
"COMPASS","20121994","","Approved","14/04/2022","DXC | Negative Hours C1","IDES500396","","","SO Test Task 1","","PROJ","","2.00","","182525","","","C1 WBS","Opportunity","","","","","","","WBS","","X","","IDES","SO Test Task 1","870336aa-0e1f-4312-a537-c77b9881ecb4","Agency Contractor","09/04/2022 - 15/04/2022","Russia","test.stanly","Stanly, Test","","","","1234",""
"COMPASS","20121994","","Approved","14/04/2022","DXC | Negative Hours C1","IDES500396","","","","","2MA1","","1.00","","182473","","","C1 WBS","","","","","","","","WBS","","X","","IDES","","3c7da0e9-65e1-4bb8-918c-716d62e4b699","Agency Contractor","09/04/2022 - 15/04/2022","Russia","test.stanly","Stanly, Test","","","","1234",""
"COMPASS","20121994","","Approved","15/04/2022","DXC | Negative Hours C1","IDES500396","","","SO Test Task 1","","411","","5.00","","182469","","","C1 WBS","Opportunity","","","","","","","WBS","","X","","IDES","SO Test Task 1","02be8e22-2804-4d5a-a112-dc6af16c0739","Agency Contractor","09/04/2022 - 15/04/2022","Russia","test.stanly","Stanly, Test","","","","1234",""
"COMPASS","20121994","","Approved","15/04/2022","DXC | Negative Hours C1","IDES500396","","","SO Test Task 1","","PROJ","","2.00","","182526","","","C1 WBS","Opportunity","","","","","","","WBS","","X","","IDES","SO Test Task 1","b5fcc8e6-6ce7-447b-b05c-d59c2adca470","Agency Contractor","09/04/2022 - 15/04/2022","Russia","test.stanly","Stanly, Test","","","","1234",""
"COMPASS","20121994","","Approved","15/04/2022","DXC | Negative Hours C1","IDES500396","","","","","2MA1","","1.00","","182527","","","C1 WBS","","","","","","","","WBS","","X","","IDES","","f7087f2c-7738-4d47-a445-40d1bb2c6ba2","Agency Contractor","09/04/2022 - 15/04/2022","Russia","test.stanly","Stanly, Test","","","","1234",""
"COMPASS","20121994","","Approved","18/04/2022","DXC | Negative Hours C1","IDES500396","","","SO Test Task 1","","2MA1","","1.00","","182538","","","C1 WBS","Opportunity","","","","","","","WBS","","X","","IDES","SO Test Task 1","ab28d20c-0f10-48b2-8f27-a2a41e4097a0","Agency Contractor","16/04/2022 - 22/04/2022","Russia","test.stanly","Stanly, Test","","","","1234",""
"COMPASS","20121994","","Approved","18/04/2022","DXC | Negative Hours C1","IDES500396","","","SO Test Task 1","","401","","4.00","","182446","","","C1 WBS","Opportunity","","","","","","","WBS","","X","","IDES","SO Test Task 1","8a1f2a71-3bac-498b-a2fa-91db8ad00d88","Agency Contractor","16/04/2022 - 22/04/2022","Russia","test.stanly","Stanly, Test","","","","1234",""
"COMPASS","20121994","","Approved","18/04/2022","DXC | Negative Hours C1","IDES500396","","","SO Test Task 1","","414","","2.00","","182543","","","C1 WBS","Opportunity","","","","","","","WBS","","X","","IDES","SO Test Task 1","b2654d50-1833-42d8-94e5-17b7c6ba6cc4","Agency Contractor","16/04/2022 - 22/04/2022","Russia","test.stanly","Stanly, Test","","","","1234",""
"COMPASS","20121994","","Approved","18/04/2022","DXC | Negative Hours C1","IDES500396","","","SO Test Task 1","","499","","0.00","","182528","","","C1 WBS","Opportunity","","","","","","","WBS","","X","","IDES","SO Test Task 1","bbbc48a1-a0d6-4c01-9172-b9f392aa5536","Agency Contractor","16/04/2022 - 22/04/2022","Russia","test.stanly","Stanly, Test","","","","1234",""
"COMPASS","20121994","","Approved","18/04/2022","","IDES500396","","","","","499","","1.00","","182533","","","","","","","","","","","","","","","IDES","","3525ac1c-9696-4691-a705-a0b7e80d90e6","Agency Contractor","16/04/2022 - 22/04/2022","Russia","test.stanly","Stanly, Test","","","","1234",""
"COMPASS","20121994","","Approved","19/04/2022","DXC | Negative Hours C1","IDES500396","","","SO Test Task 1","","2MA1","","1.00","","182539","","","C1 WBS","Opportunity","","","","","","","WBS","","X","","IDES","SO Test Task 1","3aadf322-f7b7-44fe-bbba-28581aa06d53","Agency Contractor","16/04/2022 - 22/04/2022","Russia","test.stanly","Stanly, Test","","","","1234",""
"COMPASS","20121994","","Approved","19/04/2022","DXC | Negative Hours C1","IDES500396","","","SO Test Task 1","","401","","4.00","","182447","","","C1 WBS","Opportunity","","","","","","","WBS","","X","","IDES","SO Test Task 1","a06133b6-f426-44d9-85a5-7c2001c1cf99","Agency Contractor","16/04/2022 - 22/04/2022","Russia","test.stanly","Stanly, Test","","","","1234",""
"COMPASS","20121994","","Approved","19/04/2022","DXC | Negative Hours C1","IDES500396","","","SO Test Task 1","","414","","2.00","","182544","","","C1 WBS","Opportunity","","","","","","","WBS","","X","","IDES","SO Test Task 1","ac466317-ec8f-4c90-9d54-af7e839efa54","Agency Contractor","16/04/2022 - 22/04/2022","Russia","test.stanly","Stanly, Test","","","","1234",""
"COMPASS","20121994","","Approved","19/04/2022","DXC | Negative Hours C1","IDES500396","","","SO Test Task 1","","499","","0.00","","182529","","","C1 WBS","Opportunity","","","","","","","WBS","","X","","IDES","SO Test Task 1","f5765780-5083-4c09-8a33-5b847141b85c","Agency Contractor","16/04/2022 - 22/04/2022","Russia","test.stanly","Stanly, Test","","","","1234",""
"COMPASS","20121994","","Approved","19/04/2022","","IDES500396","","","","","499","","1.00","","182534","","","","","","","","","","","","","","","IDES","","0c557252-bec3-49ba-8824-d5196b9ab5b4","Agency Contractor","16/04/2022 - 22/04/2022","Russia","test.stanly","Stanly, Test","","","","1234",""
"COMPASS","20121994","","Approved","20/04/2022","DXC | Negative Hours C1","IDES500396","","","SO Test Task 1","","2MA1","","1.00","","182540","","","C1 WBS","Opportunity","","","","","","","WBS","","X","","IDES","SO Test Task 1","41aeb6f8-e4a5-4bab-bae6-c9828665c911","Agency Contractor","16/04/2022 - 22/04/2022","Russia","test.stanly","Stanly, Test","","","","1234",""
"COMPASS","20121994","","Approved","20/04/2022","DXC | Negative Hours C1","IDES500396","","","SO Test Task 1","","401","","4.00","","182448","","","C1 WBS","Opportunity","","","","","","","WBS","","X","","IDES","SO Test Task 1","7bde2df2-e48d-4437-abde-87ba1fc94e6b","Agency Contractor","16/04/2022 - 22/04/2022","Russia","test.stanly","Stanly, Test","","","","1234",""
"COMPASS","20121994","","Approved","20/04/2022","DXC | Negative Hours C1","IDES500396","","","SO Test Task 1","","414","","2.00","","182546","","","C1 WBS","Opportunity","","","","","","","WBS","","X","","IDES","SO Test Task 1","7bb924c3-7894-4f0a-b997-562099c809b5","Agency Contractor","16/04/2022 - 22/04/2022","Russia","test.stanly","Stanly, Test","","","","1234",""
"COMPASS","20121994","","Approved","20/04/2022","DXC | Negative Hours C1","IDES500396","","","SO Test Task 1","","499","","0.00","","182530","","","C1 WBS","Opportunity","","","","","","","WBS","","X","","IDES","SO Test Task 1","2119ecda-e095-40a4-b67f-39de05bd3e47","Agency Contractor","16/04/2022 - 22/04/2022","Russia","test.stanly","Stanly, Test","","","","1234",""
"COMPASS","20121994","","Approved","20/04/2022","","IDES500396","","","","","499","","1.00","","182535","","","","","","","","","","","","","","","IDES","","9bf6f283-3d0f-4ef9-bebb-41ad1d978408","Agency Contractor","16/04/2022 - 22/04/2022","Russia","test.stanly","Stanly, Test","","","","1234",""
"COMPASS","20121994","","Approved","21/04/2022","DXC | Negative Hours C1","IDES500396","","","SO Test Task 1","","2MA1","","1.00","","182541","","","C1 WBS","Opportunity","","","","","","","WBS","","X","","IDES","SO Test Task 1","4e7f9198-9d40-4c3b-a400-d84a8b72ce46","Agency Contractor","16/04/2022 - 22/04/2022","Russia","test.stanly","Stanly, Test","","","","1234",""
"COMPASS","20121994","","Approved","21/04/2022","DXC | Negative Hours C1","IDES500396","","","SO Test Task 1","","401","","4.00","","182449","","","C1 WBS","Opportunity","","","","","","","WBS","","X","","IDES","SO Test Task 1","96649111-a3f7-4eb8-a065-8945e545dfed","Agency Contractor","16/04/2022 - 22/04/2022","Russia","test.stanly","Stanly, Test","","","","1234",""
"COMPASS","20121994","","Approved","21/04/2022","DXC | Negative Hours C1","IDES500396","","","SO Test Task 1","","414","","2.00","","182545","","","C1 WBS","Opportunity","","","","","","","WBS","","X","","IDES","SO Test Task 1","29b3c0df-b12d-44e9-a64d-60dd57bf00c9","Agency Contractor","16/04/2022 - 22/04/2022","Russia","test.stanly","Stanly, Test","","","","1234",""
"COMPASS","20121994","","Approved","21/04/2022","DXC | Negative Hours C1","IDES500396","","","SO Test Task 1","","499","","0.00","","182531","","","C1 WBS","Opportunity","","","","","","","WBS","","X","","IDES","SO Test Task 1","d8c742e2-37bd-40fa-b5a5-7ecb8467d6cc","Agency Contractor","16/04/2022 - 22/04/2022","Russia","test.stanly","Stanly, Test","","","","1234",""
"COMPASS","20121994","","Approved","21/04/2022","","IDES500396","","","","","499","","1.00","","182537","","","","","","","","","","","","","","","IDES","","85de1084-b7b3-467f-bb14-d99f29004e30","Agency Contractor","16/04/2022 - 22/04/2022","Russia","test.stanly","Stanly, Test","","","","1234",""
"COMPASS","20121994","","Approved","22/04/2022","DXC | Negative Hours C1","IDES500396","","","SO Test Task 1","","2MA1","","1.00","","182542","","","C1 WBS","Opportunity","","","","","","","WBS","","X","","IDES","SO Test Task 1","7c0516af-953a-4f1f-98b0-cf82f778e838","Agency Contractor","16/04/2022 - 22/04/2022","Russia","test.stanly","Stanly, Test","","","","1234",""
"COMPASS","20121994","","Approved","22/04/2022","DXC | Negative Hours C1","IDES500396","","","SO Test Task 1","","401","","4.00","","182450","","","C1 WBS","Opportunity","","","","","","","WBS","","X","","IDES","SO Test Task 1","ce98a107-6755-4046-8c43-d0bf7b23c0bb","Agency Contractor","16/04/2022 - 22/04/2022","Russia","test.stanly","Stanly, Test","","","","1234",""
"COMPASS","20121994","","Approved","22/04/2022","DXC | Negative Hours C1","IDES500396","","","SO Test Task 1","","414","","1.00","","182547","","","C1 WBS","Opportunity","","","","","","","WBS","","X","","IDES","SO Test Task 1","b888510c-210e-4d50-aed4-125d5837506c","Agency Contractor","16/04/2022 - 22/04/2022","Russia","test.stanly","Stanly, Test","","","","1234",""
"COMPASS","20121994","","Approved","22/04/2022","DXC | Negative Hours C1","IDES500396","","","SO Test Task 1","","499","","0.00","","182532","","","C1 WBS","Opportunity","","","","","","","WBS","","X","","IDES","SO Test Task 1","1d8d8029-89b5-42dc-80db-cfc36189cf01","Agency Contractor","16/04/2022 - 22/04/2022","Russia","test.stanly","Stanly, Test","","","","1234",""
"COMPASS","20121994","","Approved","22/04/2022","","IDES500396","","","","","499","","2.00","","182536","","","","","","","","","","","","","","","IDES","","502d6672-4428-48e3-b3f5-858004e491d2","Agency Contractor","16/04/2022 - 22/04/2022","Russia","test.stanly","Stanly, Test","","","","1234",""
"COMPASS","20121994","","Approved","02/05/2022","DXC | Negative Hours C1","IDES500396","LEGACY BILLING|Billable","","SO Test Task 1","","411","","8.00","","188131","","","C1 WBS","Opportunity","","","","","","","WBS","","X","","IDES","SO Test Task 1","3e3c36f3-d962-4daf-9b96-e54322065fdc","Agency Contractor","30/04/2022 - 06/05/2022","Indonesia","test.stanly","Stanly, Test","","","","1234",""
"COMPASS","20121994","","Approved","03/05/2022","DXC | Negative Hours C1","IDES500396","LEGACY BILLING|Billable","","SO Test Task 1","","411","","8.00","","188132","","","C1 WBS","Opportunity","","","","","","","WBS","","X","","IDES","SO Test Task 1","c4227fe3-e52e-48ac-b6cb-7a475b5ed00a","Agency Contractor","30/04/2022 - 06/05/2022","Indonesia","test.stanly","Stanly, Test","","","","1234",""
"COMPASS","20121994","","Approved","04/05/2022","DXC | Negative Hours C1","IDES500396","LEGACY BILLING|Billable","","SO Test Task 1","","411","","8.00","","188133","","","C1 WBS","Opportunity","","","","","","","WBS","","X","","IDES","SO Test Task 1","0ca3e6a7-366e-4b7b-9e63-00075594880b","Agency Contractor","30/04/2022 - 06/05/2022","Indonesia","test.stanly","Stanly, Test","","","","1234",""
"COMPASS","20121994","","Approved","05/05/2022","DXC | Negative Hours C1","IDES500396","LEGACY BILLING|Billable","","SO Test Task 1","","411","","8.00","","188134","","","C1 WBS","Opportunity","","","","","","","WBS","","X","","IDES","SO Test Task 1","8a1976c1-ce0c-4205-a598-1a92f29b5c96","Agency Contractor","30/04/2022 - 06/05/2022","Indonesia","test.stanly","Stanly, Test","","","","1234",""
"COMPASS","20121994","","Approved","06/05/2022","DXC | Negative Hours C1","IDES500396","LEGACY BILLING|Billable","","SO Test Task 1","","411","","8.00","","188135","","","C1 WBS","Opportunity","","","","","","","WBS","","X","","IDES","SO Test Task 1","17f5b5d9-1c76-41d7-8895-770f1360e55c","Agency Contractor","30/04/2022 - 06/05/2022","Indonesia","test.stanly","Stanly, Test","","","","1234",""
"COMPASS","20121994","","Approved","07/05/2022","DXC | Negative Hours C1","IDES500396","LEGACY BILLING|Billable","","SO Test Task 1","","411","","2.00","","193518","","","C1 WBS","Opportunity","","","","","","","WBS","","X","","IDES","SO Test Task 1","d6878184-ff4b-42ae-9e83-4d62ef54aa4f","Agency Contractor","07/05/2022 - 13/05/2022","Indonesia","test.stanly","Stanly, Test","","","","1234",""
"COMPASS","20121994","","Approved","07/05/2022","DXC | Negative Hours C1","IDES500396","LEGACY BILLING|Billable","","SO Test Task 1","","413","","2.00","","193520","","","C1 WBS","Opportunity","","","","","","","WBS","","X","","IDES","SO Test Task 1","856f3422-756f-48e2-afe9-24bc4d148a4a","Agency Contractor","07/05/2022 - 13/05/2022","Indonesia","test.stanly","Stanly, Test","","","","1234",""
"COMPASS","20121994","","Approved","07/05/2022","DXC | Negative Hours C1","IDES500396","LEGACY BILLING|Billable","","SO Test Task 1","","491","","4.00","","193517","","","C1 WBS","Opportunity","","","","","","","WBS","","X","","IDES","SO Test Task 1","82c5f3c5-58c5-4861-a948-542056d62b44","Agency Contractor","07/05/2022 - 13/05/2022","Indonesia","test.stanly","Stanly, Test","","","","1234",""
"COMPASS","20121994","","Approved","08/05/2022","DXC | Negative Hours C1","IDES500396","LEGACY BILLING|Billable","","SO Test Task 1","","411","","2.00","","193519","","","C1 WBS","Opportunity","","","","","","","WBS","","X","","IDES","SO Test Task 1","0dabd356-1228-4b15-842d-ed6d2f7da6be","Agency Contractor","07/05/2022 - 13/05/2022","Indonesia","test.stanly","Stanly, Test","","","","1234",""
"COMPASS","20121994","","Approved","08/05/2022","DXC | Negative Hours C1","IDES500396","LEGACY BILLING|Billable","","SO Test Task 1","","413","","2.00","","193521","","","C1 WBS","Opportunity","","","","","","","WBS","","X","","IDES","SO Test Task 1","0f941c2d-afa1-48db-883a-33c15b6d2761","Agency Contractor","07/05/2022 - 13/05/2022","Indonesia","test.stanly","Stanly, Test","","","","1234",""
"COMPASS","20121994","","Approved","08/05/2022","DXC | Negative Hours C1","IDES500396","LEGACY BILLING|Billable","","SO Test Task 1","","491","","4.00","","193516","","","C1 WBS","Opportunity","","","","","","","WBS","","X","","IDES","SO Test Task 1","cdf2da7f-ace3-46bf-8d5e-4f71dac90a81","Agency Contractor","07/05/2022 - 13/05/2022","Indonesia","test.stanly","Stanly, Test","","","","1234",""
"COMPASS","20121994","","Approved","09/05/2022","DXC | Negative Hours C1","IDES500396","LEGACY BILLING|Billable","","SO Test Task 1","","411","","4.00","","188259","","","C1 WBS","Opportunity","","","","","","","WBS","","X","","IDES","SO Test Task 1","6d3dc4c7-7e8d-48c4-b4e7-ce70126aba88","Agency Contractor","07/05/2022 - 13/05/2022","Indonesia","test.stanly","Stanly, Test","","","","1234",""
"COMPASS","20121994","","Approved","09/05/2022","DXC | Negative Hours C1","IDES500396","LEGACY BILLING|Billable","","SO Test Task 1","","413","","2.00","","188294","","","C1 WBS","Opportunity","","","","","","","WBS","","X","","IDES","SO Test Task 1","eb382515-5951-4170-87e3-4e240a1d4255","Agency Contractor","07/05/2022 - 13/05/2022","Indonesia","test.stanly","Stanly, Test","","","","1234",""
"COMPASS","20121994","","Approved","09/05/2022","DXC | Negative Hours C1","IDES500396","LEGACY BILLING|Billable","","SO Test Task 1","","491","","8.00","","188264","","","C1 WBS","Opportunity","","","","","","","WBS","","X","","IDES","SO Test Task 1","b94ed792-92c5-4b64-b589-45fd6fa5704c","Agency Contractor","07/05/2022 - 13/05/2022","Indonesia","test.stanly","Stanly, Test","","","","1234",""
"COMPASS","20121994","","Approved","10/05/2022","DXC | Negative Hours C1","IDES500396","LEGACY BILLING|Billable","","SO Test Task 1","","411","","4.00","","188260","","","C1 WBS","Opportunity","","","","","","","WBS","","X","","IDES","SO Test Task 1","7fca86cd-fe37-4ebd-996c-f55012f68dd0","Agency Contractor","07/05/2022 - 13/05/2022","Indonesia","test.stanly","Stanly, Test","","","","1234",""
"COMPASS","20121994","","Approved","10/05/2022","DXC | Negative Hours C1","IDES500396","LEGACY BILLING|Billable","","SO Test Task 1","","413","","2.00","","188295","","","C1 WBS","Opportunity","","","","","","","WBS","","X","","IDES","SO Test Task 1","027530a1-2904-4593-8bdc-11a0022d87d2","Agency Contractor","07/05/2022 - 13/05/2022","Indonesia","test.stanly","Stanly, Test","","","","1234",""
"COMPASS","20121994","","Approved","10/05/2022","DXC | Negative Hours C1","IDES500396","LEGACY BILLING|Billable","","SO Test Task 1","","491","","8.00","","188265","","","C1 WBS","Opportunity","","","","","","","WBS","","X","","IDES","SO Test Task 1","b057d740-5fea-4640-a754-dfbb5e3cc3eb","Agency Contractor","07/05/2022 - 13/05/2022","Indonesia","test.stanly","Stanly, Test","","","","1234",""
"COMPASS","20121994","","Approved","11/05/2022","DXC | Negative Hours C1","IDES500396","LEGACY BILLING|Billable","","SO Test Task 1","","411","","4.00","","188261","","","C1 WBS","Opportunity","","","","","","","WBS","","X","","IDES","SO Test Task 1","c0e12138-6fb3-4934-8c52-09fb7d9f67f8","Agency Contractor","07/05/2022 - 13/05/2022","Indonesia","test.stanly","Stanly, Test","","","","1234",""
"COMPASS","20121994","","Approved","11/05/2022","DXC | Negative Hours C1","IDES500396","LEGACY BILLING|Billable","","SO Test Task 1","","413","","2.00","","188296","","","C1 WBS","Opportunity","","","","","","","WBS","","X","","IDES","SO Test Task 1","c417a76d-52e4-4678-a6f2-19eff3a7c094","Agency Contractor","07/05/2022 - 13/05/2022","Indonesia","test.stanly","Stanly, Test","","","","1234",""
"COMPASS","20121994","","Approved","11/05/2022","DXC | Negative Hours C1","IDES500396","LEGACY BILLING|Billable","","SO Test Task 1","","491","","8.00","","188266","","","C1 WBS","Opportunity","","","","","","","WBS","","X","","IDES","SO Test Task 1","e8d0c602-2fd6-4672-bf10-83f305655de0","Agency Contractor","07/05/2022 - 13/05/2022","Indonesia","test.stanly","Stanly, Test","","","","1234",""
"COMPASS","20121994","","Approved","12/05/2022","DXC | Negative Hours C1","IDES500396","LEGACY BILLING|Billable","","SO Test Task 1","","411","","4.00","","188262","","","C1 WBS","Opportunity","","","","","","","WBS","","X","","IDES","SO Test Task 1","eddbe1e0-1eb3-4dc8-81f0-fc49bc23de74","Agency Contractor","07/05/2022 - 13/05/2022","Indonesia","test.stanly","Stanly, Test","","","","1234",""
"COMPASS","20121994","","Approved","12/05/2022","DXC | Negative Hours C1","IDES500396","LEGACY BILLING|Billable","","SO Test Task 1","","413","","2.00","","188297","","","C1 WBS","Opportunity","","","","","","","WBS","","X","","IDES","SO Test Task 1","93f78358-bc07-4bf7-ab52-96a67c7ee86d","Agency Contractor","07/05/2022 - 13/05/2022","Indonesia","test.stanly","Stanly, Test","","","","1234",""
"COMPASS","20121994","","Approved","12/05/2022","DXC | Negative Hours C1","IDES500396","LEGACY BILLING|Billable","","SO Test Task 1","","491","","8.00","","188267","","","C1 WBS","Opportunity","","","","","","","WBS","","X","","IDES","SO Test Task 1","20a11b1b-0e3a-472e-a666-b952775900da","Agency Contractor","07/05/2022 - 13/05/2022","Indonesia","test.stanly","Stanly, Test","","","","1234",""
"COMPASS","20121994","","Approved","13/05/2022","DXC | Negative Hours C1","IDES500396","LEGACY BILLING|Billable","","SO Test Task 1","","411","","4.00","","188263","","","C1 WBS","Opportunity","","","","","","","WBS","","X","","IDES","SO Test Task 1","cef82c19-97e1-4571-b234-1aca375eb5d8","Agency Contractor","07/05/2022 - 13/05/2022","Indonesia","test.stanly","Stanly, Test","","","","1234",""
"COMPASS","20121994","","Approved","13/05/2022","DXC | Negative Hours C1","IDES500396","LEGACY BILLING|Billable","","SO Test Task 1","","413","","2.00","","188298","","","C1 WBS","Opportunity","","","","","","","WBS","","X","","IDES","SO Test Task 1","9d2e4f86-d8f9-462d-abbe-0a2c3ca899a7","Agency Contractor","07/05/2022 - 13/05/2022","Indonesia","test.stanly","Stanly, Test","","","","1234",""
"COMPASS","20121994","","Approved","13/05/2022","DXC | Negative Hours C1","IDES500396","LEGACY BILLING|Billable","","SO Test Task 1","","491","","8.00","","188268","","","C1 WBS","Opportunity","","","","","","","WBS","","X","","IDES","SO Test Task 1","8d20d875-e227-4fa2-9b74-db0786e95b99","Agency Contractor","07/05/2022 - 13/05/2022","Indonesia","test.stanly","Stanly, Test","","","","1234",""
"COMPASS","20121994","","Approved","14/05/2022","","IDES500396","","","","","700","","6.00","","193564","","","","","","","","","","","","","","","IDES","","e427861f-288e-43b0-b4a6-386eac15b181","Agency Contractor","14/05/2022 - 20/05/2022","Indonesia","test.stanly","Stanly, Test","","","","1234",""
"COMPASS","20121994","","Approved","14/05/2022","","IDES500396","","","","","700","","8.00","","193571","","","","","","","","","","","","","","","IDES","","d798f2ec-ed8d-4c26-a5e2-03ca9667ab4e","Agency Contractor","14/05/2022 - 20/05/2022","Indonesia","test.stanly","Stanly, Test","","","","1234",""
"COMPASS","20121994","","Approved","15/05/2022","","IDES500396","","","","","700","","6.00","","193565","","","","","","","","","","","","","","","IDES","","be319a03-3ec1-4a08-a99d-695bbb4be448","Agency Contractor","14/05/2022 - 20/05/2022","Indonesia","test.stanly","Stanly, Test","","","","1234",""
"COMPASS","20121994","","Approved","15/05/2022","","IDES500396","","","","","700","","8.00","","193572","","","","","","","","","","","","","","","IDES","","5976bf01-8dac-4f33-b27e-2c2a9bf8b2aa","Agency Contractor","14/05/2022 - 20/05/2022","Indonesia","test.stanly","Stanly, Test","","","","1234",""
"COMPASS","20121994","","Approved","16/05/2022","","IDES500396","","","","","700","","6.00","","193566","","","","","","","","","","","","","","","IDES","","a62804db-5bb9-497d-a398-c341e5834352","Agency Contractor","14/05/2022 - 20/05/2022","Indonesia","test.stanly","Stanly, Test","","","","1234",""
"COMPASS","20121994","","Approved","16/05/2022","","IDES500396","","","","","700","","8.00","","193573","","","","","","","","","","","","","","","IDES","","ac6db136-78a0-4e68-b281-5ad4a54660c8","Agency Contractor","14/05/2022 - 20/05/2022","Indonesia","test.stanly","Stanly, Test","","","","1234",""
"COMPASS","20121994","","Approved","17/05/2022","","IDES500396","","","","","700","","6.00","","193567","","","","","","","","","","","","","","","IDES","","5a78dda1-dfbf-49ca-9327-fdd4934c3af1","Agency Contractor","14/05/2022 - 20/05/2022","Indonesia","test.stanly","Stanly, Test","","","","1234",""
"COMPASS","20121994","","Approved","17/05/2022","","IDES500396","","","","","700","","8.00","","193574","","","","","","","","","","","","","","","IDES","","44c0cef1-59eb-4273-987b-a1e254b1ffb4","Agency Contractor","14/05/2022 - 20/05/2022","Indonesia","test.stanly","Stanly, Test","","","","1234",""
"COMPASS","20121994","","Approved","18/05/2022","","IDES500396","","","","","700","","6.00","","193568","","","","","","","","","","","","","","","IDES","","c9354612-a02d-432c-8041-138271ae1617","Agency Contractor","14/05/2022 - 20/05/2022","Indonesia","test.stanly","Stanly, Test","","","","1234",""
"COMPASS","20121994","","Approved","18/05/2022","","IDES500396","","","","","700","","8.00","","193575","","","","","","","","","","","","","","","IDES","","2f289892-23a0-4110-ad92-1e958bf74837","Agency Contractor","14/05/2022 - 20/05/2022","Indonesia","test.stanly","Stanly, Test","","","","1234",""
"COMPASS","20121994","","Approved","19/05/2022","","IDES500396","","","","","700","","6.00","","193569","","","","","","","","","","","","","","","IDES","","ccec75b6-e222-4584-9d4b-d7d37a919d96","Agency Contractor","14/05/2022 - 20/05/2022","Indonesia","test.stanly","Stanly, Test","","","","1234",""
"COMPASS","20121994","","Approved","19/05/2022","","IDES500396","","","","","700","","8.00","","193576","","","","","","","","","","","","","","","IDES","","ea856721-6d7c-4d93-97ae-23d2f70fa6e8","Agency Contractor","14/05/2022 - 20/05/2022","Indonesia","test.stanly","Stanly, Test","","","","1234",""
"COMPASS","20121994","","Approved","20/05/2022","","IDES500396","","","","","700","","7.00","","193570","","","","","","","","","","","","","","","IDES","","a00c8c5b-1f26-43a5-98b5-a87ea1c88bc9","Agency Contractor","14/05/2022 - 20/05/2022","Indonesia","test.stanly","Stanly, Test","","","","1234",""
"COMPASS","20121994","","Approved","20/05/2022","","IDES500396","","","","","700","","8.00","","193577","","","","","","","","","","","","","","","IDES","","ce835112-da91-40d7-87b0-ca5ca5e45255","Agency Contractor","14/05/2022 - 20/05/2022","Indonesia","test.stanly","Stanly, Test","","","","1234",""
"COMPASS","20121994","","Approved","21/05/2022","","IDES500396","","","","","730","","8.00","","193646","","","","","","","","","","","","","","","IDES","","0983d8da-60d6-4b1e-9edd-7ab4d59fda6f","Agency Contractor","21/05/2022 - 27/05/2022","Indonesia","test.stanly","Stanly, Test","","","","1234",""
"COMPASS","20121994","","Approved","22/05/2022","","IDES500396","","","","","730","","8.00","","193647","","","","","","","","","","","","","","","IDES","","21a906f8-522f-4506-9b02-f98a6d07a4b5","Agency Contractor","21/05/2022 - 27/05/2022","Indonesia","test.stanly","Stanly, Test","","","","1234",""
"COMPASS","20121994","","Approved","23/05/2022","","IDES500396","","","","","730","","15.00","","193648","","","","","","","","","","","","","","","IDES","","3bfcaeb4-b45b-4471-9013-76cca1944691","Agency Contractor","21/05/2022 - 27/05/2022","Indonesia","test.stanly","Stanly, Test","","","","1234",""
"COMPASS","20121994","","Approved","24/05/2022","","IDES500396","","","","","730","","11.00","","193649","","","","","","","","","","","","","","","IDES","","7f819d48-1489-4f53-8d7b-bb9d677499d7","Agency Contractor","21/05/2022 - 27/05/2022","Indonesia","test.stanly","Stanly, Test","","","","1234",""
"COMPASS","20121994","","Approved","25/05/2022","","IDES500396","","","","","730","","12.00","","193650","","","","","","","","","","","","","","","IDES","","c38cbbd9-7e68-4dbf-84cf-1005de5bc96b","Agency Contractor","21/05/2022 - 27/05/2022","Indonesia","test.stanly","Stanly, Test","","","","1234",""
"COMPASS","20121994","","Approved","26/05/2022","","IDES500396","","","","","730","","13.00","","193651","","","","","","","","","","","","","","","IDES","","768c5725-ef4d-4138-b6b7-54066ada003d","Agency Contractor","21/05/2022 - 27/05/2022","Indonesia","test.stanly","Stanly, Test","","","","1234",""
"COMPASS","20121994","","Approved","27/05/2022","","IDES500396","","","","","730","","14.00","","193652","","","","","","","","","","","","","","","IDES","","65df2b1e-dbc6-4676-9c1d-34587a763c83","Agency Contractor","21/05/2022 - 27/05/2022","Indonesia","test.stanly","Stanly, Test","","","","1234",""
"COMPASS","20121994","","Approved","28/05/2022","109307534","IDES500396","WBS / SO Rate","","01","","406","","13.00","","193644","","","","GSAP Billing Key","","","","","","","WBS","","X","","IDES","01","df2bf66e-b36f-405a-8290-8c37c0f80a81","Agency Contractor","28/05/2022 - 29/05/2022","Indonesia","test.stanly","Stanly, Test","","","","1234",""
"COMPASS","20121994","","Approved","29/05/2022","109307534","IDES500396","WBS / SO Rate","","01","","433","","2.00","","193645","","","","GSAP Billing Key","","","","","","","WBS","","X","","IDES","01","fb5e15a2-9347-4b64-a8f0-18b23a8dea91","Agency Contractor","28/05/2022 - 29/05/2022","Indonesia","test.stanly","Stanly, Test","","","","1234",""
"COMPASS","20121994","","Approved","30/05/2022","109307534","IDES500396","WBS / SO Rate","","01","","400","","11.00","","193643","","","","GSAP Billing Key","","","","","","","WBS","","X","","IDES","01","ef10ca3f-9641-4f53-b2f8-d81045d9ffd7","Agency Contractor","30/05/2022 - 05/06/2022","Indonesia","test.stanly","Stanly, Test","","","","1234",""
"COMPASS","23179068","","Approved","10/05/2021","IE1-DMOC1.25.05","","","","IE1-DMOC1.25.05","","400","","8.00","Straight Time","60033","","","COMPASS WBS","","","","","","","","","C","","","IEEU","IE1-DMOC1.25.05","f0382f46-9283-4f98-ae87-8a5bd50e4eb5","Agency Contractor","10/05/2021 - 16/05/2021","","23179068@sittest.com","AC, IRLCSC 23179068 23179068@sittest.com","","HPWO00090691","","",""
"COMPASS","23179068","","Approved","11/05/2021","IE1-DMOC1.25.05","","","","IE1-DMOC1.25.05","","400","","8.00","Straight Time","60034","","","COMPASS WBS","","","","","","","","","C","","","IEEU","IE1-DMOC1.25.05","ef338c06-cdb4-4739-80a5-3dd5f84b4f7c","Agency Contractor","10/05/2021 - 16/05/2021","","23179068@sittest.com","AC, IRLCSC 23179068 23179068@sittest.com","","HPWO00090691","","",""
"COMPASS","23179068","","Approved","12/05/2021","IE1-DMOC1.25.05","IEEU501028","","","IE1-DMOC1.25.05","","400","","8.00","Straight Time","60035","","","COMPASS WBS","","","","","","","","","C","","","IEEU","IE1-DMOC1.25.05","39f4a774-4148-445e-ae4e-a2797cfafdaf","Agency Contractor","10/05/2021 - 16/05/2021","Ireland","23179068@sittest.com","AC, IRLCSC 23179068 23179068@sittest.com","","HPWO00090691","","",""
"COMPASS","23179068","","Approved","13/05/2021","IE1-DMOC1.25.05","IEEU501028","","","IE1-DMOC1.25.05","","400","","8.00","Straight Time","60036","","","COMPASS WBS","","","","","","","","","C","","","IEEU","IE1-DMOC1.25.05","399be607-e195-40b6-8fda-b9e5376d5bfc","Agency Contractor","10/05/2021 - 16/05/2021","Ireland","23179068@sittest.com","AC, IRLCSC 23179068 23179068@sittest.com","","HPWO00090691","","",""
"COMPASS","23179068","","Approved","14/05/2021","IE1-DMOC1.25.05","IEEU501028","","","IE1-DMOC1.25.05","","400","","8.00","Straight Time","60037","","","COMPASS WBS","","","","","","","","","C","","","IEEU","IE1-DMOC1.25.05","a5751566-b2ab-423e-bef7-131fb727fae8","Agency Contractor","10/05/2021 - 16/05/2021","Ireland","23179068@sittest.com","AC, IRLCSC 23179068 23179068@sittest.com","","HPWO00090691","","",""
"COMPASS","23179068","","Approved","14/05/2021","","IEEU501028","","","","","799","","2.00","","60039","","","","","","","","","","","","","","","IEEU","","aaf85d07-a74d-4c8a-bc2d-85945b3f0f77","Agency Contractor","10/05/2021 - 16/05/2021","Ireland","23179068@sittest.com","AC, IRLCSC 23179068 23179068@sittest.com","","HPWO00090691","","",""
"COMPASS","29090111","","Approved","05/04/2021","IE1-RUAT2.25.06","","","","IE1-RUAT2.25.06","","414","","1.00","Straight Time","2007","","","COMPASS WBS","","","","","","","","","","X","","IEEU","IE1-RUAT2.25.06","c8f4c657-a7a5-4dd2-9557-3e5c7cfea2cb","Agency Contractor","05/04/2021 - 11/04/2021","Ireland","29090111@sittest.com","James, Connor 29090111 29090111@sittest.com","","HPWO00091290","","",""
"COMPASS","29090111","","Approved","05/04/2021","IE1-RUAT2.25.06","","","","IE1-RUAT2.25.06","","414","","1.00","Straight Time","2279","","Short text test","COMPASS WBS","","","","","","","","","","X","","IEEU","IE1-RUAT2.25.06","b45a3a37-ef96-4d6f-b0e3-c05c5eaaaa76","Agency Contractor","05/04/2021 - 11/04/2021","Ireland","29090111@sittest.com","James, Connor 29090111 29090111@sittest.com","","HPWO00091290","","",""
"COMPASS","29090111","","Approved","05/04/2021","IE1-RUAT5.25.08","","","","IE1-RUAT5.25.08","","414","","1.00","Straight Time","2510","","Short text test","COMPASS WBS","","","","","","","","","C","X","","IEEU","IE1-RUAT5.25.08","406e107d-8f09-4804-96a1-bae66e3fa31b","Agency Contractor","05/04/2021 - 11/04/2021","Ireland","29090111@sittest.com","James, Connor 29090111 29090111@sittest.com","","HPWO00091290","","",""
"COMPASS","29090111","","Approved","05/04/2021","IE1-RUAT5.25.15","","","","T2_2","","414","","1.00","Straight Time","2338","","","COMPASS WBS","Attribute 2","","","","","","","","C","X","","IEEU","T1 / T2_2","ce2fe17d-6caa-49dd-93aa-978f073e4004","Agency Contractor","05/04/2021 - 11/04/2021","Ireland","29090111@sittest.com","James, Connor 29090111 29090111@sittest.com","","HPWO00091290","","",""
"COMPASS","29090111","","Approved","05/04/2021","","","","","","","799","","1.00","Straight Time","2294","","","","","","","","","","","","","","","IEEU","","5fec6107-dd78-4a2f-a4e1-60b44420b2ce","Agency Contractor","05/04/2021 - 11/04/2021","Ireland","29090111@sittest.com","James, Connor 29090111 29090111@sittest.com","","HPWO00091290","","",""
"COMPASS","29090111","","Approved","06/04/2021","IE1-RUAT5.25.08","","","","IE1-RUAT5.25.08","","414","","1.00","Straight Time","2556","","Test","COMPASS WBS","","","","","","","","","C","X","","IEEU","IE1-RUAT5.25.08","bd937b63-15da-4cba-8cf4-f5edb9978745","Agency Contractor","05/04/2021 - 11/04/2021","Ireland","29090111@sittest.com","James, Connor 29090111 29090111@sittest.com","","HPWO00091290","","",""
"COMPASS","29090111","","Approved","06/04/2021","IE1-RUAT5.25.10","","","","T1","","400","","0.00","Straight Time","2360","","","COMPASS WBS","Attribute 1","","","","","","","","C","X","","IEEU","T1","a6990680-95b7-41c9-8309-cdd3ae338e83","Agency Contractor","05/04/2021 - 11/04/2021","Ireland","29090111@sittest.com","James, Connor 29090111 29090111@sittest.com","","HPWO00091290","","",""
"COMPASS","29090111","","Approved","06/04/2021","IE1-SCM01.02.05","","","","IE1-SCM01.02.05","","414","","0.00","Straight Time","2295","","","COMPASS WBS","","","","","","","","","","X","","IEEU","IE1-SCM01.02.05","1a32e4f2-96ce-473a-9298-03f05dd3b678","Agency Contractor","05/04/2021 - 11/04/2021","Ireland","29090111@sittest.com","James, Connor 29090111 29090111@sittest.com","","HPWO00091290","","",""
"COMPASS","29090111","","Approved","07/04/2021","IE1-RUAT5.25.14","","","","IE1-RUAT5.25.14","","414","","1.00","Straight Time","2374","","","COMPASS WBS","","","","","","","","","C","X","","IEEU","IE1-RUAT5.25.14","5f573fb9-1aba-41f1-9c4a-e83555fee5a3","Agency Contractor","05/04/2021 - 11/04/2021","Ireland","29090111@sittest.com","James, Connor 29090111 29090111@sittest.com","","HPWO00091290","","",""
"COMPASS","29090111","","Approved","07/04/2021","IE1-SCM01.02.05","","","","IE1-SCM01.02.05","","414","","1.00","Straight Time","2583","","Test","COMPASS WBS","","","","","","","","","","X","","IEEU","IE1-SCM01.02.05","69ba6b9e-1ffd-4e03-84b2-c47a3b7e27e9","Agency Contractor","05/04/2021 - 11/04/2021","Ireland","29090111@sittest.com","James, Connor 29090111 29090111@sittest.com","","HPWO00091290","","",""
"COMPASS","29090111","","Approved","07/04/2021","","","","","","","799","","0.00","Straight Time","2643","","","","","","","","","","","","","","","IEEU","","425492d6-bf57-4d73-8b98-d01bc2762b66","Agency Contractor","05/04/2021 - 11/04/2021","Ireland","29090111@sittest.com","James, Connor 29090111 29090111@sittest.com","","HPWO00091290","","",""
"COMPASS","29090111","","Approved","08/04/2021","IE1-SCM01.02.05","","","","IE1-SCM01.02.05","","414","","0.00","Straight Time","2642","","","COMPASS WBS","","","","","","","","","","X","","IEEU","IE1-SCM01.02.05","06161728-c1f1-4661-a5b5-0de2cd4b4ef5","Agency Contractor","05/04/2021 - 11/04/2021","Ireland","29090111@sittest.com","James, Connor 29090111 29090111@sittest.com","","HPWO00091290","","",""
"COMPASS","29090111","","Approved","08/04/2021","IE1-SCM01.02.05","","","","IE1-SCM01.02.05","","414","","8.00","Straight Time","2653","","","COMPASS WBS","","","","","","","","","","X","","IEEU","IE1-SCM01.02.05","8a099b8f-a97b-4d22-ac4a-1f8010a9a685","Agency Contractor","05/04/2021 - 11/04/2021","Ireland","29090111@sittest.com","James, Connor 29090111 29090111@sittest.com","","HPWO00091290","","",""
"COMPASS","29090111","","Approved","09/04/2021","IE1-RUAT5.25.14","","","","IE1-RUAT5.25.14","","414","","1.00","Straight Time","2641","","","COMPASS WBS","","","","","","","","","C","X","","IEEU","IE1-RUAT5.25.14","a8d3acff-fdc8-47b0-9a94-9ee4e5da00aa","Agency Contractor","05/04/2021 - 11/04/2021","Ireland","29090111@sittest.com","James, Connor 29090111 29090111@sittest.com","","HPWO00091290","","",""
"COMPASS","29090111","","Approved","09/04/2021","","","","","","","799","","0.00","Straight Time","2640","","","","","","","","","","","","","","","IEEU","","903ef299-2b89-483c-8861-f627cf493fb9","Agency Contractor","05/04/2021 - 11/04/2021","Ireland","29090111@sittest.com","James, Connor 29090111 29090111@sittest.com","","HPWO00091290","","",""
"COMPASS","29090112","","Approved","05/04/2021","IE1-RUAT5.25.07","","","","T1","","400","","0.00","Straight Time","2303","","","COMPASS WBS","Attribute 1","","","","","","","","C","X","","IEEU","T1","f32a7c95-23b3-4ff3-a30e-d68d174494d3","Agency Contractor","05/04/2021 - 11/04/2021","","29090112@sittest.com","Baker, Leah 29090112 29090112@sittest.com","","HPWO00091286","","",""
"COMPASS","29090112","","Approved","05/04/2021","IE1-RUAT5.25.07","","","","T1","","400","","5.00","Straight Time","7221","","","COMPASS WBS","Attribute 1","","","","","","","","C","X","","IEEU","T1","ee756999-b73d-4a3d-b178-9ef123e1dda0","Agency Contractor","05/04/2021 - 11/04/2021","","29090112@sittest.com","Baker, Leah 29090112 29090112@sittest.com","","HPWO00091286","","",""
"COMPASS","29090112","","Approved","05/04/2021","IE1-RUAT5.25.07","","","","T1","","401","","0.00","Straight Time","2350","","","COMPASS WBS","Attribute 1","","","","","","","","C","X","","IEEU","T1","c2536abe-81c0-42e3-b7d4-6d3f7016e8a9","Agency Contractor","05/04/2021 - 11/04/2021","","29090112@sittest.com","Baker, Leah 29090112 29090112@sittest.com","","HPWO00091286","","",""
"COMPASS","29090112","","Approved","05/04/2021","IE1-RUAT5.25.07","","","","T10","","400","","0.00","","2430","","","COMPASS WBS","Attribute 1","","","","","","","","C","X","","IEEU","T10","048cac24-5027-4aee-89cc-2155fa77399e","Agency Contractor","05/04/2021 - 11/04/2021","","29090112@sittest.com","Baker, Leah 29090112 29090112@sittest.com","","HPWO00091286","","",""
"COMPASS","29090112","","Approved","06/04/2021","IE1-RUAT5.25.07","","","","T1","","400","","0.00","Straight Time","2304","","","COMPASS WBS","Attribute 1","","","","","","","","C","X","","IEEU","T1","036ac75a-c0a3-4ac9-86a3-dac2874b6b45","Agency Contractor","05/04/2021 - 11/04/2021","","29090112@sittest.com","Baker, Leah 29090112 29090112@sittest.com","","HPWO00091286","","",""
"COMPASS","29090112","","Approved","06/04/2021","IE1-RUAT5.25.07","","","","T1","","400","","8.00","Straight Time","7222","","","COMPASS WBS","Attribute 1","","","","","","","","C","X","","IEEU","T1","293ac10a-c0f8-4ee7-8bc3-dce9485e4b51","Agency Contractor","05/04/2021 - 11/04/2021","","29090112@sittest.com","Baker, Leah 29090112 29090112@sittest.com","","HPWO00091286","","",""
"COMPASS","29090112","","Approved","07/04/2021","IE1-RUAT5.25.07","","","","T1","","400","","0.00","Straight Time","2305","","","COMPASS WBS","Attribute 1","","","","","","","","C","X","","IEEU","T1","b131d8a6-306d-4d59-b411-ce55b4c8a402","Agency Contractor","05/04/2021 - 11/04/2021","","29090112@sittest.com","Baker, Leah 29090112 29090112@sittest.com","","HPWO00091286","","",""
"COMPASS","29090112","","Approved","07/04/2021","IE1-RUAT5.25.07","","","","T1","","400","","8.00","Straight Time","7223","","","COMPASS WBS","Attribute 1","","","","","","","","C","X","","IEEU","T1","16d18c06-75b5-4685-a113-9b7bcfbc275a","Agency Contractor","05/04/2021 - 11/04/2021","","29090112@sittest.com","Baker, Leah 29090112 29090112@sittest.com","","HPWO00091286","","",""
"COMPASS","29090112","","Approved","07/04/2021","IE1-RUAT5.25.07","","","","T10","","400","","0.00","","2431","","","COMPASS WBS","Attribute 1","","","","","","","","C","X","","IEEU","T10","3156354c-0151-4a64-84bf-4c34793ed40b","Agency Contractor","05/04/2021 - 11/04/2021","","29090112@sittest.com","Baker, Leah 29090112 29090112@sittest.com","","HPWO00091286","","",""
"COMPASS","29090112","","Approved","07/04/2021","IE1-RUAT5.25.07","","","","T10","","400","","1.00","Double Time","7226","","","COMPASS WBS","Attribute 1","","","","","","","","C","X","","IEEU","T10","47190946-53a5-403b-9951-92faa51540bd","Agency Contractor","05/04/2021 - 11/04/2021","","29090112@sittest.com","Baker, Leah 29090112 29090112@sittest.com","","HPWO00091286","","",""
"COMPASS","29090112","","Approved","08/04/2021","IE1-RUAT5.25.07","","","","T1","","400","","0.00","Straight Time","2306","","","COMPASS WBS","Attribute 1","","","","","","","","C","X","","IEEU","T1","25c9715a-8bb0-48a2-930e-867cb2bef603","Agency Contractor","05/04/2021 - 11/04/2021","","29090112@sittest.com","Baker, Leah 29090112 29090112@sittest.com","","HPWO00091286","","",""
"COMPASS","29090112","","Approved","08/04/2021","IE1-RUAT5.25.07","","","","T1","","400","","8.00","Straight Time","7224","","","COMPASS WBS","Attribute 1","","","","","","","","C","X","","IEEU","T1","db57e317-09a4-48cc-809b-144c27bf1e69","Agency Contractor","05/04/2021 - 11/04/2021","","29090112@sittest.com","Baker, Leah 29090112 29090112@sittest.com","","HPWO00091286","","",""
"COMPASS","29090112","","Approved","09/04/2021","IE1-RUAT5.25.07","","","","T1","","400","","0.00","Straight Time","2307","","","COMPASS WBS","Attribute 1","","","","","","","","C","X","","IEEU","T1","2a27e55c-7ecb-42b9-8081-96b4dd4f696d","Agency Contractor","05/04/2021 - 11/04/2021","","29090112@sittest.com","Baker, Leah 29090112 29090112@sittest.com","","HPWO00091286","","",""
"COMPASS","29090112","","Approved","09/04/2021","IE1-RUAT5.25.07","","","","T1","","400","","8.00","Straight Time","7225","","","COMPASS WBS","Attribute 1","","","","","","","","C","X","","IEEU","T1","e5cb9a47-36a2-491d-9c0c-4584e44cd98c","Agency Contractor","05/04/2021 - 11/04/2021","","29090112@sittest.com","Baker, Leah 29090112 29090112@sittest.com","","HPWO00091286","","",""
"COMPASS","29090112","","Approved","19/04/2021","IE1-REP06.02.05","","","","IE1-REP06.02.05","","400","","8.00","Straight Time","5513","","New comment","COMPASS WBS","","","","","","","","","","","","IEEU","IE1-REP06.02.05","4d9ada65-f9be-4b49-85b6-2df1cdefe446","Agency Contractor","19/04/2021 - 25/04/2021","Ireland","29090112@sittest.com","Baker, Leah 29090112 29090112@sittest.com","","HPWO00091286","","",""
"COMPASS","29090112","","Approved","19/04/2021","IE1-RUAT5.25.07","","","","T1","","400","","0.00","Straight Time","2332","","","COMPASS WBS","Attribute 1","","","","","","","","C","X","","IEEU","T1","5fbaa22e-3d34-4bb3-a43f-33ea324235fa","Agency Contractor","19/04/2021 - 25/04/2021","Ireland","29090112@sittest.com","Baker, Leah 29090112 29090112@sittest.com","","HPWO00091286","","",""
"COMPASS","29090112","","Approved","19/04/2021","IE1-RUAT5.25.07","","","","T10","","400","","0.00","Double Time","2313","","","COMPASS WBS","Attribute 1","","","","","","","","C","X","","IEEU","T10","c0b9ee25-0763-4de0-932a-6192989d88b7","Agency Contractor","19/04/2021 - 25/04/2021","Ireland","29090112@sittest.com","Baker, Leah 29090112 29090112@sittest.com","","HPWO00091286","","",""
"COMPASS","29090112","","Approved","19/04/2021","IE1-RUAT5.25.07","","","","T10","","400","","0.00","Straight Time","2308","","","COMPASS WBS","Attribute 1","","","","","","","","C","X","","IEEU","T10","7747895d-d54a-4af2-bb97-118068c2e427","Agency Contractor","19/04/2021 - 25/04/2021","Ireland","29090112@sittest.com","Baker, Leah 29090112 29090112@sittest.com","","HPWO00091286","","",""
"COMPASS","29090112","","Approved","20/04/2021","IE1-REP06.02.05","","","","IE1-REP06.02.05","","400","","5.00","Straight Time","5514","","","COMPASS WBS","","","","","","","","","","","","IEEU","IE1-REP06.02.05","308c032a-feba-4ae3-ad95-63e63dd4a567","Agency Contractor","19/04/2021 - 25/04/2021","Ireland","29090112@sittest.com","Baker, Leah 29090112 29090112@sittest.com","","HPWO00091286","","",""
"COMPASS","29090112","","Approved","20/04/2021","IE1-RUAT5.25.07","","","","T1","","400","","0.00","Straight Time","2333","","","COMPASS WBS","Attribute 1","","","","","","","","C","X","","IEEU","T1","1ccd42e2-3506-4b88-9415-c9264ebd6ee9","Agency Contractor","19/04/2021 - 25/04/2021","Ireland","29090112@sittest.com","Baker, Leah 29090112 29090112@sittest.com","","HPWO00091286","","",""
"COMPASS","29090112","","Approved","20/04/2021","IE1-RUAT5.25.07","","","","T10","","400","","0.00","Double Time","2314","","","COMPASS WBS","Attribute 1","","","","","","","","C","X","","IEEU","T10","d02b06c2-9128-4a25-bf32-8ce51ed328f4","Agency Contractor","19/04/2021 - 25/04/2021","Ireland","29090112@sittest.com","Baker, Leah 29090112 29090112@sittest.com","","HPWO00091286","","",""
"COMPASS","29090112","","Approved","20/04/2021","IE1-RUAT5.25.07","","","","T10","","400","","0.00","Straight Time","2309","","","COMPASS WBS","Attribute 1","","","","","","","","C","X","","IEEU","T10","0d8fa275-e3d0-4c0c-8855-694f81b9442b","Agency Contractor","19/04/2021 - 25/04/2021","Ireland","29090112@sittest.com","Baker, Leah 29090112 29090112@sittest.com","","HPWO00091286","","",""
"COMPASS","29090112","","Approved","20/04/2021","","","","","","","799","","3.00","Straight Time","4664","","","","","","","","","","","","","","","IEEU","","95a6330b-b0df-4446-86de-37c95fc808cb","Agency Contractor","19/04/2021 - 25/04/2021","Ireland","29090112@sittest.com","Baker, Leah 29090112 29090112@sittest.com","","HPWO00091286","","",""
"COMPASS","29090112","","Approved","21/04/2021","IE1-REP06.02.05","","","","IE1-REP06.02.05","","400","","8.00","Straight Time","5516","","","COMPASS WBS","","","","","","","","","","","","IEEU","IE1-REP06.02.05","95602dce-0bae-47d6-9892-a630c28eb1bd","Agency Contractor","19/04/2021 - 25/04/2021","Ireland","29090112@sittest.com","Baker, Leah 29090112 29090112@sittest.com","","HPWO00091286","","",""
"COMPASS","29090112","","Approved","21/04/2021","IE1-RUAT5.25.07","","","","T1","","400","","0.00","Straight Time","2334","","","COMPASS WBS","Attribute 1","","","","","","","","C","X","","IEEU","T1","d9e8aa9c-8cc4-4e9d-81fb-ef175a3d9e01","Agency Contractor","19/04/2021 - 25/04/2021","Ireland","29090112@sittest.com","Baker, Leah 29090112 29090112@sittest.com","","HPWO00091286","","",""
"COMPASS","29090112","","Approved","21/04/2021","IE1-RUAT5.25.07","","","","T10","","400","","0.00","Double Time","2315","","","COMPASS WBS","Attribute 1","","","","","","","","C","X","","IEEU","T10","117e60c5-04e5-4bd2-9745-88830629bf58","Agency Contractor","19/04/2021 - 25/04/2021","Ireland","29090112@sittest.com","Baker, Leah 29090112 29090112@sittest.com","","HPWO00091286","","",""
"COMPASS","29090112","","Approved","21/04/2021","IE1-RUAT5.25.07","","","","T10","","400","","0.00","Straight Time","2310","","","COMPASS WBS","Attribute 1","","","","","","","","C","X","","IEEU","T10","9c46e931-c7c3-4e78-986b-f60a4d9b2bef","Agency Contractor","19/04/2021 - 25/04/2021","Ireland","29090112@sittest.com","Baker, Leah 29090112 29090112@sittest.com","","HPWO00091286","","",""
"COMPASS","29090112","","Approved","22/04/2021","IE1-REP06.02.05","","","","IE1-REP06.02.05","","400","","6.00","Straight Time","5517","","","COMPASS WBS","","","","","","","","","","","","IEEU","IE1-REP06.02.05","6136e78b-8fbe-4119-8a12-4af8f965b702","Agency Contractor","19/04/2021 - 25/04/2021","Ireland","29090112@sittest.com","Baker, Leah 29090112 29090112@sittest.com","","HPWO00091286","","",""
"COMPASS","29090112","","Approved","22/04/2021","IE1-RUAT5.25.07","","","","T1","","400","","0.00","Straight Time","2335","","","COMPASS WBS","Attribute 1","","","","","","","","C","X","","IEEU","T1","d7f35fd8-93c0-4742-91e8-f978b9a10ca5","Agency Contractor","19/04/2021 - 25/04/2021","Ireland","29090112@sittest.com","Baker, Leah 29090112 29090112@sittest.com","","HPWO00091286","","",""
"COMPASS","29090112","","Approved","22/04/2021","IE1-RUAT5.25.07","","","","T10","","400","","0.00","Double Time","2316","","","COMPASS WBS","Attribute 1","","","","","","","","C","X","","IEEU","T10","4b680638-2b29-40b0-b118-3ac11afe3b9a","Agency Contractor","19/04/2021 - 25/04/2021","Ireland","29090112@sittest.com","Baker, Leah 29090112 29090112@sittest.com","","HPWO00091286","","",""
"COMPASS","29090112","","Approved","22/04/2021","IE1-RUAT5.25.07","","","","T10","","400","","0.00","Straight Time","2311","","","COMPASS WBS","Attribute 1","","","","","","","","C","X","","IEEU","T10","851bd071-3637-4993-8072-b9985a4bb638","Agency Contractor","19/04/2021 - 25/04/2021","Ireland","29090112@sittest.com","Baker, Leah 29090112 29090112@sittest.com","","HPWO00091286","","",""
"COMPASS","29090112","","Approved","22/04/2021","","","","","","","799","","2.00","Straight Time","5515","","","","","","","","","","","","","","","IEEU","","a2ff0c24-a5cc-4919-916e-eb939f594c7a","Agency Contractor","19/04/2021 - 25/04/2021","Ireland","29090112@sittest.com","Baker, Leah 29090112 29090112@sittest.com","","HPWO00091286","","",""
"COMPASS","29090112","","Approved","23/04/2021","IE1-REP06.02.05","","","","IE1-REP06.02.05","","400","","8.00","Straight Time","5518","","","COMPASS WBS","","","","","","","","","","","","IEEU","IE1-REP06.02.05","b43db9ea-5181-4e02-8dfe-107c8541e945","Agency Contractor","19/04/2021 - 25/04/2021","Ireland","29090112@sittest.com","Baker, Leah 29090112 29090112@sittest.com","","HPWO00091286","","",""
"COMPASS","29090112","","Approved","23/04/2021","IE1-RUAT5.25.07","","","","T1","","400","","0.00","Straight Time","2336","","","COMPASS WBS","Attribute 1","","","","","","","","C","X","","IEEU","T1","c681ffa0-7c27-4c9b-99d3-32fe32732f60","Agency Contractor","19/04/2021 - 25/04/2021","Ireland","29090112@sittest.com","Baker, Leah 29090112 29090112@sittest.com","","HPWO00091286","","",""
"COMPASS","29090112","","Approved","23/04/2021","IE1-RUAT5.25.07","","","","T10","","400","","0.00","Double Time","2317","","","COMPASS WBS","Attribute 1","","","","","","","","C","X","","IEEU","T10","b8b28edc-b370-42e2-ab4e-dd91267b7384","Agency Contractor","19/04/2021 - 25/04/2021","Ireland","29090112@sittest.com","Baker, Leah 29090112 29090112@sittest.com","","HPWO00091286","","",""
"COMPASS","29090112","","Approved","23/04/2021","IE1-RUAT5.25.07","","","","T10","","400","","0.00","Straight Time","2312","","","COMPASS WBS","Attribute 1","","","","","","","","C","X","","IEEU","T10","9168d9f5-6ecc-4fda-8460-01cb58363102","Agency Contractor","19/04/2021 - 25/04/2021","Ireland","29090112@sittest.com","Baker, Leah 29090112 29090112@sittest.com","","HPWO00091286","","",""
"COMPASS","29090112","","Approved","24/04/2021","IE1-REP06.02.05","","","","IE1-REP06.02.05","","401","","4.00","Double Time","5522","","Asked to work Sat AM","COMPASS WBS","","","","","","","","","","","","IEEU","IE1-REP06.02.05","19903e14-ba39-42c2-a675-3b56d78c8dab","Agency Contractor","19/04/2021 - 25/04/2021","Ireland","29090112@sittest.com","Baker, Leah 29090112 29090112@sittest.com","","HPWO00091286","","",""
"COMPASS","29090117","","Approved","12/04/2021","IE1-IWOR3.01","","","","IE1-IWOR3.01","","414","","0.00","Straight Time","3749","","","COMPASS WBS","","","","","","","","","","X","","IEEU","IE1-IWOR3.01","eab05a0b-a135-467c-addf-a0f8b9cbfe7a","Agency Contractor","12/04/2021 - 18/04/2021","Ireland","29090117@sittest.com","Gill, Carl 29090117 29090117@sittest.com","","HPWO00091285","","",""
"COMPASS","29090117","","Approved","13/04/2021","IE1-IWOR3.01","","","","IE1-IWOR3.01","","414","","0.00","Straight Time","3750","","","COMPASS WBS","","","","","","","","","","X","","IEEU","IE1-IWOR3.01","130c9288-a2f1-4d68-8dea-8a8c7656548f","Agency Contractor","12/04/2021 - 18/04/2021","Ireland","29090117@sittest.com","Gill, Carl 29090117 29090117@sittest.com","","HPWO00091285","","",""
"COMPASS","29090117","","Approved","14/04/2021","IE1-IWOR3.01","","","","IE1-IWOR3.01","","414","","8.00","Straight Time","3751","","","COMPASS WBS","","","","","","","","","","X","","IEEU","IE1-IWOR3.01","1ca2cadc-32ca-420e-b474-ccdfab4236c7","Agency Contractor","12/04/2021 - 18/04/2021","Ireland","29090117@sittest.com","Gill, Carl 29090117 29090117@sittest.com","","HPWO00091285","","",""
"COMPASS","29090117","","Approved","15/04/2021","IE1-IWOR3.01","","","","IE1-IWOR3.01","","414","","8.00","Straight Time","3752","","","COMPASS WBS","","","","","","","","","","X","","IEEU","IE1-IWOR3.01","e4e458a8-4347-4d54-8b4e-53aec9b4c1be","Agency Contractor","12/04/2021 - 18/04/2021","Ireland","29090117@sittest.com","Gill, Carl 29090117 29090117@sittest.com","","HPWO00091285","","",""
"COMPASS","29090298","","Approved","19/04/2021","IE1-RUAT4.25.10","USA7114826","","","T10_2","","441","","0.00","","4054","","","COMPASS WBS","Attribute 2","","","","","","","","","X","","IEEU","T10 / T10_2","df6733ae-5f0f-47f7-b7b7-2bae12920453","Agency Contractor","19/04/2021 - 25/04/2021","Ireland","29090298@sittest.com","Clark, Victoria 29090298 29090298@sittest.com","","HPWO00091383","","",""
"COMPASS","29090298","","Approved","19/04/2021","IE1-RUAT5.25.05","USA7114826","","","IE1-RUAT5.25.05","","433","","0.00","","4019","","","COMPASS WBS","","","","","","","","","C","X","","IEEU","IE1-RUAT5.25.05","8a9c8e21-fee9-44eb-bccc-556281b7bcb3","Agency Contractor","19/04/2021 - 25/04/2021","Ireland","29090298@sittest.com","Clark, Victoria 29090298 29090298@sittest.com","","HPWO00091383","","",""
"COMPASS","29090298","","Approved","20/04/2021","IE1-RUAT4.25.10","USA7114826","","","T10_2","","400","","0.00","","4088","","","COMPASS WBS","Attribute 2","","","","","","","","","X","","IEEU","T23 / T10_2","83a27c68-e104-40ed-9613-2f9885899312","Agency Contractor","19/04/2021 - 25/04/2021","Ireland","29090298@sittest.com","Clark, Victoria 29090298 29090298@sittest.com","","HPWO00091383","","",""
"COMPASS","29090298","","Approved","21/04/2021","","USA7114826","","","","","799","","0.00","","4104","","","","","","","","","","","","","","","IEEU","","e3bfbdd5-158e-42e9-be30-76f98b48de1a","Agency Contractor","19/04/2021 - 25/04/2021","Ireland","29090298@sittest.com","Clark, Victoria 29090298 29090298@sittest.com","","HPWO00091383","","",""
"COMPASS","29090298","","Approved","22/04/2021","IE1-RUAT4.25.05","USA7114826","","","IE1-RUAT4.25.05","","480","","0.00","","4107","","","COMPASS WBS","","","","","","","","","","X","","IEEU","IE1-RUAT4.25.05","aebe3bc7-b855-4bab-9dba-7588c5137c82","Agency Contractor","19/04/2021 - 25/04/2021","Ireland","29090298@sittest.com","Clark, Victoria 29090298 29090298@sittest.com","","HPWO00091383","","",""
"COMPASS","29090635","","Approved","26/04/2021","IE1-DMO01.03.05","","","","TEST FOR IE00","","400","","0.00","Straight Time","7283","","","COMPASS WBS","Attribute 1","","","","","","","","","X","","IEES","TEST FOR IE00","12672436-6cb5-40db-9e67-747b570a88e9","Agency Contractor","26/04/2021 - 02/05/2021","Ireland","29090635@sittest.com","IEST, SLII TEST 29090635 29090635@sittest.com","","HPWO00091429","","",""
"COMPASS","29090635","","Approved","26/04/2021","IE1-DMO01.03.05","","","","TEST FOR IE00","","400","","8.00","Straight Time","7438","","","COMPASS WBS","Attribute 1","","","","","","","","","X","","IEES","TEST FOR IE00","878d98c4-f4b9-470d-8dca-cf79b0471112","Agency Contractor","26/04/2021 - 02/05/2021","Ireland","29090635@sittest.com","IEST, SLII TEST 29090635 29090635@sittest.com","","HPWO00091429","","",""
"COMPASS","29090635","","Approved","27/04/2021","IE1-DMO01.03.05","","","","TEST FOR IE00","","400","","0.00","Straight Time","7284","","","COMPASS WBS","Attribute 1","","","","","","","","","X","","IEES","TEST FOR IE00","812f1069-73ff-4669-953a-178b65917b12","Agency Contractor","26/04/2021 - 02/05/2021","Ireland","29090635@sittest.com","IEST, SLII TEST 29090635 29090635@sittest.com","","HPWO00091429","","",""
"COMPASS","29090635","","Approved","27/04/2021","IE1-DMO01.03.05","","","","TEST FOR IE00","","400","","8.00","Straight Time","7439","","","COMPASS WBS","Attribute 1","","","","","","","","","X","","IEES","TEST FOR IE00","8a965563-db30-47f0-833b-3ec75232e009","Agency Contractor","26/04/2021 - 02/05/2021","Ireland","29090635@sittest.com","IEST, SLII TEST 29090635 29090635@sittest.com","","HPWO00091429","","",""
"COMPASS","29090635","","Approved","28/04/2021","IE1-DMO01.03.05","","","","TEST FOR IE00","","400","","0.00","Straight Time","7285","","","COMPASS WBS","Attribute 1","","","","","","","","","X","","IEES","TEST FOR IE00","70a34c03-1c71-465e-9f64-9f4947152615","Agency Contractor","26/04/2021 - 02/05/2021","Ireland","29090635@sittest.com","IEST, SLII TEST 29090635 29090635@sittest.com","","HPWO00091429","","",""
"COMPASS","29090635","","Approved","28/04/2021","IE1-DMO01.03.05","","","","TEST FOR IE00","","400","","8.00","Straight Time","7440","","","COMPASS WBS","Attribute 1","","","","","","","","","X","","IEES","TEST FOR IE00","7cd5a69e-40dc-480a-b9b7-237b3f40e9c4","Agency Contractor","26/04/2021 - 02/05/2021","Ireland","29090635@sittest.com","IEST, SLII TEST 29090635 29090635@sittest.com","","HPWO00091429","","",""
"COMPASS","29090635","","Approved","29/04/2021","IE1-DMO01.03.05","","","","TEST FOR IE00","","400","","0.00","Straight Time","7286","","","COMPASS WBS","Attribute 1","","","","","","","","","X","","IEES","TEST FOR IE00","fd16d66f-1eef-44b9-be23-6fefe9ce2382","Agency Contractor","26/04/2021 - 02/05/2021","Ireland","29090635@sittest.com","IEST, SLII TEST 29090635 29090635@sittest.com","","HPWO00091429","","",""
"COMPASS","29090635","","Approved","29/04/2021","IE1-DMO01.03.05","","","","TEST FOR IE00","","400","","8.00","Straight Time","7441","","","COMPASS WBS","Attribute 1","","","","","","","","","X","","IEES","TEST FOR IE00","1aa22983-e4de-4e41-90ca-246c13603430","Agency Contractor","26/04/2021 - 02/05/2021","Ireland","29090635@sittest.com","IEST, SLII TEST 29090635 29090635@sittest.com","","HPWO00091429","","",""
"COMPASS","29090635","","Approved","30/04/2021","IE1-DMO01.03.05","","","","TEST FOR IE00","","400","","0.00","Straight Time","7287","","","COMPASS WBS","Attribute 1","","","","","","","","","X","","IEES","TEST FOR IE00","0e9c7fec-e50c-43f5-bcab-2f0396c43351","Agency Contractor","26/04/2021 - 02/05/2021","Ireland","29090635@sittest.com","IEST, SLII TEST 29090635 29090635@sittest.com","","HPWO00091429","","",""
"COMPASS","29090635","","Approved","01/05/2021","IE1-DMO01.03.05","","","","TEST FOR IE00","","400","","0.00","Overtime","7275","","","COMPASS WBS","Attribute 1","","","","","","","","","X","","IEES","TEST FOR IE00","bb6fb9e1-b721-4e36-8701-bca1608e0fa7","Agency Contractor","26/04/2021 - 02/05/2021","Ireland","29090635@sittest.com","IEST, SLII TEST 29090635 29090635@sittest.com","","HPWO00091429","","",""
"COMPASS","29090635","","Approved","01/05/2021","IE1-DMO01.03.05","","","","TEST FOR IE00","","400","","0.00","Overtime","7278","","","COMPASS WBS","Attribute 1","","","","","","","","","X","","IEES","TEST FOR IE00","82c1042e-4bd0-4d31-ba33-c441f7978787","Agency Contractor","26/04/2021 - 02/05/2021","Ireland","29090635@sittest.com","IEST, SLII TEST 29090635 29090635@sittest.com","","HPWO00091429","","",""
"COMPASS","29090635","","Approved","01/05/2021","IE1-SCM01.02.10","","","","IE1-SCM01.02.10","","400","","0.00","Straight Time","7265","","","COMPASS WBS","","","","","","","","","","X","","IEES","IE1-SCM01.02.10","bdeee963-78c5-4781-b034-f27fd427cdbd","Agency Contractor","26/04/2021 - 02/05/2021","Ireland","29090635@sittest.com","IEST, SLII TEST 29090635 29090635@sittest.com","","HPWO00091429","","",""
"COMPASS","29090635","","Approved","02/05/2021","IE1-DMO01.03.05","","","","TEST FOR IE00","","400","","0.00","Overtime","7276","","","COMPASS WBS","Attribute 1","","","","","","","","","X","","IEES","TEST FOR IE00","ba8998fd-9652-4375-bead-65ff9897115b","Agency Contractor","26/04/2021 - 02/05/2021","Ireland","29090635@sittest.com","IEST, SLII TEST 29090635 29090635@sittest.com","","HPWO00091429","","",""
"COMPASS","29090635","","Approved","02/05/2021","IE1-DMO01.03.05","","","","TEST FOR IE00","","400","","0.00","Overtime","7279","","","COMPASS WBS","Attribute 1","","","","","","","","","X","","IEES","TEST FOR IE00","da82883d-36fc-4c53-b9c7-398e24f39ea2","Agency Contractor","26/04/2021 - 02/05/2021","Ireland","29090635@sittest.com","IEST, SLII TEST 29090635 29090635@sittest.com","","HPWO00091429","","",""
"COMPASS","29090635","","Approved","02/05/2021","IE1-SCM01.02.10","","","","IE1-SCM01.02.10","","400","","0.00","Straight Time","7266","","","COMPASS WBS","","","","","","","","","","X","","IEES","IE1-SCM01.02.10","d0184967-0d4b-4d71-9a3c-3c5edbee0862","Agency Contractor","26/04/2021 - 02/05/2021","Ireland","29090635@sittest.com","IEST, SLII TEST 29090635 29090635@sittest.com","","HPWO00091429","","",""
"COMPASS","29090635","","Approved","03/05/2021","IE1-DMO01.03.05","","","","TEST FOR IE00","","400","","0.00","Overtime","7277","","","COMPASS WBS","Attribute 1","","","","","","","","","X","","IEES","TEST FOR IE00","12da0507-c383-4cc9-a582-817228d7657c","Agency Contractor","03/05/2021 - 09/05/2021","Ireland","29090635@sittest.com","IEST, SLII TEST 29090635 29090635@sittest.com","","HPWO00091429","","",""
"COMPASS","29090635","","Approved","03/05/2021","IE1-DMO01.03.05","","","","TEST FOR IE00","","400","","0.00","Overtime","7280","","","COMPASS WBS","Attribute 1","","","","","","","","","X","","IEES","TEST FOR IE00","395136ae-43c3-4803-96b0-0715b0305533","Agency Contractor","03/05/2021 - 09/05/2021","Ireland","29090635@sittest.com","IEST, SLII TEST 29090635 29090635@sittest.com","","HPWO00091429","","",""
"COMPASS","29090635","","Approved","03/05/2021","IE1-SCM01.02.10","","","","IE1-SCM01.02.10","","400","","0.00","Straight Time","7267","","","COMPASS WBS","","","","","","","","","","X","","IEES","IE1-SCM01.02.10","00fbf72c-e5b2-49d6-945c-e4962b9afbd4","Agency Contractor","03/05/2021 - 09/05/2021","Ireland","29090635@sittest.com","IEST, SLII TEST 29090635 29090635@sittest.com","","HPWO00091429","","",""
"COMPASS","29090635","","Approved","03/05/2021","IE1-SCM01.02.10","","","","IE1-SCM01.02.10","","400","","0.00","Straight Time","7433","","","COMPASS WBS","","","","","","","","","","X","","IEES","IE1-SCM01.02.10","65843960-0711-4b64-a59b-f51e270e1ad8","Agency Contractor","03/05/2021 - 09/05/2021","Ireland","29090635@sittest.com","IEST, SLII TEST 29090635 29090635@sittest.com","","HPWO00091429","","",""
"COMPASS","29090635","","Approved","04/05/2021","IE1-SCM01.02.10","","","","IE1-SCM01.02.10","","400","","0.00","Straight Time","7268","","","COMPASS WBS","","","","","","","","","","X","","IEES","IE1-SCM01.02.10","7878e32d-fd3d-491a-8f8d-03a52fd3905a","Agency Contractor","03/05/2021 - 09/05/2021","Ireland","29090635@sittest.com","IEST, SLII TEST 29090635 29090635@sittest.com","","HPWO00091429","","",""
"COMPASS","29090635","","Approved","04/05/2021","IE1-SCM01.02.10","","","","IE1-SCM01.02.10","","400","","0.00","Straight Time","7434","","","COMPASS WBS","","","","","","","","","","X","","IEES","IE1-SCM01.02.10","3c7b9b0d-c79d-4f20-b3c2-29578ebb9c99","Agency Contractor","03/05/2021 - 09/05/2021","Ireland","29090635@sittest.com","IEST, SLII TEST 29090635 29090635@sittest.com","","HPWO00091429","","",""
"COMPASS","29090635","","Approved","05/05/2021","IE1-SCM01.02.10","","","","IE1-SCM01.02.10","","400","","8.00","Straight Time","7435","","","COMPASS WBS","","","","","","","","","","X","","IEES","IE1-SCM01.02.10","7808c68f-67a7-48bc-b9a0-58fcb02d0ec7","Agency Contractor","03/05/2021 - 09/05/2021","Ireland","29090635@sittest.com","IEST, SLII TEST 29090635 29090635@sittest.com","","HPWO00091429","","",""
"COMPASS","29090635","","Approved","05/05/2021","","","","","","","799","","0.00","","7272","","","","","","","","","","","","","","","IEES","","fae5ed5f-a9f0-4e17-a539-1195f83b86a5","Agency Contractor","03/05/2021 - 09/05/2021","Ireland","29090635@sittest.com","IEST, SLII TEST 29090635 29090635@sittest.com","","HPWO00091429","","",""
"COMPASS","29090635","","Approved","06/05/2021","IE1-SCM01.02.10","","","","IE1-SCM01.02.10","","400","","4.00","Straight Time","7436","","","COMPASS WBS","","","","","","","","","","X","","IEES","IE1-SCM01.02.10","9e5cf638-8fea-4a4c-91ba-23757a463b2c","Agency Contractor","03/05/2021 - 09/05/2021","Ireland","29090635@sittest.com","IEST, SLII TEST 29090635 29090635@sittest.com","","HPWO00091429","","",""
"COMPASS","29090635","","Approved","06/05/2021","","","","","","","799","","0.00","","7273","","","","","","","","","","","","","","","IEES","","c8f2c173-e19f-4614-b9ca-f22a029fd1f6","Agency Contractor","03/05/2021 - 09/05/2021","Ireland","29090635@sittest.com","IEST, SLII TEST 29090635 29090635@sittest.com","","HPWO00091429","","",""
"COMPASS","29090635","","Approved","07/05/2021","IE1-SCM01.02.10","","","","IE1-SCM01.02.10","","400","","1.00","Straight Time","7925","","","COMPASS WBS","","","","","","","","","","X","","IEES","IE1-SCM01.02.10","d7a57828-6a67-4ff2-81ee-1f9aeeb6ca45","Agency Contractor","03/05/2021 - 09/05/2021","Ireland","29090635@sittest.com","IEST, SLII TEST 29090635 29090635@sittest.com","","HPWO00091429","","",""
"COMPASS","29090635","","Approved","07/05/2021","","","","","","","799","","0.00","","7274","","","","","","","","","","","","","","","IEES","","1666d551-5f05-4322-8b62-dad83739a087","Agency Contractor","03/05/2021 - 09/05/2021","Ireland","29090635@sittest.com","IEST, SLII TEST 29090635 29090635@sittest.com","","HPWO00091429","","",""
"COMPASS","29090639","","Approved","03/05/2021","IE1-DMO01.03.05","","","","TEST FOR IE00","","400","","3.00","Straight Time","7535","","","COMPASS WBS","Attribute 1","","","","","","","","","X","","IEES","TEST FOR IE00","3c122b47-8f1e-4324-89e0-43dbf95b56ae","Agency Contractor","03/05/2021 - 09/05/2021","Ireland","29090639@sittest.com","IERateChange, SLII TEST 29090639 29090639@sittest.com","","HPWO00091433","","",""
"COMPASS","29090639","","Approved","04/05/2021","IE1-DMO01.03.05","","","","TEST FOR IE00","","400","","3.00","Straight Time","7536","","","COMPASS WBS","Attribute 1","","","","","","","","","X","","IEES","TEST FOR IE00","8bc64916-6047-4aad-9422-1ebd0685d625","Agency Contractor","03/05/2021 - 09/05/2021","Ireland","29090639@sittest.com","IERateChange, SLII TEST 29090639 29090639@sittest.com","","HPWO00091433","","",""
"COMPASS","29090639","","Approved","05/05/2021","IE1-DMO01.03.05","","","","TEST FOR IE00","","400","","3.00","Straight Time","7537","","","COMPASS WBS","Attribute 1","","","","","","","","","X","","IEES","TEST FOR IE00","42efc764-9919-417a-9df7-d272bce19475","Agency Contractor","03/05/2021 - 09/05/2021","Ireland","29090639@sittest.com","IERateChange, SLII TEST 29090639 29090639@sittest.com","","HPWO00091433","","",""
"COMPASS","29090639","","Approved","06/05/2021","IE1-DMO01.03.05","","","","TEST FOR IE00","","400","","3.00","Straight Time","7538","","","COMPASS WBS","Attribute 1","","","","","","","","","X","","IEES","TEST FOR IE00","2c8a754d-b8bc-4ae6-83ab-d15424d47492","Agency Contractor","03/05/2021 - 09/05/2021","Ireland","29090639@sittest.com","IERateChange, SLII TEST 29090639 29090639@sittest.com","","HPWO00091433","","",""
"COMPASS","29090639","","Approved","07/05/2021","IE1-DMO01.03.05","","","","TEST FOR IE00","","400","","3.00","Straight Time","7539","","","COMPASS WBS","Attribute 1","","","","","","","","","X","","IEES","TEST FOR IE00","e625a6a9-d370-45c2-86e9-f802c56eef18","Agency Contractor","03/05/2021 - 09/05/2021","Ireland","29090639@sittest.com","IERateChange, SLII TEST 29090639 29090639@sittest.com","","HPWO00091433","","",""
"COMPASS","29090639","","Approved","08/05/2021","IE1-DMO01.03.05","","","","TEST FOR IE00","","400","","3.00","Straight Time","7540","","","COMPASS WBS","Attribute 1","","","","","","","","","X","","IEES","TEST FOR IE00","79a64a52-daa3-4025-90f9-b1b5afee8aaa","Agency Contractor","03/05/2021 - 09/05/2021","Ireland","29090639@sittest.com","IERateChange, SLII TEST 29090639 29090639@sittest.com","","HPWO00091433","","",""
"COMPASS","29090639","","Approved","09/05/2021","IE1-DMO01.03.05","","","","TEST FOR IE00","","400","","3.00","Straight Time","7541","","","COMPASS WBS","Attribute 1","","","","","","","","","X","","IEES","TEST FOR IE00","4303a5d6-0b61-44cc-8a77-4275dc0bee11","Agency Contractor","03/05/2021 - 09/05/2021","Ireland","29090639@sittest.com","IERateChange, SLII TEST 29090639 29090639@sittest.com","","HPWO00091433","","",""
"COMPASS","29091099","","Approved","10/05/2021","IE1-DMOC1.25.05","IEEU501028","","","IE1-DMOC1.25.05","","400","","2.00","Double Time","58957","","","COMPASS WBS","","","","","","","","","C","","","IEEU","IE1-DMOC1.25.05","add8809d-e201-456a-8c94-5f86e425b6eb","Agency Contractor","10/05/2021 - 16/05/2021","Ireland","29091099@sittest.com","Su, Lama 29091099 29091099@sittest.com","","HPWO00091443","","",""
"COMPASS","29091099","","Approved","10/05/2021","IE1-DMOC1.25.05","IEEU501028","","","IE1-DMOC1.25.05","","400","","8.00","Straight Time","58952","","","COMPASS WBS","","","","","","","","","C","","","IEEU","IE1-DMOC1.25.05","622ea153-8779-48ce-942d-364e11e5cb2e","Agency Contractor","10/05/2021 - 16/05/2021","Ireland","29091099@sittest.com","Su, Lama 29091099 29091099@sittest.com","","HPWO00091443","","",""
"COMPASS","29091099","","Approved","11/05/2021","IE1-DMOC1.25.05","IEEU501028","","","IE1-DMOC1.25.05","","400","","2.00","Double Time","58958","","","COMPASS WBS","","","","","","","","","C","","","IEEU","IE1-DMOC1.25.05","be72199d-4dfb-42ea-9ab3-115a31bcabe9","Agency Contractor","10/05/2021 - 16/05/2021","Ireland","29091099@sittest.com","Su, Lama 29091099 29091099@sittest.com","","HPWO00091443","","",""
"COMPASS","29091099","","Approved","11/05/2021","IE1-DMOC1.25.05","IEEU501028","","","IE1-DMOC1.25.05","","400","","8.00","Straight Time","58953","","","COMPASS WBS","","","","","","","","","C","","","IEEU","IE1-DMOC1.25.05","11913229-fe19-4e3d-9ea8-f194ce3502b4","Agency Contractor","10/05/2021 - 16/05/2021","Ireland","29091099@sittest.com","Su, Lama 29091099 29091099@sittest.com","","HPWO00091443","","",""
"COMPASS","29091099","","Approved","12/05/2021","IE1-DMOC1.25.05","IEEU501028","","","IE1-DMOC1.25.05","","400","","2.00","Double Time","58959","","","COMPASS WBS","","","","","","","","","C","","","IEEU","IE1-DMOC1.25.05","d4dcef27-192c-451f-ae6b-d491c8f67eb6","Agency Contractor","10/05/2021 - 16/05/2021","Ireland","29091099@sittest.com","Su, Lama 29091099 29091099@sittest.com","","HPWO00091443","","",""
"COMPASS","29091099","","Approved","12/05/2021","IE1-DMOC1.25.05","IEEU501028","","","IE1-DMOC1.25.05","","400","","8.00","Straight Time","58954","","","COMPASS WBS","","","","","","","","","C","","","IEEU","IE1-DMOC1.25.05","b29a288b-e05d-4eb5-bb1e-b4b3d9a0d846","Agency Contractor","10/05/2021 - 16/05/2021","Ireland","29091099@sittest.com","Su, Lama 29091099 29091099@sittest.com","","HPWO00091443","","",""
"COMPASS","29091099","","Approved","13/05/2021","IE1-DMOC1.25.05","IEEU501028","","","IE1-DMOC1.25.05","","400","","2.00","Double Time","58960","","","COMPASS WBS","","","","","","","","","C","","","IEEU","IE1-DMOC1.25.05","25a2cfbb-3188-46a7-b383-293f46b089cb","Agency Contractor","10/05/2021 - 16/05/2021","Ireland","29091099@sittest.com","Su, Lama 29091099 29091099@sittest.com","","HPWO00091443","","",""
"COMPASS","29091099","","Approved","13/05/2021","IE1-DMOC1.25.05","IEEU501028","","","IE1-DMOC1.25.05","","400","","8.00","Straight Time","58955","","","COMPASS WBS","","","","","","","","","C","","","IEEU","IE1-DMOC1.25.05","310b2c31-8072-409f-8f4e-5f23d83451be","Agency Contractor","10/05/2021 - 16/05/2021","Ireland","29091099@sittest.com","Su, Lama 29091099 29091099@sittest.com","","HPWO00091443","","",""
"COMPASS","29091099","","Approved","14/05/2021","IE1-DMOC1.25.05","IEEU501028","","","IE1-DMOC1.25.05","","400","","2.00","Double Time","58961","","","COMPASS WBS","","","","","","","","","C","","","IEEU","IE1-DMOC1.25.05","e9f99bc9-fe00-4ed4-aaab-779b207c4144","Agency Contractor","10/05/2021 - 16/05/2021","Ireland","29091099@sittest.com","Su, Lama 29091099 29091099@sittest.com","","HPWO00091443","","",""
"COMPASS","29091099","","Approved","14/05/2021","IE1-DMOC1.25.05","IEEU501028","","","IE1-DMOC1.25.05","","400","","8.00","Straight Time","58956","","","COMPASS WBS","","","","","","","","","C","","","IEEU","IE1-DMOC1.25.05","1d88c7fd-3683-49b2-97e7-3cf550b9eaeb","Agency Contractor","10/05/2021 - 16/05/2021","Ireland","29091099@sittest.com","Su, Lama 29091099 29091099@sittest.com","","HPWO00091443","","",""
"COMPASS","29091108","","Approved","10/05/2021","IE1-DMOC1.25.05","IEEU501028","","","IE1-DMOC1.25.05","","400","","2.00","Overtime","59067","","","COMPASS WBS","","","","","","","","","C","","","IEEU","IE1-DMOC1.25.05","8875a716-13c5-4e31-91bf-09d8f1dfc8b1","Agency Contractor","10/05/2021 - 16/05/2021","Ireland","29091108@sittest.com","Medon, Tion 29091108 29091108@sittest.com","","HPWO00091451","","",""
"COMPASS","29091108","","Approved","10/05/2021","IE1-DMOC1.25.05","IEEU501028","","","IE1-DMOC1.25.05","","400","","8.00","Straight Time","59062","","","COMPASS WBS","","","","","","","","","C","","","IEEU","IE1-DMOC1.25.05","2dd54caf-8074-48cb-b02a-2e09a2b726fe","Agency Contractor","10/05/2021 - 16/05/2021","Ireland","29091108@sittest.com","Medon, Tion 29091108 29091108@sittest.com","","HPWO00091451","","",""
"COMPASS","29091108","","Approved","11/05/2021","IE1-DMOC1.25.05","IEEU501028","","","IE1-DMOC1.25.05","","400","","2.00","Overtime","59068","","","COMPASS WBS","","","","","","","","","C","","","IEEU","IE1-DMOC1.25.05","ad9ed574-8fee-4f60-9929-1e3805c76e73","Agency Contractor","10/05/2021 - 16/05/2021","Ireland","29091108@sittest.com","Medon, Tion 29091108 29091108@sittest.com","","HPWO00091451","","",""
"COMPASS","29091108","","Approved","11/05/2021","IE1-DMOC1.25.05","IEEU501028","","","IE1-DMOC1.25.05","","400","","8.00","Straight Time","59063","","","COMPASS WBS","","","","","","","","","C","","","IEEU","IE1-DMOC1.25.05","d53ebc4a-77b4-4aae-8937-0e8ea039ddfb","Agency Contractor","10/05/2021 - 16/05/2021","Ireland","29091108@sittest.com","Medon, Tion 29091108 29091108@sittest.com","","HPWO00091451","","",""
"COMPASS","29091108","","Approved","12/05/2021","IE1-DMOC1.25.05","IEEU501028","","","IE1-DMOC1.25.05","","400","","2.00","Overtime","59069","","","COMPASS WBS","","","","","","","","","C","","","IEEU","IE1-DMOC1.25.05","6ca4f035-587a-4f3e-b118-5ab5c6819938","Agency Contractor","10/05/2021 - 16/05/2021","Ireland","29091108@sittest.com","Medon, Tion 29091108 29091108@sittest.com","","HPWO00091451","","",""
"COMPASS","29091108","","Approved","12/05/2021","IE1-DMOC1.25.05","IEEU501028","","","IE1-DMOC1.25.05","","400","","8.00","Straight Time","59064","","","COMPASS WBS","","","","","","","","","C","","","IEEU","IE1-DMOC1.25.05","23791d87-626d-45f0-8e01-beba55d424c3","Agency Contractor","10/05/2021 - 16/05/2021","Ireland","29091108@sittest.com","Medon, Tion 29091108 29091108@sittest.com","","HPWO00091451","","",""
"COMPASS","29091108","","Approved","13/05/2021","IE1-DMOC1.25.05","IEEU501028","","","IE1-DMOC1.25.05","","400","","2.00","Overtime","59070","","","COMPASS WBS","","","","","","","","","C","","","IEEU","IE1-DMOC1.25.05","96eb3405-7eb6-4e8b-b1cf-c69256b8b0b6","Agency Contractor","10/05/2021 - 16/05/2021","Ireland","29091108@sittest.com","Medon, Tion 29091108 29091108@sittest.com","","HPWO00091451","","",""
"COMPASS","29091108","","Approved","13/05/2021","IE1-DMOC1.25.05","IEEU501028","","","IE1-DMOC1.25.05","","400","","8.00","Straight Time","59065","","","COMPASS WBS","","","","","","","","","C","","","IEEU","IE1-DMOC1.25.05","34d1f86c-0ff1-4bb1-bfad-952212b7bb24","Agency Contractor","10/05/2021 - 16/05/2021","Ireland","29091108@sittest.com","Medon, Tion 29091108 29091108@sittest.com","","HPWO00091451","","",""
"COMPASS","29091108","","Approved","14/05/2021","IE1-DMOC1.25.05","IEEU501028","","","IE1-DMOC1.25.05","","400","","2.00","Overtime","59071","","","COMPASS WBS","","","","","","","","","C","","","IEEU","IE1-DMOC1.25.05","946ce738-4c93-408f-b469-285f5de5b42f","Agency Contractor","10/05/2021 - 16/05/2021","Ireland","29091108@sittest.com","Medon, Tion 29091108 29091108@sittest.com","","HPWO00091451","","",""
"COMPASS","29091108","","Approved","14/05/2021","IE1-DMOC1.25.05","IEEU501028","","","IE1-DMOC1.25.05","","400","","8.00","Straight Time","59066","","","COMPASS WBS","","","","","","","","","C","","","IEEU","IE1-DMOC1.25.05","3ca0a4e4-6779-48c8-88be-6022a6384110","Agency Contractor","10/05/2021 - 16/05/2021","Ireland","29091108@sittest.com","Medon, Tion 29091108 29091108@sittest.com","","HPWO00091451","","",""
"COMPASS","29091108","","Approved","26/07/2021","IE1-DMOC1.25.05","IEEU501028","","","IE1-DMOC1.25.05","","431","","1.00","Straight Time","93816","","","COMPASS WBS","","","","","","","","","C","","","IEEU","IE1-DMOC1.25.05","dc53ea1b-4ee9-475c-8623-4cf0bb103938","Agency Contractor","26/07/2021 - 01/08/2021","Ireland","29091108@sittest.com","Medon, Tion 29091108 29091108@sittest.com","","HPWO00091451","","",""
"COMPASS","29091108","","Approved","27/07/2021","IE1-DMOC1.25.05","IEEU501028","","","IE1-DMOC1.25.05","","442","","0.00","Straight Time","93817","","","COMPASS WBS","","","","","","","","","C","","","IEEU","IE1-DMOC1.25.05","fdc69b02-3539-4e93-b108-5696843d22db","Agency Contractor","26/07/2021 - 01/08/2021","Ireland","29091108@sittest.com","Medon, Tion 29091108 29091108@sittest.com","","HPWO00091451","","",""
"COMPASS","29091108","","Approved","28/07/2021","IE1-DMOC1.25.05","IEEU501028","","","IE1-DMOC1.25.05","","451","","3.00","Straight Time","93818","","","COMPASS WBS","","","","","","","","","C","","","IEEU","IE1-DMOC1.25.05","f6c130c9-e46b-4f7d-8331-c21af6b6abe3","Agency Contractor","26/07/2021 - 01/08/2021","Ireland","29091108@sittest.com","Medon, Tion 29091108 29091108@sittest.com","","HPWO00091451","","",""
"COMPASS","29091108","","Approved","29/07/2021","IE1-DMOC1.25.05","IEEU501028","","","IE1-DMOC1.25.05","","441","","4.00","Straight Time","93819","","","COMPASS WBS","","","","","","","","","C","","","IEEU","IE1-DMOC1.25.05","440d8e94-3159-4cfb-a572-9955ccd6fd5e","Agency Contractor","26/07/2021 - 01/08/2021","Ireland","29091108@sittest.com","Medon, Tion 29091108 29091108@sittest.com","","HPWO00091451","","",""
"COMPASS","29091108","","Approved","02/08/2021","IE1-DMOC1.25.05","IEEU501028","","","IE1-DMOC1.25.05","","442","","4.00","Straight Time","93814","","","COMPASS WBS","","","","","","","","","C","","","IEEU","IE1-DMOC1.25.05","67c6e7a7-f3c0-4742-a298-62f3876e1730","Agency Contractor","02/08/2021 - 08/08/2021","Ireland","29091108@sittest.com","Medon, Tion 29091108 29091108@sittest.com","","HPWO00091451","","",""
"COMPASS","29091108","","Approved","03/08/2021","","IEEU501028","","","","","","","0.00","","93815","","","","","","","","","","","","","","","IEEU","","269e81fe-2613-472d-9f4a-1ea98cd57566","Agency Contractor","02/08/2021 - 08/08/2021","Ireland","29091108@sittest.com","Medon, Tion 29091108 29091108@sittest.com","","HPWO00091451","","",""
"COMPASS","29091111","","Approved","03/05/2021","IE1-DMOC1.25.05","IEEU501028","","","IE1-DMOC1.25.05","","400","","2.00","Overtime","59111","","","COMPASS WBS","","","","","","","","","C","","","IEEU","IE1-DMOC1.25.05","3878bc3d-0b45-42b7-93e0-84ff1ca4600e","Agency Contractor","03/05/2021 - 09/05/2021","Ireland","29091111@sittest.com","Amidala, Padme 29091111 29091111@sittest.com","","HPWO00091454","","",""
"COMPASS","29091111","","Approved","03/05/2021","IE1-DMOC1.25.05","IEEU501028","","","IE1-DMOC1.25.05","","400","","8.00","Straight Time","59105","","","COMPASS WBS","","","","","","","","","C","","","IEEU","IE1-DMOC1.25.05","a2393040-e1e0-4a74-8087-3edcb3a33917","Agency Contractor","03/05/2021 - 09/05/2021","Ireland","29091111@sittest.com","Amidala, Padme 29091111 29091111@sittest.com","","HPWO00091454","","",""
"COMPASS","29091111","","Approved","04/05/2021","IE1-DMOC1.25.05","IEEU501028","","","IE1-DMOC1.25.05","","400","","2.00","Overtime","59112","","","COMPASS WBS","","","","","","","","","C","","","IEEU","IE1-DMOC1.25.05","165b7e90-b223-4872-a22a-34b8359d958a","Agency Contractor","03/05/2021 - 09/05/2021","Ireland","29091111@sittest.com","Amidala, Padme 29091111 29091111@sittest.com","","HPWO00091454","","",""
"COMPASS","29091111","","Approved","04/05/2021","IE1-DMOC1.25.05","IEEU501028","","","IE1-DMOC1.25.05","","400","","8.00","Straight Time","59106","","","COMPASS WBS","","","","","","","","","C","","","IEEU","IE1-DMOC1.25.05","6c770feb-dfb9-4b2d-aff6-72367965a65b","Agency Contractor","03/05/2021 - 09/05/2021","Ireland","29091111@sittest.com","Amidala, Padme 29091111 29091111@sittest.com","","HPWO00091454","","",""
"COMPASS","29091111","","Approved","05/05/2021","IE1-DMOC1.25.05","IEEU501028","","","IE1-DMOC1.25.05","","400","","2.00","Overtime","59113","","","COMPASS WBS","","","","","","","","","C","","","IEEU","IE1-DMOC1.25.05","cf12c9b3-ed8d-4a88-819f-146eed053a53","Agency Contractor","03/05/2021 - 09/05/2021","Ireland","29091111@sittest.com","Amidala, Padme 29091111 29091111@sittest.com","","HPWO00091454","","",""
"COMPASS","29091111","","Approved","05/05/2021","IE1-DMOC1.25.05","IEEU501028","","","IE1-DMOC1.25.05","","400","","8.00","Straight Time","59107","","","COMPASS WBS","","","","","","","","","C","","","IEEU","IE1-DMOC1.25.05","878e0729-6ec9-4429-88ba-2db3249022c1","Agency Contractor","03/05/2021 - 09/05/2021","Ireland","29091111@sittest.com","Amidala, Padme 29091111 29091111@sittest.com","","HPWO00091454","","",""
"COMPASS","29091111","","Approved","06/05/2021","IE1-DMOC1.25.05","IEEU501028","","","IE1-DMOC1.25.05","","400","","2.00","Overtime","59114","","","COMPASS WBS","","","","","","","","","C","","","IEEU","IE1-DMOC1.25.05","755dded8-3ba6-49c2-b05a-b315c917cf37","Agency Contractor","03/05/2021 - 09/05/2021","Ireland","29091111@sittest.com","Amidala, Padme 29091111 29091111@sittest.com","","HPWO00091454","","",""
"COMPASS","29091111","","Approved","06/05/2021","IE1-DMOC1.25.05","IEEU501028","","","IE1-DMOC1.25.05","","400","","8.00","Straight Time","59108","","","COMPASS WBS","","","","","","","","","C","","","IEEU","IE1-DMOC1.25.05","2e47d966-a290-41e9-9740-debcd7aafb4a","Agency Contractor","03/05/2021 - 09/05/2021","Ireland","29091111@sittest.com","Amidala, Padme 29091111 29091111@sittest.com","","HPWO00091454","","",""
"COMPASS","29091111","","Approved","07/05/2021","IE1-DMOC1.25.05","IEEU501028","","","IE1-DMOC1.25.05","","400","","2.00","Overtime","59115","","","COMPASS WBS","","","","","","","","","C","","","IEEU","IE1-DMOC1.25.05","6c31163c-b351-48e0-955d-24963c6fae7d","Agency Contractor","03/05/2021 - 09/05/2021","Ireland","29091111@sittest.com","Amidala, Padme 29091111 29091111@sittest.com","","HPWO00091454","","",""
"COMPASS","29091111","","Approved","07/05/2021","IE1-DMOC1.25.05","IEEU501028","","","IE1-DMOC1.25.05","","400","","8.00","Straight Time","59110","","","COMPASS WBS","","","","","","","","","C","","","IEEU","IE1-DMOC1.25.05","aad389fd-736e-4080-8712-1d4e66a1d52f","Agency Contractor","03/05/2021 - 09/05/2021","Ireland","29091111@sittest.com","Amidala, Padme 29091111 29091111@sittest.com","","HPWO00091454","","",""
"COMPASS","29091111","","Approved","10/05/2021","IE1-DMOC1.25.05","IEEU501028","","","IE1-DMOC1.25.05","","400","","2.00","Overtime","59100","","","COMPASS WBS","","","","","","","","","C","","","IEEU","IE1-DMOC1.25.05","5ac5064d-9a2c-4195-9b94-c28d307e8bf5","Agency Contractor","10/05/2021 - 16/05/2021","Ireland","29091111@sittest.com","Amidala, Padme 29091111 29091111@sittest.com","","HPWO00091454","","",""
"COMPASS","29091111","","Approved","10/05/2021","IE1-DMOC1.25.05","IEEU501028","","","IE1-DMOC1.25.05","","400","","8.00","Straight Time","59095","","","COMPASS WBS","","","","","","","","","C","","","IEEU","IE1-DMOC1.25.05","8d4140b7-de0b-4444-b22d-af8bbc691c64","Agency Contractor","10/05/2021 - 16/05/2021","Ireland","29091111@sittest.com","Amidala, Padme 29091111 29091111@sittest.com","","HPWO00091454","","",""
"COMPASS","29091111","","Approved","11/05/2021","IE1-DMOC1.25.05","IEEU501028","","","IE1-DMOC1.25.05","","400","","2.00","Overtime","59101","","","COMPASS WBS","","","","","","","","","C","","","IEEU","IE1-DMOC1.25.05","e21d7df1-4f5a-42b7-9129-f3abc950a125","Agency Contractor","10/05/2021 - 16/05/2021","Ireland","29091111@sittest.com","Amidala, Padme 29091111 29091111@sittest.com","","HPWO00091454","","",""
"COMPASS","29091111","","Approved","11/05/2021","IE1-DMOC1.25.05","IEEU501028","","","IE1-DMOC1.25.05","","400","","8.00","Straight Time","59096","","","COMPASS WBS","","","","","","","","","C","","","IEEU","IE1-DMOC1.25.05","147ede1c-6351-4af0-a554-570fae1276d1","Agency Contractor","10/05/2021 - 16/05/2021","Ireland","29091111@sittest.com","Amidala, Padme 29091111 29091111@sittest.com","","HPWO00091454","","",""
"COMPASS","29091111","","Approved","12/05/2021","IE1-DMOC1.25.05","IEEU501028","","","IE1-DMOC1.25.05","","400","","2.00","Overtime","59102","","","COMPASS WBS","","","","","","","","","C","","","IEEU","IE1-DMOC1.25.05","8bb558c2-63de-4a27-933e-4f8fc39b1f8f","Agency Contractor","10/05/2021 - 16/05/2021","Ireland","29091111@sittest.com","Amidala, Padme 29091111 29091111@sittest.com","","HPWO00091454","","",""
"COMPASS","29091111","","Approved","12/05/2021","IE1-DMOC1.25.05","IEEU501028","","","IE1-DMOC1.25.05","","400","","8.00","Straight Time","59097","","","COMPASS WBS","","","","","","","","","C","","","IEEU","IE1-DMOC1.25.05","2911ec58-d712-4ac9-ada2-8d21bc33f3b7","Agency Contractor","10/05/2021 - 16/05/2021","Ireland","29091111@sittest.com","Amidala, Padme 29091111 29091111@sittest.com","","HPWO00091454","","",""
"COMPASS","29091111","","Approved","13/05/2021","IE1-DMOC1.25.05","IEEU501028","","","IE1-DMOC1.25.05","","400","","2.00","Overtime","59103","","","COMPASS WBS","","","","","","","","","C","","","IEEU","IE1-DMOC1.25.05","d7b0cc77-48ee-48f6-a395-a9f402bdb575","Agency Contractor","10/05/2021 - 16/05/2021","Ireland","29091111@sittest.com","Amidala, Padme 29091111 29091111@sittest.com","","HPWO00091454","","",""
"COMPASS","29091111","","Approved","13/05/2021","IE1-DMOC1.25.05","IEEU501028","","","IE1-DMOC1.25.05","","400","","8.00","Straight Time","59098","","","COMPASS WBS","","","","","","","","","C","","","IEEU","IE1-DMOC1.25.05","a599a705-a0b2-4f72-a88d-24ec0bfdd44c","Agency Contractor","10/05/2021 - 16/05/2021","Ireland","29091111@sittest.com","Amidala, Padme 29091111 29091111@sittest.com","","HPWO00091454","","",""
"COMPASS","29091111","","Approved","14/05/2021","IE1-DMOC1.25.05","IEEU501028","","","IE1-DMOC1.25.05","","400","","2.00","Overtime","59104","","","COMPASS WBS","","","","","","","","","C","","","IEEU","IE1-DMOC1.25.05","ca873830-8fa7-4d41-a852-0969e1e85d07","Agency Contractor","10/05/2021 - 16/05/2021","Ireland","29091111@sittest.com","Amidala, Padme 29091111 29091111@sittest.com","","HPWO00091454","","",""
"COMPASS","29091111","","Approved","14/05/2021","IE1-DMOC1.25.05","IEEU501028","","","IE1-DMOC1.25.05","","400","","8.00","Straight Time","59099","","","COMPASS WBS","","","","","","","","","C","","","IEEU","IE1-DMOC1.25.05","e98a7e7d-2a59-4cd8-9b65-93cc71cb8016","Agency Contractor","10/05/2021 - 16/05/2021","Ireland","29091111@sittest.com","Amidala, Padme 29091111 29091111@sittest.com","","HPWO00091454","","",""
"COMPASS","29091629","","Approved","28/06/2021","AU1-DMOC1.25.06","USA7524376","","","","","421","","4.00","Straight Time","91991","","req","COMPASS WBS","","","","","","","","","C","","","USA7","","c79ca5f8-41f3-4ea1-abe4-24ebf354bbd8","Agency Contractor","28/06/2021 - 04/07/2021","United States of America","29091629@sittest.com","Chetan, Mistry 29091629 29091629@sittest.com","","HPWO00091549","","",""
"COMPASS","29091629","","Approved","28/06/2021","","USA7524376","","","","","799","","1.00","","91990","","","","","","","","","","","","","","","USA7","","0ccc40d1-7c12-4a0b-bcbc-6866d7027d2f","Agency Contractor","28/06/2021 - 04/07/2021","United States of America","29091629@sittest.com","Chetan, Mistry 29091629 29091629@sittest.com","","HPWO00091549","","",""
"COMPASS","29091629","","Approved","08/07/2021","AU1-DMOC1.25.08","USA7524376","","","TEST08_3","","445","","7.00","Straight Time","89302","","required","COMPASS WBS","Attribute 1","","","","","","","","C","","","USA7","TEST08_3","e901669e-29e5-4aa7-9384-5ecec03a37dc","Agency Contractor","05/07/2021 - 11/07/2021","United States of America","29091629@sittest.com","Chetan, Mistry 29091629 29091629@sittest.com","","HPWO00091549","","",""
"COMPASS","29091629","","Approved","09/07/2021","","USA7524376","","","","","799","","8.00","","89300","","","","","","","","","","","","","","","USA7","","39cf48e1-8b51-4f95-8ead-572aa7759502","Agency Contractor","05/07/2021 - 11/07/2021","United States of America","29091629@sittest.com","Chetan, Mistry 29091629 29091629@sittest.com","","HPWO00091549","","",""
"COMPASS","29091629","","Approved","12/07/2021","","USA7524376","","","","","799","","8.00","","89274","",".","","","","","","","","","","","","","USA7","","35995d3e-8595-4e1c-ac89-861ac1e88b38","Agency Contractor","12/07/2021 - 18/07/2021","United States of America","29091629@sittest.com","Chetan, Mistry 29091629 29091629@sittest.com","","HPWO00091549","","",""
"COMPASS","29091629","","Approved","13/07/2021","AU1-DMOC1.25.08","USA7524376","","","TEST08_2","","421","","3.00","Straight Time","89280","","mandatory.","COMPASS WBS","Attribute 1","","","","","","","","C","","","USA7","TEST08_2","347c02cb-657d-4393-a493-7603fcd5d658","Agency Contractor","12/07/2021 - 18/07/2021","United States of America","29091629@sittest.com","Chetan, Mistry 29091629 29091629@sittest.com","","HPWO00091549","","",""
"COMPASS","29091629","","Approved","14/07/2021","AU1-DMOC1.25.06","USA7524376","","","","","406","","3.00","Overtime","89288","","required.","COMPASS WBS","","","","","","","","","C","","","USA7","","b2ceec2b-8f5b-4842-bd73-fd88cde0d58d","Agency Contractor","12/07/2021 - 18/07/2021","United States of America","29091629@sittest.com","Chetan, Mistry 29091629 29091629@sittest.com","","HPWO00091549","","",""
"COMPASS","29091629","","Approved","14/07/2021","AU1-DMOC1.25.07","USA7524376","","","TEST1","","414","","4.00","Double Time","89287","",".","COMPASS WBS","Attribute 1","","","","","","","","C","","","USA7","TEST1","6a731c29-150b-46f9-9aaf-0f56d252e3be","Agency Contractor","12/07/2021 - 18/07/2021","United States of America","29091629@sittest.com","Chetan, Mistry 29091629 29091629@sittest.com","","HPWO00091549","","",""
"COMPASS","29091629","","Approved","16/07/2021","US1-DMOC1.25.07","USA7524376","","","TEST 2","","422","","5.00","Straight Time","89289","",".","COMPASS WBS","Attribute 1","","","","test with customer 1.2,3","","","","C","","","USA7","TEST 2","8fa9d7a7-5ad5-4a1e-8ba9-58d7a3b51926","Agency Contractor","12/07/2021 - 18/07/2021","United States of America","29091629@sittest.com","Chetan, Mistry 29091629 29091629@sittest.com","","HPWO00091549","","",""
"COMPASS","29091629","","Approved","19/07/2021","","USA7524376","","","","","799","","8.00","","89293","","..","","","","","","","","","","","","","USA7","","a1147617-4f6e-41c1-92f0-0c34b52431be","Agency Contractor","19/07/2021 - 25/07/2021","United States of America","29091629@sittest.com","Chetan, Mistry 29091629 29091629@sittest.com","","HPWO00091549","","",""
"COMPASS","29091629","","Approved","20/07/2021","AU1-DMOC1.25.08","USA7524376","","","TEST08_2","","421","","3.00","Straight Time","89292","","mandatory.","COMPASS WBS","Attribute 1","","","","","","","","C","","","USA7","TEST08_2","c413d961-c341-486e-a866-54fec625a619","Agency Contractor","19/07/2021 - 25/07/2021","United States of America","29091629@sittest.com","Chetan, Mistry 29091629 29091629@sittest.com","","HPWO00091549","","",""
"COMPASS","29091629","","Approved","21/07/2021","AU1-DMOC1.25.06","USA7524376","WBS / SO Rate","","","","406","","3.00","Overtime","89296","","required.","COMPASS WBS","","","","","","","","","C","","","USA7","","48b4e400-9500-4c8b-abf8-f7e28a5b4cd6","Agency Contractor","19/07/2021 - 25/07/2021","United States of America","29091629@sittest.com","Chetan, Mistry 29091629 29091629@sittest.com","","HPWO00091549","","",""
"COMPASS","29091629","","Approved","21/07/2021","AU1-DMOC1.25.07","USA7524376","","","TEST1","","414","","4.00","Double Time","89294","",".","COMPASS WBS","Attribute 1","","","","","","","","C","","","USA7","TEST1","1a2d0c3e-7d5a-44fd-b1a9-71469386f9c3","Agency Contractor","19/07/2021 - 25/07/2021","United States of America","29091629@sittest.com","Chetan, Mistry 29091629 29091629@sittest.com","","HPWO00091549","","",""
"COMPASS","29091629","","Approved","23/07/2021","US1-DMOC1.25.07","USA7524376","","","TEST 2","","422","","5.00","Straight Time","89295","",".","COMPASS WBS","Attribute 1","","","","test with customer 1.2,3","","","","C","","","USA7","TEST 2","dda05088-af34-446b-9347-27c21c4e5835","Agency Contractor","19/07/2021 - 25/07/2021","United States of America","29091629@sittest.com","Chetan, Mistry 29091629 29091629@sittest.com","","HPWO00091549","","",""
"COMPASS","29091629","","Approved","17/08/2021","RU1-EN001.10.15","USA7524376","","","ATTR2","","400","","8.00","Straight Time","97611","","","COMPASS WBS","Attribute 2","","","","","","","","C","","","USA7","TEST3 / ATTR2","50eb8fa2-6c69-4d59-a5af-9b6f566aa2b9","Agency Contractor","16/08/2021 - 22/08/2021","United States of America","29091629@sittest.com","Chetan, Mistry 29091629 29091629@sittest.com","","HPWO00091549","","",""
"COMPASS","29091630","","Approved","28/06/2021","US1-DMOC1.25.14","USA7524376","","","","","411","","6.00","Straight Time","89525","","","COMPASS WBS","","","","","","","","","C","","","USA7","","e87f225a-416a-45bf-a4a8-ec592b676455","Agency Contractor","28/06/2021 - 04/07/2021","United States of America","29091630@sittest.com","Shawanda, Harris 29091630 29091630@sittest.com","","HPWO00091550","","",""
"COMPASS","29091630","","Approved","29/06/2021","","USA7524376","","","","","799","","2.00","","89505","","","","","","","","","","","","","","","USA7","","c4f88606-ed77-4b19-8dfb-541ac10b41fe","Agency Contractor","28/06/2021 - 04/07/2021","United States of America","29091630@sittest.com","Shawanda, Harris 29091630 29091630@sittest.com","","HPWO00091550","","",""
"COMPASS","29091630","","Approved","05/07/2021","US1-DMOC1.25.05","USA7524376","","","","","400","","1.00","Straight Time","95282","","","COMPASS WBS","","","","","","","","","C","","","USA7","","c68b9a75-1b3d-4f84-9018-a50c4fd07199","Agency Contractor","05/07/2021 - 11/07/2021","United States of America","29091630@sittest.com","Shawanda, Harris 29091630 29091630@sittest.com","","HPWO00091550","","",""
"COMPASS","29091630","","Approved","05/07/2021","US1-DMOC1.25.14","USA7524376","","","","","411","","0.00","Straight Time","90032","","","COMPASS WBS","","","","","","","","","C","","","USA7","","3731028e-e77d-4a37-8661-fdf99d71f922","Agency Contractor","05/07/2021 - 11/07/2021","United States of America","29091630@sittest.com","Shawanda, Harris 29091630 29091630@sittest.com","","HPWO00091550","","",""
"COMPASS","29091630","","Approved","06/07/2021","","USA7524376","","","","","799","","0.00","","90031","","","","","","","","","","","","","","","USA7","","7555661b-316e-426f-8503-43f235421445","Agency Contractor","05/07/2021 - 11/07/2021","United States of America","29091630@sittest.com","Shawanda, Harris 29091630 29091630@sittest.com","","HPWO00091550","","",""
"COMPASS","29091630","","Approved","12/07/2021","US1-DMOC1.25.07","USA7524376","","","TEST1","","401","","2.00","Straight Time","88680","","","COMPASS WBS","Attribute 1","","","","","","","","C","","","USA7","TEST1","850b4a07-c6ed-4b93-9042-6a991d0c810f","Agency Contractor","12/07/2021 - 18/07/2021","United States of America","29091630@sittest.com","Shawanda, Harris 29091630 29091630@sittest.com","","HPWO00091550","","",""
"COMPASS","29091630","","Approved","13/07/2021","","USA7524376","","","","","799","","1.00","","90574","","","","","","","","","","","","","","","USA7","","c4a5d2d4-b9b2-4299-b317-cdaff7397668","Agency Contractor","12/07/2021 - 18/07/2021","United States of America","29091630@sittest.com","Shawanda, Harris 29091630 29091630@sittest.com","","HPWO00091550","","",""
"COMPASS","29091630","","Approved","19/07/2021","US1-DMOC1.25.14","USA7524376","","","TEST14_1","","400","","2.00","Double Time","88634","","","COMPASS WBS","Attribute 1","","","","","","","","C","","","USA7","TEST14_1","0e803f6d-2f6b-4c17-b27f-2d985b212376","Agency Contractor","19/07/2021 - 25/07/2021","United States of America","29091630@sittest.com","Shawanda, Harris 29091630 29091630@sittest.com","","HPWO00091550","","",""
"COMPASS","29091630","","Approved","19/07/2021","","USA7524376","","","","","799","","4.00","","89504","","","","","","","","","","","","","","","USA7","","467cf62f-ad9f-4ee7-a9ee-1ac66c65e1f7","Agency Contractor","19/07/2021 - 25/07/2021","United States of America","29091630@sittest.com","Shawanda, Harris 29091630 29091630@sittest.com","","HPWO00091550","","",""
"COMPASS","29091630","","Approved","20/07/2021","US1-DMOC1.25.07","USA7524376","","","TEST1","","401","","3.00","Double Time","88687","","","COMPASS WBS","Attribute 1","","","","","","","","C","","","USA7","TEST1","4a2a6007-804e-4ff2-9b90-437b5ff34137","Agency Contractor","19/07/2021 - 25/07/2021","United States of America","29091630@sittest.com","Shawanda, Harris 29091630 29091630@sittest.com","","HPWO00091550","","",""
"COMPASS","29091630","","Approved","21/07/2021","US1-DMOC1.25.05","USA7524376","","","","","400","","0.00","Double Time","88696","","","COMPASS WBS","","","","","","","","","C","","","USA7","","baf88493-de73-4b53-94f6-c7f53e1ebe0e","Agency Contractor","19/07/2021 - 25/07/2021","United States of America","29091630@sittest.com","Shawanda, Harris 29091630 29091630@sittest.com","","HPWO00091550","","",""
"COMPASS","29091630","","Approved","22/07/2021","US1-DMOC1.25.15","USA7524376","","","ATTR 14.1.2","","405","","1.00","Double Time","89496","","","COMPASS WBS","Attribute 1","","","","","","","","","","","USA7","ATTR 14.1.2","d4677500-539c-4ae9-81d3-385b62c560c0","Agency Contractor","19/07/2021 - 25/07/2021","United States of America","29091630@sittest.com","Shawanda, Harris 29091630 29091630@sittest.com","","HPWO00091550","","",""
"COMPASS","29091630","","Approved","23/07/2021","US1-DMOC1.25.05","USA7524376","","","","","406","","2.00","Double Time","89497","","","COMPASS WBS","","","a","b","c","","","","C","","","USA7","","743ac371-ff3c-4a0d-952a-1f8a98a8919a","Agency Contractor","19/07/2021 - 25/07/2021","United States of America","29091630@sittest.com","Shawanda, Harris 29091630 29091630@sittest.com","","HPWO00091550","","",""
"COMPASS","29091630","","Approved","26/07/2021","US1-DMOC1.25.05","USA7524376","","","","","400","","1.00","Straight Time","90013","","","COMPASS WBS","","","","","","","","","C","","","USA7","","f4d756e9-4992-40fe-962f-4b373d6cf5dc","Agency Contractor","26/07/2021 - 01/08/2021","United States of America","29091630@sittest.com","Shawanda, Harris 29091630 29091630@sittest.com","","HPWO00091550","","",""
"COMPASS","29091630","","Approved","26/07/2021","US1-DMOC1.25.05","USA7524376","","","","","400","","1.00","Straight Time","90014","","","COMPASS WBS","","","a","b","c","","","","C","","","USA7","","078e4c01-cbf0-4961-a5a6-3aaec161761a","Agency Contractor","26/07/2021 - 01/08/2021","United States of America","29091630@sittest.com","Shawanda, Harris 29091630 29091630@sittest.com","","HPWO00091550","","",""
"COMPASS","29091630","","Approved","26/07/2021","US1-DMOC1.25.08","USA7524376","","","","","400","","3.00","Straight Time","90012","","TA delegation","COMPASS WBS","","","","","","","","","C","","","USA7","","05f4cba3-a0a3-4ec0-8602-3cfcbd473d06","Agency Contractor","26/07/2021 - 01/08/2021","United States of America","29091630@sittest.com","Shawanda, Harris 29091630 29091630@sittest.com","","HPWO00091550","","",""
"COMPASS","29091630","","Approved","26/07/2021","US1-DMOC1.25.14","USA7524376","","","","","400","","2.00","Straight Time","90011","","","COMPASS WBS","","","","","","","","","C","","","USA7","","5886f59d-ceb0-4c87-805d-18a903a36c91","Agency Contractor","26/07/2021 - 01/08/2021","United States of America","29091630@sittest.com","Shawanda, Harris 29091630 29091630@sittest.com","","HPWO00091550","","",""
"COMPASS","29091630","","Approved","26/07/2021","","USA7524376","","","","","799","","1.00","","90015","","","","","","","","","","","","","","","USA7","","78205e15-9922-4ae0-86fb-0bf0da7312fa","Agency Contractor","26/07/2021 - 01/08/2021","United States of America","29091630@sittest.com","Shawanda, Harris 29091630 29091630@sittest.com","","HPWO00091550","","",""
"COMPASS","29091630","","Approved","27/07/2021","IN1-DMOC1.25.01","USA7524376","","","","","400","","4.00","Straight Time","90022","","","COMPASS WBS","","","","","","","","","C","","","USA7","","65475399-9826-45d5-a5a7-756fe3245434","Agency Contractor","26/07/2021 - 01/08/2021","United States of America","29091630@sittest.com","Shawanda, Harris 29091630 29091630@sittest.com","","HPWO00091550","","",""
"COMPASS","29091630","","Approved","27/07/2021","US1-DMOC1.25.05","USA7524376","","","","","400","","0.00","Straight Time","90021","","","COMPASS WBS","","","","","","","","","C","","","USA7","","c2b900fa-c437-4004-b4d2-3dd42848fd90","Agency Contractor","26/07/2021 - 01/08/2021","United States of America","29091630@sittest.com","Shawanda, Harris 29091630 29091630@sittest.com","","HPWO00091550","","",""
"COMPASS","29091630","","Approved","02/08/2021","US1-DMOC1.25.03","USA7524376","","","","","400","","4.00","Straight Time","90029","","","COMPASS WBS","","","","","","","","","C","","","USA7","","35d98978-92e3-46ad-b67c-04172310dc87","Agency Contractor","02/08/2021 - 08/08/2021","United States of America","29091630@sittest.com","Shawanda, Harris 29091630 29091630@sittest.com","","HPWO00091550","","",""
"COMPASS","29091630","","Approved","03/08/2021","US1-DMOC1.25.03","USA7524376","","","","","400","","2.00","Straight Time","90030","","","COMPASS WBS","","","","","","","","","C","","","USA7","","94644251-e782-4cc7-ad3f-df394aad2c11","Agency Contractor","02/08/2021 - 08/08/2021","United States of America","29091630@sittest.com","Shawanda, Harris 29091630 29091630@sittest.com","","HPWO00091550","","",""
"COMPASS","29091630","","Approved","09/08/2021","RU1-FM002.10.30.05","USA7524376","","","","","400","","2.00","Straight Time","96491","","","COMPASS WBS","","","","","","","","","C","","","USA7","","662a8b5b-e8a1-44aa-9595-3e5eeff06a64","Agency Contractor","09/08/2021 - 15/08/2021","United States of America","29091630@sittest.com","Shawanda, Harris 29091630 29091630@sittest.com","","HPWO00091550","","",""
"COMPASS","29091630","","Approved","09/08/2021","US1-DMOC1.25.05","USA7524376","","","","","400","","22.00","Double Time","98521","","","COMPASS WBS","","","","","","","","","C","","","USA7","","f6b92b81-577b-498f-a69f-9631092b3d49","Agency Contractor","09/08/2021 - 15/08/2021","United States of America","29091630@sittest.com","Shawanda, Harris 29091630 29091630@sittest.com","","HPWO00091550","","",""
"COMPASS","29091630","","Approved","10/08/2021","US1-DMOC1.25.05","USA7524376","","","","","400","","24.00","Double Time","98522","","","COMPASS WBS","","","","","","","","","C","","","USA7","","c72c47c1-3c15-4b8d-a9c9-44936becf0de","Agency Contractor","09/08/2021 - 15/08/2021","United States of America","29091630@sittest.com","Shawanda, Harris 29091630 29091630@sittest.com","","HPWO00091550","","",""
"COMPASS","29091630","","Approved","11/08/2021","US1-DMOC1.25.05","USA7524376","","","","","400","","24.00","Double Time","98523","","","COMPASS WBS","","","","","","","","","C","","","USA7","","a4cc4636-8909-45a3-87d3-fb085ee6b4d6","Agency Contractor","09/08/2021 - 15/08/2021","United States of America","29091630@sittest.com","Shawanda, Harris 29091630 29091630@sittest.com","","HPWO00091550","","",""
"COMPASS","29091630","","Approved","12/08/2021","US1-DMOC1.25.05","USA7524376","","","","","400","","24.00","Double Time","98524","","","COMPASS WBS","","","","","","","","","C","","","USA7","","d3389c29-3a72-4c7c-83c3-04a2fc4906b5","Agency Contractor","09/08/2021 - 15/08/2021","United States of America","29091630@sittest.com","Shawanda, Harris 29091630 29091630@sittest.com","","HPWO00091550","","",""
"COMPASS","29091630","","Approved","13/08/2021","US1-DMOC1.25.05","USA7524376","","","","","400","","24.00","Double Time","98525","","","COMPASS WBS","","","","","","","","","C","","","USA7","","b90a0b29-5b28-414f-aa9d-c5411565d265","Agency Contractor","09/08/2021 - 15/08/2021","United States of America","29091630@sittest.com","Shawanda, Harris 29091630 29091630@sittest.com","","HPWO00091550","","",""
"COMPASS","29091630","","Approved","14/08/2021","US1-DMOC1.25.05","USA7524376","","","","","400","","24.00","Double Time","98526","","","COMPASS WBS","","","","","","","","","C","","","USA7","","47c71583-22b7-4d97-85f7-a249b2754b5b","Agency Contractor","09/08/2021 - 15/08/2021","United States of America","29091630@sittest.com","Shawanda, Harris 29091630 29091630@sittest.com","","HPWO00091550","","",""
"COMPASS","29091630","","Approved","15/08/2021","US1-DMOC1.25.05","USA7524376","","","","","400","","24.00","Double Time","98527","","","COMPASS WBS","","","","","","","","","C","","","USA7","","b7aa8991-bfac-45ac-840d-323c3246b664","Agency Contractor","09/08/2021 - 15/08/2021","United States of America","29091630@sittest.com","Shawanda, Harris 29091630 29091630@sittest.com","","HPWO00091550","","",""
"COMPASS","29091630","","Approved","16/08/2021","US1-DMOC1.25.05","USA7524376","","","","","400","","24.00","Double Time","98528","","","COMPASS WBS","","","","","","","","","C","","","USA7","","75fcf728-6083-4a71-b0be-b42315f50b5b","Agency Contractor","16/08/2021 - 22/08/2021","United States of America","29091630@sittest.com","Shawanda, Harris 29091630 29091630@sittest.com","","HPWO00091550","","",""
"COMPASS","29091630","","Approved","17/08/2021","US1-DMOC1.25.05","USA7524376","","","","","400","","24.00","Double Time","98529","","","COMPASS WBS","","","","","","","","","C","","","USA7","","4003eb6b-7785-4a40-8ae8-f8f0a9f6b6e2","Agency Contractor","16/08/2021 - 22/08/2021","United States of America","29091630@sittest.com","Shawanda, Harris 29091630 29091630@sittest.com","","HPWO00091550","","",""
"COMPASS","29091630","","Approved","18/08/2021","US1-DMOC1.25.05","USA7524376","","","","","400","","24.00","Double Time","98530","","","COMPASS WBS","","","","","","","","","C","","","USA7","","f3351df2-31c7-4e67-be0c-614e3b2f89a8","Agency Contractor","16/08/2021 - 22/08/2021","United States of America","29091630@sittest.com","Shawanda, Harris 29091630 29091630@sittest.com","","HPWO00091550","","",""
"COMPASS","29091630","","Approved","19/08/2021","US1-DMOC1.25.05","USA7524376","","","","","400","","24.00","Double Time","98531","","","COMPASS WBS","","","","","","","","","C","","","USA7","","dae62d62-7b71-4c82-9463-5a9b6d158f0b","Agency Contractor","16/08/2021 - 22/08/2021","United States of America","29091630@sittest.com","Shawanda, Harris 29091630 29091630@sittest.com","","HPWO00091550","","",""
"COMPASS","29091630","","Approved","20/08/2021","US1-DMOC1.25.05","USA7524376","","","","","400","","24.00","Double Time","98532","","","COMPASS WBS","","","","","","","","","C","","","USA7","","b5272002-9421-4ea2-b178-d6906860c2ec","Agency Contractor","16/08/2021 - 22/08/2021","United States of America","29091630@sittest.com","Shawanda, Harris 29091630 29091630@sittest.com","","HPWO00091550","","",""
"COMPASS","29091630","","Approved","21/08/2021","US1-DMOC1.25.05","USA7524376","","","","","400","","0.00","Double Time","98533","","","COMPASS WBS","","","","","","","","","C","","","USA7","","7bcdb27f-8efb-4fd2-8815-9efa41dbac76","Agency Contractor","16/08/2021 - 22/08/2021","United States of America","29091630@sittest.com","Shawanda, Harris 29091630 29091630@sittest.com","","HPWO00091550","","",""
"COMPASS","29091630","","Approved","22/08/2021","US1-DMOC1.25.05","USA7524376","","","","","400","","0.00","Double Time","98534","","","COMPASS WBS","","","","","","","","","C","","","USA7","","423c088e-d4a2-4cd8-a985-38eeb030ffc8","Agency Contractor","16/08/2021 - 22/08/2021","United States of America","29091630@sittest.com","Shawanda, Harris 29091630 29091630@sittest.com","","HPWO00091550","","",""
"COMPASS","29091631","","Approved","05/07/2021","US1-DMOC1.25.14","USA7524376","","","TEST14_1","","400","","2.00","Straight Time","88005","","","COMPASS WBS","Attribute 1","","","","","","","","C","","","USA7","TEST14_1","4675d36b-4e27-4064-b364-72b354612405","Agency Contractor","05/07/2021 - 11/07/2021","United States of America","29091631@sittest.com","David, Carter 29091631 29091631@sittest.com","","HPWO00091551","","",""
"COMPASS","29091631","","Approved","19/07/2021","US1-DMOC1.41.01","USA7524376","","","","","400","","0.00","Straight Time","88002","","","COMPASS WBS","","","","","","","","","L","","","USA7","","6ea2d63b-961b-474a-8844-ffbd2a3e43d4","Agency Contractor","19/07/2021 - 25/07/2021","United States of America","29091631@sittest.com","David, Carter 29091631 29091631@sittest.com","","HPWO00091551","","",""
"COMPASS","29091631","","Approved","04/08/2021","RU1-FM002.10.30.05","USA7524376","","","","","499","","5.00","Straight Time","98441","","","COMPASS WBS","","","","","","","","","C","","","USA7","","86a157d1-8935-4904-8eb6-85ceafb89652","Agency Contractor","02/08/2021 - 08/08/2021","United States of America","29091631@sittest.com","David, Carter 29091631 29091631@sittest.com","","HPWO00091551","","",""
"COMPASS","29091631","","Approved","11/08/2021","RU1-FM002.10.30.05","USA7524376","","","","","400","","2.00","Double Time","98446","","","COMPASS WBS","","","","","","","","","C","","","USA7","","db0a66c2-144c-4f24-b738-cc2d512b7537","Agency Contractor","09/08/2021 - 15/08/2021","United States of America","29091631@sittest.com","David, Carter 29091631 29091631@sittest.com","","HPWO00091551","","",""
"COMPASS","29091631","","Approved","18/08/2021","RU1-FM002.10.30.05","USA7524376","","","","","421","","1.00","Straight Time","98448","","","COMPASS WBS","","","","","","","","","C","","","USA7","","24fac1cd-58da-423b-abcf-fe1b914359e7","Agency Contractor","16/08/2021 - 22/08/2021","United States of America","29091631@sittest.com","David, Carter 29091631 29091631@sittest.com","","HPWO00091551","","",""
"COMPASS","29091631","","Approved","13/09/2021","DE1-DMOC1.25.11","USA7524376","","","ES-617008-42235198","","414","","2.00","Straight Time","101557","","PPMC","COMPASS WBS","PPMC Project & Task","","","","","","","","C","","","USA7","TEST11_1 / TEST11_11 / ES-617008-42235198","8e6558fa-088b-411e-8241-cf33e0ace9bb","Agency Contractor","13/09/2021 - 19/09/2021","United States of America","29091631@sittest.com","David, Carter 29091631 29091631@sittest.com","","HPWO00091551","","",""
"COMPASS","29091631","","Approved","15/09/2021","DE1-DMOC1.25.11","USA7524376","","","ES-617008-42235198","","442","","3.00","Double Time","101558","","PPMC","COMPASS WBS","PPMC Project & Task","","","","","","","","C","","","USA7","TEST11_3 / TEST11_21 / ES-617008-42235198","de1c4934-31ed-4ebe-bafd-6d093fc19f22","Agency Contractor","13/09/2021 - 19/09/2021","United States of America","29091631@sittest.com","David, Carter 29091631 29091631@sittest.com","","HPWO00091551","","",""
"COMPASS","29091631","","Approved","22/09/2021","DE1-CATW1.02.05","USA7524376","","","ES-617008-42235198","","432","","2.00","Straight Time","101945","","","COMPASS WBS","PPMC Project & Task","","","","","","","","C","","","USA7","ES-617008-42235198","13493875-9aee-48eb-837f-191ae7408c73","Agency Contractor","20/09/2021 - 26/09/2021","United States of America","29091631@sittest.com","David, Carter 29091631 29091631@sittest.com","","HPWO00091551","","",""
"COMPASS","29091631","","Approved","22/09/2021","DE1-CATW1.02.05","USA7524376","","","ES-617008-42235198","","433","","3.00","Double Time","101944","","","COMPASS WBS","PPMC Project & Task","","","","","","","","C","","","USA7","ES-617008-42235198","970a1f64-ca8c-4c4f-9372-4c1a159824bf","Agency Contractor","20/09/2021 - 26/09/2021","United States of America","29091631@sittest.com","David, Carter 29091631 29091631@sittest.com","","HPWO00091551","","",""
"C1","23179054","","Approved","04/04/2021","","C110299951","","","","","","","3.00","Double Time","2733","","","","","","","","","","","","","","","1102","","7af13878-1410-4228-adca-af60e88f974f","Agency Contractor","03/04/2021 - 09/04/2021","","23179054@sittest.com","Duncan, Emily","","HPWO00091279","","Null",""
"C1","23179054","","Approved","05/04/2021","","C110299951","","","","","799","","9.00","Straight Time","2730","","","","","","","","","","","","","","","1102","","f26ed220-2ece-4f39-b703-4899436f42b4","Agency Contractor","03/04/2021 - 09/04/2021","","23179054@sittest.com","Duncan, Emily","","HPWO00091279","","Null",""
"C1","23179054","","Approved","06/04/2021","","C110299951","","","","","799","","9.00","Straight Time","2731","","","","","","","","","","","","","","","1102","","13faa91b-0922-4b92-992a-1d69646a0d2f","Agency Contractor","03/04/2021 - 09/04/2021","","23179054@sittest.com","Duncan, Emily","","HPWO00091279","","Null",""
"C1","23179054","","Approved","06/04/2021","","C110299951","","","","","","","2.00","Double Time","2732","","","","","","","","","","","","","","","1102","","588cc406-fb54-48fe-b9ad-6debad29ac0e","Agency Contractor","03/04/2021 - 09/04/2021","","23179054@sittest.com","Duncan, Emily","","HPWO00091279","","Null",""
"C1","29090136","99748503","Approved","08/03/2021","4012764","C110299951","LEGACY BILLING|Billable","","4012764","","","","8.00","Straight Time","1697","","","C1 WBS","","","","","","","","SO","RV","","R-010020403.0053","1102","4012764","889e13d0-4a6c-42c5-8887-673d499fb8d9","Agency Contractor","06/03/2021 - 12/03/2021","Alberta","29090136@sittest.com","Roberts, Christian 29090136 29090136@sittest.com","0000000000","HPWO00091293","","99748503",""
"C1","29090136","99748503","Approved","09/03/2021","4012764","C110299951","LEGACY BILLING|Billable","","4012764","","","","8.00","Straight Time","1698","","","C1 WBS","","","","","","","","SO","RV","","R-010020403.0053","1102","4012764","fae87028-378e-4c5d-baa5-bd222fb71061","Agency Contractor","06/03/2021 - 12/03/2021","Alberta","29090136@sittest.com","Roberts, Christian 29090136 29090136@sittest.com","0000000000","HPWO00091293","","99748503",""
"C1","29090136","99748503","Approved","10/03/2021","4012764","C110299951","LEGACY BILLING|Billable","","4012764","","","","8.00","Straight Time","1699","","","C1 WBS","","","","","","","","SO","RV","","R-010020403.0053","1102","4012764","eeb58e56-c540-4416-9096-5924d2065c4f","Agency Contractor","06/03/2021 - 12/03/2021","Alberta","29090136@sittest.com","Roberts, Christian 29090136 29090136@sittest.com","0000000000","HPWO00091293","","99748503",""
"C1","29090136","99748503","Approved","11/03/2021","4012764","C110299951","LEGACY BILLING|Billable","","4012764","","","","8.00","Straight Time","1700","","","C1 WBS","","","","","","","","SO","RV","","R-010020403.0053","1102","4012764","b887d598-95b6-4a26-99b2-d1bad8637396","Agency Contractor","06/03/2021 - 12/03/2021","Alberta","29090136@sittest.com","Roberts, Christian 29090136 29090136@sittest.com","0000000000","HPWO00091293","","99748503",""
"C1","29090136","99748503","Approved","12/03/2021","4012764","C110299951","LEGACY BILLING|Billable","","4012764","","","","8.00","Straight Time","1701","","","C1 WBS","","","","","","","","SO","RV","","R-010020403.0053","1102","4012764","038017e9-fa37-42c4-9dbe-08942bf29efe","Agency Contractor","06/03/2021 - 12/03/2021","Alberta","29090136@sittest.com","Roberts, Christian 29090136 29090136@sittest.com","0000000000","HPWO00091293","","99748503",""
"C1","29090136","99748503","Approved","15/03/2021","4012764","C110299951","LEGACY BILLING|Billable","","4012764","","","","8.00","Straight Time","2191","","","C1 WBS","","","","","","","","SO","RV","","R-010020403.0053","1102","4012764","6cd64bcb-8299-4c7e-9cd8-597682ae641f","Agency Contractor","13/03/2021 - 19/03/2021","Alberta","29090136@sittest.com","Roberts, Christian 29090136 29090136@sittest.com","0000000000","HPWO00091293","","99748503",""
"C1","29090136","99748503","Approved","16/03/2021","4012764","C110299951","LEGACY BILLING|Billable","","4012764","","","","8.00","Straight Time","2192","","","C1 WBS","","","","","","","","SO","RV","","R-010020403.0053","1102","4012764","12d182f5-1ca7-41b0-8ee3-dffefae7cb13","Agency Contractor","13/03/2021 - 19/03/2021","Alberta","29090136@sittest.com","Roberts, Christian 29090136 29090136@sittest.com","0000000000","HPWO00091293","","99748503",""
"C1","29090136","99748503","Approved","17/03/2021","4012764","C110299951","LEGACY BILLING|Billable","","4012764","","","","8.00","Straight Time","2193","","","C1 WBS","","","","","","","","SO","RV","","R-010020403.0053","1102","4012764","1d877a10-48b1-4e16-9eba-65b9e58bcc7e","Agency Contractor","13/03/2021 - 19/03/2021","Alberta","29090136@sittest.com","Roberts, Christian 29090136 29090136@sittest.com","0000000000","HPWO00091293","","99748503",""
"C1","29090136","99748503","Approved","18/03/2021","4012764","C110299951","LEGACY BILLING|Billable","","4012764","","","","8.00","Straight Time","2194","","","C1 WBS","","","","","","","","SO","RV","","R-010020403.0053","1102","4012764","691663df-1ddd-4992-be6b-ffd301aad721","Agency Contractor","13/03/2021 - 19/03/2021","Alberta","29090136@sittest.com","Roberts, Christian 29090136 29090136@sittest.com","0000000000","HPWO00091293","","99748503",""
"C1","29090136","99748503","Approved","19/03/2021","4012764","C110299951","LEGACY BILLING|Billable","","4012764","","","","8.00","Straight Time","2195","","","C1 WBS","","","","","","","","SO","RV","","R-010020403.0053","1102","4012764","5d39b94d-d145-4b3b-b025-047207f9deed","Agency Contractor","13/03/2021 - 19/03/2021","Alberta","29090136@sittest.com","Roberts, Christian 29090136 29090136@sittest.com","0000000000","HPWO00091293","","99748503",""
"C1","29090136","99748503","Approved","22/03/2021","4012764","C110299951","LEGACY BILLING|Billable","","4012764","","","","8.00","Straight Time","2243","","","C1 WBS","","","","","","","","SO","RV","","R-010020403.0053","1102","4012764","c9776d70-d057-4a13-9568-18acb69f5ea6","Agency Contractor","20/03/2021 - 26/03/2021","Alberta","29090136@sittest.com","Roberts, Christian 29090136 29090136@sittest.com","0000000000","HPWO00091293","","99748503",""
"C1","29090136","99748503","Approved","23/03/2021","4012764","C110299951","LEGACY BILLING|Billable","","4012764","","","","8.00","Straight Time","2244","","","C1 WBS","","","","","","","","SO","RV","","R-010020403.0053","1102","4012764","2e868d00-beeb-4eee-9c39-9ef353d3ece2","Agency Contractor","20/03/2021 - 26/03/2021","Alberta","29090136@sittest.com","Roberts, Christian 29090136 29090136@sittest.com","0000000000","HPWO00091293","","99748503",""
"C1","29090136","99748503","Approved","05/04/2021","4012764","C110299951","LEGACY BILLING|Billable","","4012764","","","","0.00","Straight Time","1956","","","C1 WBS","","","","","","","","SO","RV","","R-010020403.0053","1102","4012764","89d0eaf0-4e92-4870-8284-73582dab84f7","Agency Contractor","03/04/2021 - 09/04/2021","Alberta","29090136@sittest.com","Roberts, Christian 29090136 29090136@sittest.com","0000000000","HPWO00091293","","99748503",""
"C1","29090136","99748503","Approved","05/04/2021","E-092016549.0010","C110299951","","","E-092016549.0010","","","","8.00","Straight Time","6631","","","C1 WBS","","","","","","","","WBS","ES","","","1102","E-092016549.0010","7d21aa58-7cff-47ee-969c-74c02b3c7381","Agency Contractor","03/04/2021 - 09/04/2021","Alberta","29090136@sittest.com","Roberts, Christian 29090136 29090136@sittest.com","IE1-DMO01.03.12","HPWO00091293","","99748503",""
"C1","29090136","99748503","Approved","06/04/2021","4012764","C110299951","LEGACY BILLING|Billable","","4012764","","","","0.00","Straight Time","1957","","","C1 WBS","","","","","","","","SO","RV","","R-010020403.0053","1102","4012764","eba0b2e5-cdd7-443a-b7e2-f59d48b18efb","Agency Contractor","03/04/2021 - 09/04/2021","Alberta","29090136@sittest.com","Roberts, Christian 29090136 29090136@sittest.com","0000000000","HPWO00091293","","99748503",""
"C1","29090136","99748503","Approved","06/04/2021","E-092016549.0010","C110299951","","","E-092016549.0010","","","","8.00","Straight Time","6632","","","C1 WBS","","","","","","","","WBS","ES","","","1102","E-092016549.0010","f8bb0a2c-65b6-4cc3-99ea-ba4dd66367d2","Agency Contractor","03/04/2021 - 09/04/2021","Alberta","29090136@sittest.com","Roberts, Christian 29090136 29090136@sittest.com","IE1-DMO01.03.12","HPWO00091293","","99748503",""
"C1","29090136","99748503","Approved","07/04/2021","4012764","C110299951","LEGACY BILLING|Billable","","4012764","","","","0.00","Straight Time","1958","","","C1 WBS","","","","","","","","SO","RV","","R-010020403.0053","1102","4012764","d1b07744-7a79-4aba-ac08-6c70fb5ae343","Agency Contractor","03/04/2021 - 09/04/2021","Alberta","29090136@sittest.com","Roberts, Christian 29090136 29090136@sittest.com","0000000000","HPWO00091293","","99748503",""
"C1","29090136","99748503","Approved","07/04/2021","E-092016549.0010","C110299951","","","E-092016549.0010","","","","8.00","Straight Time","6633","","","C1 WBS","","","","","","","","WBS","ES","","","1102","E-092016549.0010","25a7567f-d0f4-404d-9596-8eb31ce8e971","Agency Contractor","03/04/2021 - 09/04/2021","Alberta","29090136@sittest.com","Roberts, Christian 29090136 29090136@sittest.com","IE1-DMO01.03.12","HPWO00091293","","99748503",""
"C1","29090136","99748503","Approved","08/04/2021","4012764","C110299951","LEGACY BILLING|Billable","","4012764","","","","0.00","Straight Time","1959","","","C1 WBS","","","","","","","","SO","RV","","R-010020403.0053","1102","4012764","87230ef5-f270-4af8-87da-a0853e177502","Agency Contractor","03/04/2021 - 09/04/2021","Alberta","29090136@sittest.com","Roberts, Christian 29090136 29090136@sittest.com","0000000000","HPWO00091293","","99748503",""
"C1","29090136","99748503","Approved","08/04/2021","E-092016549.0010","C110299951","","","E-092016549.0010","","","","8.00","Straight Time","6634","","","C1 WBS","","","","","","","","WBS","ES","","","1102","E-092016549.0010","1c22f85d-1dbe-42fc-9b84-f2a8b32d5bc9","Agency Contractor","03/04/2021 - 09/04/2021","Alberta","29090136@sittest.com","Roberts, Christian 29090136 29090136@sittest.com","IE1-DMO01.03.12","HPWO00091293","","99748503",""
"C1","29090136","99748503","Approved","09/04/2021","4012764","C110299951","LEGACY BILLING|Billable","","4012764","","","","0.00","Straight Time","1960","","","C1 WBS","","","","","","","","SO","RV","","R-010020403.0053","1102","4012764","e2227f2c-4866-48bb-87cd-60fdd28fad88","Agency Contractor","03/04/2021 - 09/04/2021","Alberta","29090136@sittest.com","Roberts, Christian 29090136 29090136@sittest.com","0000000000","HPWO00091293","","99748503",""
"C1","29090136","99748503","Approved","09/04/2021","E-092016549.0010","C110299951","","","E-092016549.0010","","","","8.00","Straight Time","6635","","","C1 WBS","","","","","","","","WBS","ES","","","1102","E-092016549.0010","29ab80d0-1ea0-4bde-a330-e2f52a586736","Agency Contractor","03/04/2021 - 09/04/2021","Alberta","29090136@sittest.com","Roberts, Christian 29090136 29090136@sittest.com","IE1-DMO01.03.12","HPWO00091293","","99748503",""
"C1","29090136","99748503","Approved","12/04/2021","4012764","C110299951","NO BILL|Billable","","4012764","","","","0.00","Straight Time","2657","","","C1 WBS","","","","","","","","SO","RV","","R-010020403.0053","1102","4012764","ab6612d3-410b-44d3-b326-b986ec4a9a1e","Agency Contractor","10/04/2021 - 16/04/2021","Alberta","29090136@sittest.com","Roberts, Christian 29090136 29090136@sittest.com","0000000000","HPWO00091293","","99748503",""
"C1","29090136","99748503","Approved","12/04/2021","","C110299951","","","","","799","","0.00","Straight Time","5112","","","","","","","","","","","","","","","1102","","03537ff8-279b-42a6-9edf-1240af100e25","Agency Contractor","10/04/2021 - 16/04/2021","Alberta","29090136@sittest.com","Roberts, Christian 29090136 29090136@sittest.com","","HPWO00091293","","99748503",""
"C1","29090136","99748503","Approved","12/04/2021","","C110299951","","","","","799","","8.00","","7219","","","","","","","","","","","","","","","1102","","60fce011-aa23-4e73-92eb-17fd088dbefb","Agency Contractor","10/04/2021 - 16/04/2021","Alberta","29090136@sittest.com","Roberts, Christian 29090136 29090136@sittest.com","","HPWO00091293","","99748503",""
"C1","29090136","99748503","Approved","04/05/2021","","C110299951","","","","","799","","8.00","","7365","","","","","","","","","","","","","","","1102","","7db9a64a-6b3e-491a-8270-b885f4db83cf","Agency Contractor","01/05/2021 - 07/05/2021","Alberta","29090136@sittest.com","Roberts, Christian 29090136 29090136@sittest.com","","HPWO00091293","","99748503",""
"C1","29090139","","Approved","01/03/2021","S-010014881.0010","C110299951","NO BILL|Non-Billable","","S-010014881.0010","","","","8.00","Straight Time","1388","","","C1 WBS","","","","","","","","WBS","ST","","","1102","S-010014881.0010","fd3c667c-8ab5-45aa-adef-5c694f66668c","Agency Contractor","01/03/2021 - 07/03/2021","","29090139@sittest.com","Mitchell, Luke 29090139 29090139@sittest.com","0050042909","","","99748511",""
"C1","29090139","","Approved","02/03/2021","S-010014881.0010","C110299951","NO BILL|Non-Billable","","S-010014881.0010","","","","8.00","Straight Time","1389","","","C1 WBS","","","","","","","","WBS","ST","","","1102","S-010014881.0010","2e9ef9d0-38b7-4d54-b788-aafc81ffeadc","Agency Contractor","01/03/2021 - 07/03/2021","","29090139@sittest.com","Mitchell, Luke 29090139 29090139@sittest.com","0050042909","","","99748511",""
"C1","29090139","","Approved","03/03/2021","S-010014881.0010","C110299951","NO BILL|Non-Billable","","S-010014881.0010","","","","8.00","Straight Time","1390","","","C1 WBS","","","","","","","","WBS","ST","","","1102","S-010014881.0010","86d9d92e-23fa-43b7-b4d4-ee24a531f47c","Agency Contractor","01/03/2021 - 07/03/2021","","29090139@sittest.com","Mitchell, Luke 29090139 29090139@sittest.com","0050042909","","","99748511",""
"C1","29090139","","Approved","08/03/2021","S-010014881.0010","C110299951","NO BILL|Billable","","S-010014881.0010","","","","8.00","Straight Time","1722","","","C1 WBS","","","","","","","","WBS","ST","","","1102","S-010014881.0010","20cf1edd-ad4d-411c-b132-ba5929630640","Agency Contractor","08/03/2021 - 14/03/2021","","29090139@sittest.com","Mitchell, Luke 29090139 29090139@sittest.com","0050042909","","","99748511",""
"C1","29090139","","Approved","09/03/2021","S-010014881.0010","C110299951","NO BILL|Billable","","S-010014881.0010","","","","8.00","Straight Time","1723","","","C1 WBS","","","","","","","","WBS","ST","","","1102","S-010014881.0010","cccaab03-c59c-4482-afba-becae7b4b3df","Agency Contractor","08/03/2021 - 14/03/2021","","29090139@sittest.com","Mitchell, Luke 29090139 29090139@sittest.com","0050042909","","","99748511",""
"C1","29090139","","Approved","10/03/2021","S-010014881.0010","C110299951","NO BILL|Billable","","S-010014881.0010","","","","8.00","Straight Time","1724","","","C1 WBS","","","","","","","","WBS","ST","","","1102","S-010014881.0010","9a16eb5c-9f0c-4e37-bd6b-1470e2557f15","Agency Contractor","08/03/2021 - 14/03/2021","","29090139@sittest.com","Mitchell, Luke 29090139 29090139@sittest.com","0050042909","","","99748511",""
"C1","29090139","","Approved","11/03/2021","S-010014881.0010","C110299951","NO BILL|Billable","","S-010014881.0010","","","","8.00","Straight Time","1725","","","C1 WBS","","","","","","","","WBS","ST","","","1102","S-010014881.0010","3f094b1e-7ae3-4a6c-8c51-114075ce5390","Agency Contractor","08/03/2021 - 14/03/2021","","29090139@sittest.com","Mitchell, Luke 29090139 29090139@sittest.com","0050042909","","","99748511",""
"C1","29090139","","Approved","12/03/2021","S-010014881.0010","C110299951","NO BILL|Billable","","S-010014881.0010","","","","8.00","Straight Time","1726","","","C1 WBS","","","","","","","","WBS","ST","","","1102","S-010014881.0010","4f2d2a5e-4bda-43e2-a574-cdd70f0f571f","Agency Contractor","08/03/2021 - 14/03/2021","","29090139@sittest.com","Mitchell, Luke 29090139 29090139@sittest.com","0050042909","","","99748511",""
"C1","29090139","","Approved","15/03/2021","S-010014881.0010","C110299951","NO BILL|Billable","","S-010014881.0010","","","","8.00","Straight Time","2196","","","C1 WBS","","","","","","","","WBS","ST","","","1102","S-010014881.0010","5d039d5d-849f-4ffd-8728-0f539be371ae","Agency Contractor","15/03/2021 - 21/03/2021","","29090139@sittest.com","Mitchell, Luke 29090139 29090139@sittest.com","0050042909","","","99748511",""
"C1","29090139","","Approved","16/03/2021","S-010014881.0010","C110299951","NO BILL|Billable","","S-010014881.0010","","","","8.00","Straight Time","2197","","","C1 WBS","","","","","","","","WBS","ST","","","1102","S-010014881.0010","dee5d6d2-9634-4fb8-acfe-901f3307745f","Agency Contractor","15/03/2021 - 21/03/2021","","29090139@sittest.com","Mitchell, Luke 29090139 29090139@sittest.com","0050042909","","","99748511",""
"C1","29090139","","Approved","17/03/2021","S-010014881.0010","C110299951","NO BILL|Billable","","S-010014881.0010","","","","8.00","Straight Time","2198","","","C1 WBS","","","","","","","","WBS","ST","","","1102","S-010014881.0010","77f98c6f-32c2-4d95-827b-fd9e586a2650","Agency Contractor","15/03/2021 - 21/03/2021","","29090139@sittest.com","Mitchell, Luke 29090139 29090139@sittest.com","0050042909","","","99748511",""
"C1","29090139","","Approved","18/03/2021","S-010014881.0010","C110299951","NO BILL|Billable","","S-010014881.0010","","","","8.00","Straight Time","2199","","","C1 WBS","","","","","","","","WBS","ST","","","1102","S-010014881.0010","fa8ea927-4a55-4d35-b331-19016a96eee1","Agency Contractor","15/03/2021 - 21/03/2021","","29090139@sittest.com","Mitchell, Luke 29090139 29090139@sittest.com","0050042909","","","99748511",""
"C1","29090139","","Approved","19/03/2021","S-010014881.0010","C110299951","NO BILL|Billable","","S-010014881.0010","","","","8.00","Straight Time","2200","","","C1 WBS","","","","","","","","WBS","ST","","","1102","S-010014881.0010","2aa6cde1-d4f3-431d-91d6-afed1ce99ed9","Agency Contractor","15/03/2021 - 21/03/2021","","29090139@sittest.com","Mitchell, Luke 29090139 29090139@sittest.com","0050042909","","","99748511",""
"C1","29090139","","Approved","22/03/2021","S-010014881.0010","C110299951","NO BILL|Billable","","S-010014881.0010","","","","8.00","Straight Time","2245","","","C1 WBS","","","","","","","","WBS","ST","","","1102","S-010014881.0010","2c94a5ca-2535-4d8d-8a56-27fc62109af8","Agency Contractor","22/03/2021 - 28/03/2021","","29090139@sittest.com","Mitchell, Luke 29090139 29090139@sittest.com","0050042909","","","99748511",""
"C1","29090151","","Approved","03/04/2021","S-010014881.0010","C101099951","","","S-010014881.0010","","","","5.00","Straight Time","4623","","","C1 WBS","","","","","","","","WBS","ST","","","1102","S-010014881.0010","df83a2d0-c1b6-4e3f-bf55-f4167301c73d","Agency Contractor","03/04/2021 - 09/04/2021","","29090151@sittest.com","Fisher, Benjamin 29090151 29090151@sittest.com","0050042909","HPWO00091306","","99748516",""
"C1","29090151","","Approved","04/04/2021","S-010014881.0010","C101099951","","","S-010014881.0010","","","","6.00","Straight Time","4624","","","C1 WBS","","","","","","","","WBS","ST","","","1102","S-010014881.0010","c288e184-ab63-4b8c-bf46-7c378ab2bc74","Agency Contractor","03/04/2021 - 09/04/2021","","29090151@sittest.com","Fisher, Benjamin 29090151 29090151@sittest.com","0050042909","HPWO00091306","","99748516",""
"C1","29090151","","Approved","05/04/2021","S-010014881.0010","C101099951","","","S-010014881.0010","","","","0.00","Straight Time","4255","","","C1 WBS","","","","","","","","WBS","ST","","","1102","S-010014881.0010","b74c4d32-cca6-4e20-a673-8e095a3b7339","Agency Contractor","03/04/2021 - 09/04/2021","","29090151@sittest.com","Fisher, Benjamin 29090151 29090151@sittest.com","0050042909","HPWO00091306","","99748516",""
"C1","29090151","","Approved","05/04/2021","S-010014881.0010","C101099951","","","S-010014881.0010","","","","7.00","Straight Time","4625","","","C1 WBS","","","","","","","","WBS","ST","","","1102","S-010014881.0010","7579c032-f6aa-4c2e-a1fb-b370120b02b1","Agency Contractor","03/04/2021 - 09/04/2021","","29090151@sittest.com","Fisher, Benjamin 29090151 29090151@sittest.com","0050042909","HPWO00091306","","99748516",""
"C1","29090151","","Approved","06/04/2021","S-010014881.0010","C101099951","","","S-010014881.0010","","","","0.00","Straight Time","4256","","","C1 WBS","","","","","","","","WBS","ST","","","1102","S-010014881.0010","0abbc7c6-1364-478f-8db0-e9e0d6dbf2d6","Agency Contractor","03/04/2021 - 09/04/2021","","29090151@sittest.com","Fisher, Benjamin 29090151 29090151@sittest.com","0050042909","HPWO00091306","","99748516",""
"C1","29090151","","Approved","06/04/2021","S-010014881.0010","C101099951","","","S-010014881.0010","","","","6.50","Straight Time","4626","","","C1 WBS","","","","","","","","WBS","ST","","","1102","S-010014881.0010","46af2832-ea29-4b32-80fa-a5f6d0552a95","Agency Contractor","03/04/2021 - 09/04/2021","","29090151@sittest.com","Fisher, Benjamin 29090151 29090151@sittest.com","0050042909","HPWO00091306","","99748516",""
"C1","29090151","","Approved","07/04/2021","S-010014881.0010","C101099951","","","S-010014881.0010","","","","0.00","Straight Time","4257","","","C1 WBS","","","","","","","","WBS","ST","","","1102","S-010014881.0010","7fb57361-93b4-4be1-9678-6ce4912f88be","Agency Contractor","03/04/2021 - 09/04/2021","","29090151@sittest.com","Fisher, Benjamin 29090151 29090151@sittest.com","0050042909","HPWO00091306","","99748516",""
"C1","29090151","","Approved","07/04/2021","S-010014881.0010","C101099951","","","S-010014881.0010","","","","7.00","Straight Time","4627","","","C1 WBS","","","","","","","","WBS","ST","","","1102","S-010014881.0010","76b0481d-2623-4c06-9fbf-6e09a15f229a","Agency Contractor","03/04/2021 - 09/04/2021","","29090151@sittest.com","Fisher, Benjamin 29090151 29090151@sittest.com","0050042909","HPWO00091306","","99748516",""
"C1","29090151","","Approved","08/04/2021","S-010014881.0010","C101099951","","","S-010014881.0010","","","","0.00","Straight Time","4258","","","C1 WBS","","","","","","","","WBS","ST","","","1102","S-010014881.0010","006cee51-2e84-4f0a-92fe-2a0e6efb44c6","Agency Contractor","03/04/2021 - 09/04/2021","","29090151@sittest.com","Fisher, Benjamin 29090151 29090151@sittest.com","0050042909","HPWO00091306","","99748516",""
"C1","29090151","","Approved","08/04/2021","S-010014881.0010","C101099951","","","S-010014881.0010","","","","0.00","Straight Time","4628","","","C1 WBS","","","","","","","","WBS","ST","","","1102","S-010014881.0010","41e0be36-c2f9-4064-8f39-ee550f5b6f31","Agency Contractor","03/04/2021 - 09/04/2021","","29090151@sittest.com","Fisher, Benjamin 29090151 29090151@sittest.com","0050042909","HPWO00091306","","99748516",""
"C1","29090151","","Approved","08/04/2021","","C101099951","","","","","","","0.00","Straight Time","5234","","","","","","","","","","","","","","","1102","","db9af748-b60f-434c-9f4c-ebbd0368ff0a","Agency Contractor","03/04/2021 - 09/04/2021","","29090151@sittest.com","Fisher, Benjamin 29090151 29090151@sittest.com","","HPWO00091306","","99748516",""
"C1","29090151","","Approved","09/04/2021","S-010014881.0010","C101099951","","","S-010014881.0010","","","","0.00","Straight Time","4259","","","C1 WBS","","","","","","","","WBS","ST","","","1102","S-010014881.0010","77523490-226b-4c97-8e03-3bb60c4afe8d","Agency Contractor","03/04/2021 - 09/04/2021","","29090151@sittest.com","Fisher, Benjamin 29090151 29090151@sittest.com","0050042909","HPWO00091306","","99748516",""
"C1","29090151","","Approved","09/04/2021","","C101099951","","","","","","","7.00","Straight Time","5235","","","","","","","","","","","","","","","1102","","e9281115-22a4-4632-8d32-8e81245ad4c8","Agency Contractor","03/04/2021 - 09/04/2021","","29090151@sittest.com","Fisher, Benjamin 29090151 29090151@sittest.com","","HPWO00091306","","99748516",""
"C1","29090420","","Approved","04/05/2021","4001387","C110299951","","","4001387","","","","8.00","Straight Time","7384","","","C1 WBS","","","","","","","","SO","RV","","R-010020251.0279","1102","4001387","bb08795b-5f64-4674-8b1c-6964a2bb2d2e","Agency Contractor","01/05/2021 - 07/05/2021","","29090420@sittest.com","Quinn, Elizabeth 29090420 29090420@sittest.com","0031895876","HPWO00091357","","99748546",""
"C1","29091064","","Approved","10/05/2021","4095583","C110299951","LEGACY BILLING|Billable","","4095583","","","","9.00","Straight Time","80156","","","C1 WBS","","","","","","","","SO","RV","","R-010020413.0050","1102","4095583","af3ad087-e262-4d3a-82ef-700156eb87a3","Agency Contractor","08/05/2021 - 14/05/2021","","29091064@sittest.com","Mothma, Mon 29091064 29091064@sittest.com","0000000000","HPWO00091477","","99748612",""
"C1","29091064","","Approved","10/05/2021","4095583","C110299951","LEGACY BILLING|Billable","","4095583","","","","10.00","Double Time","80163","","","C1 WBS","","","","","","","","SO","RV","","R-010020413.0050","1102","4095583","73c9578a-b907-4dad-95aa-bd4dbcc2a563","Agency Contractor","08/05/2021 - 14/05/2021","","29091064@sittest.com","Mothma, Mon 29091064 29091064@sittest.com","0000000000","HPWO00091477","","99748612",""
"C1","29091064","","Approved","11/05/2021","4095583","C110299951","LEGACY BILLING|Billable","","4095583","","","","10.00","Double Time","80164","","","C1 WBS","","","","","","","","SO","RV","","R-010020413.0050","1102","4095583","703ef1cf-0aa4-48d7-8b30-e5f30669ae2f","Agency Contractor","08/05/2021 - 14/05/2021","","29091064@sittest.com","Mothma, Mon 29091064 29091064@sittest.com","0000000000","HPWO00091477","","99748612",""
"C1","29091064","","Approved","12/05/2021","4095583","C110299951","LEGACY BILLING|Billable","","4095583","","","","10.00","Double Time","80165","","","C1 WBS","","","","","","","","SO","RV","","R-010020413.0050","1102","4095583","d57f1d1b-9a11-4053-8533-ffd019b53526","Agency Contractor","08/05/2021 - 14/05/2021","","29091064@sittest.com","Mothma, Mon 29091064 29091064@sittest.com","0000000000","HPWO00091477","","99748612",""
"C1","29091158","","Approved","10/05/2021","S-010104783.0040","C110299951","","","S-010104783.0040","","","","9.00","Straight Time","60470","","","C1 WBS","","","","","","","","WBS","ST","","","1102","S-010104783.0040","b5816455-28b5-45ce-8e93-bbbee9a13460","Agency Contractor","08/05/2021 - 14/05/2021","","29091158@sittest.com","STOTGuru, CANAC1 29091158 29091158@sittest.com","0000000000","HPWO00091490","","99748623",""
"C1","29091158","","Approved","11/05/2021","S-010104783.0040","C110299951","","","S-010104783.0040","","","","2.00","Overtime","60471","","","C1 WBS","","","","","","","","WBS","ST","","","1102","S-010104783.0040","35f97294-31ca-45c2-ae54-64b70fce0e0a","Agency Contractor","08/05/2021 - 14/05/2021","","29091158@sittest.com","STOTGuru, CANAC1 29091158 29091158@sittest.com","0000000000","HPWO00091490","","99748623",""
"C1","29091726","","Approved","01/09/2021","S-010122549.0001","C120099951","APPDEV|Billable","","20180601","","","","1.00","Straight Time","101751","","before rate change","C1 WBS","","","","","","","","WBS","ST","","","1200","20180601","e42db3dd-c7d4-40bc-8b7f-905db078b57f","Agency Contractor","28/08/2021 - 03/09/2021","","29091726@sittest.com","Roe AC_A 1200, Close to Budget Limit - Ready to increase 29091726 29091726@sittest.com","0000000000","HPWO00091566","","99748653",""
"C1","29091726","","Approved","02/09/2021","S-010122549.0001","C120099951","APPDEV|Billable","","20180601","","","","2.00","Straight Time","101752","","before rate change","C1 WBS","","","","","","","","WBS","ST","","","1200","20180601","613224ef-faec-41b8-be67-eab87a1740d4","Agency Contractor","28/08/2021 - 03/09/2021","","29091726@sittest.com","Roe AC_A 1200, Close to Budget Limit - Ready to increase 29091726 29091726@sittest.com","0000000000","HPWO00091566","","99748653",""
"C1","29091726","","Approved","03/09/2021","S-010122549.0001","C120099951","APPDEV|Billable","","20180601","","","","3.00","Straight Time","101753","","before rate change","C1 WBS","","","","","","","","WBS","ST","","","1200","20180601","d9570416-c11a-4860-b741-ebef55c23a61","Agency Contractor","28/08/2021 - 03/09/2021","","29091726@sittest.com","Roe AC_A 1200, Close to Budget Limit - Ready to increase 29091726 29091726@sittest.com","0000000000","HPWO00091566","","99748653",""
"C1","29091726","","Approved","04/09/2021","S-010122549.0001","C120099951","APPDEV|Billable","","20180601","","","","0.00","Straight Time","101754","","after rate change","C1 WBS","","","","","","","","WBS","ST","","","1200","20180601","19b4107b-1e6c-4112-ad7e-be3b6bef8ab1","Agency Contractor","04/09/2021 - 10/09/2021","","29091726@sittest.com","Roe AC_A 1200, Close to Budget Limit - Ready to increase 29091726 29091726@sittest.com","0000000000","HPWO00091566","","99748653",""
"C1","29091726","","Approved","04/09/2021","S-010122549.0001","C120099951","APPDEV|Billable","","20180601","","","","1.00","Straight Time","101757","","after rate change","C1 WBS","","","","","","","","WBS","ST","","","1200","20180601","82f69501-96cd-4d45-b3f3-1787a77143de","Agency Contractor","04/09/2021 - 10/09/2021","","29091726@sittest.com","Roe AC_A 1200, Close to Budget Limit - Ready to increase 29091726 29091726@sittest.com","0000000000","HPWO00091566","","99748653",""
"C1","29091726","","Approved","05/09/2021","S-010122549.0001","C120099951","APPDEV|Billable","","20180601","","","","0.00","Straight Time","101755","","after rate change","C1 WBS","","","","","","","","WBS","ST","","","1200","20180601","d9c6e523-71f0-4314-b714-cbc0797d3c11","Agency Contractor","04/09/2021 - 10/09/2021","","29091726@sittest.com","Roe AC_A 1200, Close to Budget Limit - Ready to increase 29091726 29091726@sittest.com","0000000000","HPWO00091566","","99748653",""
"C1","29091726","","Approved","05/09/2021","S-010122549.0001","C120099951","APPDEV|Billable","","20180601","","","","1.00","Straight Time","101758","","after rate change","C1 WBS","","","","","","","","WBS","ST","","","1200","20180601","16df7c51-5ceb-4442-9183-b180433844ab","Agency Contractor","04/09/2021 - 10/09/2021","","29091726@sittest.com","Roe AC_A 1200, Close to Budget Limit - Ready to increase 29091726 29091726@sittest.com","0000000000","HPWO00091566","","99748653",""
"C1","29091726","","Approved","06/09/2021","S-010122549.0001","C120099951","APPDEV|Billable","","20180601","","","","0.00","Straight Time","101756","","after rate change","C1 WBS","","","","","","","","WBS","ST","","","1200","20180601","718d02cd-d1fb-4656-94d9-f34ad183a2b0","Agency Contractor","04/09/2021 - 10/09/2021","","29091726@sittest.com","Roe AC_A 1200, Close to Budget Limit - Ready to increase 29091726 29091726@sittest.com","0000000000","HPWO00091566","","99748653",""
"C1","29091726","","Approved","06/09/2021","S-010122549.0001","C120099951","APPDEV|Billable","","20180601","","","","1.00","Straight Time","101759","","after rate change","C1 WBS","","","","","","","","WBS","ST","","","1200","20180601","02bb7e32-93fa-465c-8203-c8232ab073ee","Agency Contractor","04/09/2021 - 10/09/2021","","29091726@sittest.com","Roe AC_A 1200, Close to Budget Limit - Ready to increase 29091726 29091726@sittest.com","0000000000","HPWO00091566","","99748653",""
"C1","29091741","","Approved","06/09/2021","R-010113035.0004","C120099951","","","02JIRAGEN","","","","0.00","Straight Time","101064","","","C1 WBS","","","","","","","","WBS","RV","","","1200","02JIRAGEN","57e0227f-3ab3-41d5-ac98-3293df7a2a35","Agency Contractor","04/09/2021 - 10/09/2021","","29091741@sittest.com","Veena AC_A 1200, General time entry Testing 29091741 29091741@sittest.com","0000000000","HPWO00091581","","99748667",""
"C1","29091741","","Approved","06/09/2021","R-010122524.0007","C120099951","PROJCOORD|Billable","","","","","","1.00","Straight Time","101069","","","C1 WBS","","","","","","","","WBS","RV","","","1200","","bcc6aebe-ea46-4821-bed7-d800bbf674a2","Agency Contractor","04/09/2021 - 10/09/2021","","29091741@sittest.com","Veena AC_A 1200, General time entry Testing 29091741 29091741@sittest.com","0000000000","HPWO00091581","","99748667",""
"C1","29091741","","Approved","07/09/2021","R-010113035.0004","C120099951","","","02JIRAGEN","","","","0.00","Straight Time","101065","","","C1 WBS","","","","","","","","WBS","RV","","","1200","02JIRAGEN","9e4b0cde-9d03-430c-bfb3-4641bb038ea9","Agency Contractor","04/09/2021 - 10/09/2021","","29091741@sittest.com","Veena AC_A 1200, General time entry Testing 29091741 29091741@sittest.com","0000000000","HPWO00091581","","99748667",""
"C1","29091741","","Approved","07/09/2021","R-010122524.0007","C120099951","PROJCOORD|Billable","","","","","","1.00","Straight Time","101070","","","C1 WBS","","","","","","","","WBS","RV","","","1200","","d1cac0b3-3cbe-4c5c-b7c5-e2ee432ac04d","Agency Contractor","04/09/2021 - 10/09/2021","","29091741@sittest.com","Veena AC_A 1200, General time entry Testing 29091741 29091741@sittest.com","0000000000","HPWO00091581","","99748667",""
"C1","29091741","","Approved","08/09/2021","R-010113035.0004","C120099951","","","02JIRAGEN","","","","0.00","Straight Time","101066","","","C1 WBS","","","","","","","","WBS","RV","","","1200","02JIRAGEN","2e945378-5d67-4977-966e-d7cd9868f656","Agency Contractor","04/09/2021 - 10/09/2021","","29091741@sittest.com","Veena AC_A 1200, General time entry Testing 29091741 29091741@sittest.com","0000000000","HPWO00091581","","99748667",""
"C1","29091741","","Approved","08/09/2021","R-010122524.0007","C120099951","PROJCOORD|Billable","","","","","","1.00","Straight Time","101071","","","C1 WBS","","","","","","","","WBS","RV","","","1200","","27547841-dd00-4316-8159-1d1f0d773c6e","Agency Contractor","04/09/2021 - 10/09/2021","","29091741@sittest.com","Veena AC_A 1200, General time entry Testing 29091741 29091741@sittest.com","0000000000","HPWO00091581","","99748667",""
"C1","29091741","","Approved","09/09/2021","R-010113035.0004","C120099951","","","02JIRAGEN","","","","0.00","Straight Time","101067","","","C1 WBS","","","","","","","","WBS","RV","","","1200","02JIRAGEN","c78845c5-3217-4548-85ec-00487307e51a","Agency Contractor","04/09/2021 - 10/09/2021","","29091741@sittest.com","Veena AC_A 1200, General time entry Testing 29091741 29091741@sittest.com","0000000000","HPWO00091581","","99748667",""
"C1","29091741","","Approved","09/09/2021","R-010122524.0007","C120099951","PROJCOORD|Billable","","","","","","1.00","Straight Time","101072","","","C1 WBS","","","","","","","","WBS","RV","","","1200","","df3c4d9f-0a88-487f-883c-419903d09283","Agency Contractor","04/09/2021 - 10/09/2021","","29091741@sittest.com","Veena AC_A 1200, General time entry Testing 29091741 29091741@sittest.com","0000000000","HPWO00091581","","99748667",""
"C1","29091741","","Approved","10/09/2021","R-010113035.0004","C120099951","","","02JIRAGEN","","","","0.00","Straight Time","101068","","","C1 WBS","","","","","","","","WBS","RV","","","1200","02JIRAGEN","f018457c-8b10-4465-a1d1-f6cc8ffb9e93","Agency Contractor","04/09/2021 - 10/09/2021","","29091741@sittest.com","Veena AC_A 1200, General time entry Testing 29091741 29091741@sittest.com","0000000000","HPWO00091581","","99748667",""
"C1","29091741","","Approved","10/09/2021","R-010122524.0007","C120099951","PROJCOORD|Billable","","","","","","1.00","Straight Time","101073","","","C1 WBS","","","","","","","","WBS","RV","","","1200","","2db3b4c6-f86a-4390-99b5-6334914c3ef2","Agency Contractor","04/09/2021 - 10/09/2021","","29091741@sittest.com","Veena AC_A 1200, General time entry Testing 29091741 29091741@sittest.com","0000000000","HPWO00091581","","99748667",""
"C1","29091743","","Approved","07/08/2021","R-010122569.0001","C120099951","ARCHITECT2|Billable","","P4Z070010060","","","","1.00","Straight Time","94503","","","C1 WBS","","","","","","","","WBS","RV","","","1200","P4Z070010060","f62e22c9-234b-44a7-8b7c-9775223018ed","Agency Contractor","07/08/2021 - 13/08/2021","","29091743@sittest.com","Roe AC_A 1200, Rate Change 29091743 29091743@sittest.com","0000000000","HPWO00091583","","99748669",""
"C1","29091743","","Approved","08/08/2021","R-010122569.0001","C120099951","ARCHITECT2|Billable","","P4Z070010060","","","","1.00","Straight Time","94504","","","C1 WBS","","","","","","","","WBS","RV","","","1200","P4Z070010060","1fe7e353-85c1-4854-9711-768ad17464b1","Agency Contractor","07/08/2021 - 13/08/2021","","29091743@sittest.com","Roe AC_A 1200, Rate Change 29091743 29091743@sittest.com","0000000000","HPWO00091583","","99748669",""
"C1","29091743","","Approved","09/08/2021","R-010122569.0001","C120099951","ARCHITECT2|Billable","","P4Z070010060","","","","2.00","Overtime","94505","","","C1 WBS","","","","","","","","WBS","RV","","","1200","P4Z070010060","eeec5aca-ab3e-4e97-aa0c-00418c6aee17","Agency Contractor","07/08/2021 - 13/08/2021","","29091743@sittest.com","Roe AC_A 1200, Rate Change 29091743 29091743@sittest.com","0000000000","HPWO00091583","","99748669",""
"C1","29091743","","Approved","10/08/2021","R-010122569.0001","C120099951","ARCHITECT2|Billable","","P4Z070010060","","","","2.00","Overtime","94506","","","C1 WBS","","","","","","","","WBS","RV","","","1200","P4Z070010060","6ade2f3f-0e7d-4822-be77-9bd3b404e36f","Agency Contractor","07/08/2021 - 13/08/2021","","29091743@sittest.com","Roe AC_A 1200, Rate Change 29091743 29091743@sittest.com","0000000000","HPWO00091583","","99748669",""
"C1","29091743","","Approved","11/08/2021","R-010122569.0001","C120099951","ARCHITECT2|Billable","","P4Z070010060","","","","0.00","Double Time","94507","","","C1 WBS","","","","","","","","WBS","RV","","","1200","P4Z070010060","81bfe9e6-99c4-417c-aca3-ae43c76a569a","Agency Contractor","07/08/2021 - 13/08/2021","","29091743@sittest.com","Roe AC_A 1200, Rate Change 29091743 29091743@sittest.com","0000000000","HPWO00091583","","99748669",""
"C1","29091743","","Approved","11/08/2021","R-010122569.0001","C120099951","ARCHITECT2|Billable","","P4Z070010060","","","","1.00","Overtime","100822","","","C1 WBS","","","","","","","","WBS","RV","","","1200","P4Z070010060","efcfa6cf-e790-4111-beea-c84649f8340b","Agency Contractor","07/08/2021 - 13/08/2021","","29091743@sittest.com","Roe AC_A 1200, Rate Change 29091743 29091743@sittest.com","0000000000","HPWO00091583","","99748669",""
"C1","29091743","","Approved","12/08/2021","R-010122569.0001","C120099951","ARCHITECT2|Billable","","P4Z070010060","","","","0.00","Double Time","94508","","","C1 WBS","","","","","","","","WBS","RV","","","1200","P4Z070010060","793e741e-63e7-4c18-8bf6-c1b715720290","Agency Contractor","07/08/2021 - 13/08/2021","","29091743@sittest.com","Roe AC_A 1200, Rate Change 29091743 29091743@sittest.com","0000000000","HPWO00091583","","99748669",""
"C1","29091743","","Approved","13/08/2021","R-010122569.0001","C120099951","ARCHITECT2|Billable","","P4Z070010060","","","","0.00","Double Time","94509","","","C1 WBS","","","","","","","","WBS","RV","","","1200","P4Z070010060","475a25a6-964e-499d-99fa-337a9cafdffe","Agency Contractor","07/08/2021 - 13/08/2021","","29091743@sittest.com","Roe AC_A 1200, Rate Change 29091743 29091743@sittest.com","0000000000","HPWO00091583","","99748669",""
"C1","29091743","","Approved","14/08/2021","R-010122569.0001","C120099951","ARCHITECT2|Billable","","P4Z070010060","","","","1.00","Straight Time","100816","","","C1 WBS","","","","","","","","WBS","RV","","","1200","P4Z070010060","f2bc59b5-0821-4702-8762-6ed3a37bda69","Agency Contractor","14/08/2021 - 20/08/2021","","29091743@sittest.com","Roe AC_A 1200, Rate Change 29091743 29091743@sittest.com","0000000000","HPWO00091583","","99748669",""
"C1","29091743","","Approved","15/08/2021","R-010122569.0001","C120099951","ARCHITECT2|Billable","","P4Z070010060","","","","2.00","Straight Time","100817","","","C1 WBS","","","","","","","","WBS","RV","","","1200","P4Z070010060","d8840dff-563f-4cca-8ca4-5f41ec4e76c4","Agency Contractor","14/08/2021 - 20/08/2021","","29091743@sittest.com","Roe AC_A 1200, Rate Change 29091743 29091743@sittest.com","0000000000","HPWO00091583","","99748669",""
"C1","29091743","","Approved","16/08/2021","R-010122569.0001","C120099951","ARCHITECT2|Billable","","P4Z070010060","","","","3.00","Straight Time","100818","","","C1 WBS","","","","","","","","WBS","RV","","","1200","P4Z070010060","9e7625bd-2768-46d8-bf53-d9938cd5b6eb","Agency Contractor","14/08/2021 - 20/08/2021","","29091743@sittest.com","Roe AC_A 1200, Rate Change 29091743 29091743@sittest.com","0000000000","HPWO00091583","","99748669",""
"C1","29091749","","Approved","29/08/2021","4005886","C121899951","LEGACY BILLING|Non-Billable","","","","","","8.00","Straight Time","99271","","","C1 WBS","","","","","","","","SO","GB","","R-010020307.0026","1218","","a6cc6728-4842-4664-bfad-25390c79eaf9","Agency Contractor","28/08/2021 - 03/09/2021","","29091749@sittest.com","Roe AC_A 1218, General time entry Testing 29091749 29091749@sittest.com","0000000000","HPWO00091589","","99748675",""
"C1","29091749","","Approved","30/08/2021","","C121899951","","","","","799","","8.00","","99272","","","","","","","","","","","","","","","1218","","18e26b11-7c14-4b95-bd60-525b2608f419","Agency Contractor","28/08/2021 - 03/09/2021","","29091749@sittest.com","Roe AC_A 1218, General time entry Testing 29091749 29091749@sittest.com","","HPWO00091589","","99748675",""
"C1","29091749","","Approved","31/08/2021","R-010123259.0001","C121899951","SRANALYST|Billable","","","","","","4.50","Straight Time","100666","","","C1 WBS","","","","","","","","WBS","RV","","","1218","","f67ce77a-099f-42d9-b48c-8be9e5df3244","Agency Contractor","28/08/2021 - 03/09/2021","","29091749@sittest.com","Roe AC_A 1218, General time entry Testing 29091749 29091749@sittest.com","0000070195","HPWO00091589","","99748675",""
"C1","29091749","","Approved","31/08/2021","","C121899951","","","","","799","","3.00","","100667","","","","","","","","","","","","","","","1218","","0d5be2da-8b44-4b2c-95dc-4f07e4a9c3d0","Agency Contractor","28/08/2021 - 03/09/2021","","29091749@sittest.com","Roe AC_A 1218, General time entry Testing 29091749 29091749@sittest.com","","HPWO00091589","","99748675",""
"C1","29091749","","Approved","01/09/2021","R-010123259.0001","C121899951","SRANALYST|Billable","","","","","","8.00","Straight Time","100668","","","C1 WBS","","","","","","","","WBS","RV","","","1218","","f3927371-e2e5-4fe0-bfea-bb82e6351f53","Agency Contractor","28/08/2021 - 03/09/2021","","29091749@sittest.com","Roe AC_A 1218, General time entry Testing 29091749 29091749@sittest.com","0000070195","HPWO00091589","","99748675",""
"C1","29091749","","Approved","02/09/2021","R-010123259.0001","C121899951","SRANALYST|Billable","","","","","","4.50","Straight Time","100671","","","C1 WBS","","","","","","","","WBS","RV","","","1218","","51cafc01-59bf-44f1-88c1-66361105a79d","Agency Contractor","28/08/2021 - 03/09/2021","","29091749@sittest.com","Roe AC_A 1218, General time entry Testing 29091749 29091749@sittest.com","0000070195","HPWO00091589","","99748675",""
"C1","29091749","","Approved","02/09/2021","","C121899951","","","","","799","","3.00","","100669","","","","","","","","","","","","","","","1218","","e5441a4f-09c4-4358-b778-4ba29e8ed274","Agency Contractor","28/08/2021 - 03/09/2021","","29091749@sittest.com","Roe AC_A 1218, General time entry Testing 29091749 29091749@sittest.com","","HPWO00091589","","99748675",""
"C1","29091749","","Approved","03/09/2021","4005886","C121899951","LEGACY BILLING|Non-Billable","","","","","","2.00","Straight Time","100672","","","C1 WBS","","","","","","","","SO","GB","","R-010020307.0026","1218","","8f476c62-663e-4e45-baa7-a584ec5326ab","Agency Contractor","28/08/2021 - 03/09/2021","","29091749@sittest.com","Roe AC_A 1218, General time entry Testing 29091749 29091749@sittest.com","0000000000","HPWO00091589","","99748675",""
"C1","29091749","","Approved","03/09/2021","R-010123259.0001","C121899951","SRANALYST|Billable","","","","","","4.00","Straight Time","100673","","","C1 WBS","","","","","","","","WBS","RV","","","1218","","9b388fc9-64c7-4afe-a86a-a170b1a8a0ec","Agency Contractor","28/08/2021 - 03/09/2021","","29091749@sittest.com","Roe AC_A 1218, General time entry Testing 29091749 29091749@sittest.com","0000070195","HPWO00091589","","99748675",""
"C1","29091749","","Approved","03/09/2021","","C121899951","","","","","799","","3.00","","100670","","","","","","","","","","","","","","","1218","","bf402f6d-45c4-4d26-bdca-a20e40920f1a","Agency Contractor","28/08/2021 - 03/09/2021","","29091749@sittest.com","Roe AC_A 1218, General time entry Testing 29091749 29091749@sittest.com","","HPWO00091589","","99748675",""
"C1","29091761","","Approved","26/07/2021","R-010124340.0010","C139599951","CONSULTANT|Billable","","T1_RELEASE_A","","","","2.00","Straight Time","96616","","PTA WBS 1","C1 WBS","","","","","","","","WBS","RV","","","1395","T1_RELEASE_A","871a0720-0503-4cf8-a89a-4d93bce0a605","Agency Contractor","24/07/2021 - 30/07/2021","","29091761@sittest.com","Pradeep AC_A 1395, General time entry Testing 29091761 29091761@sittest.com","","HPWO00091601","","99748687",""
"C1","29091761","","Approved","26/07/2021","R-010124341.0010","C139599951","CONSULTANT|Billable","","T2_RELEASE_B","","","","6.00","Straight Time","96621","","PTA WBS 2","C1 WBS","","","","","","","","WBS","RV","","","1395","T2_RELEASE_B","aaeb3eff-663a-418a-af3f-ea62483e6b76","Agency Contractor","24/07/2021 - 30/07/2021","","29091761@sittest.com","Pradeep AC_A 1395, General time entry Testing 29091761 29091761@sittest.com","","HPWO00091601","","99748687",""
"C1","29091761","","Approved","27/07/2021","R-010124340.0010","C139599951","CONSULTANT|Billable","","T1_RELEASE_A","","","","2.00","Straight Time","96617","","PTA WBS 2","C1 WBS","","","","","","","","WBS","RV","","","1395","T1_RELEASE_A","02c04736-16f7-43f0-a138-6ee9f2bf7f3d","Agency Contractor","24/07/2021 - 30/07/2021","","29091761@sittest.com","Pradeep AC_A 1395, General time entry Testing 29091761 29091761@sittest.com","","HPWO00091601","","99748687",""
"C1","29091761","","Approved","27/07/2021","R-010124341.0010","C139599951","CONSULTANT|Billable","","T2_RELEASE_B","","","","6.00","Straight Time","96622","","PTA WBS 2","C1 WBS","","","","","","","","WBS","RV","","","1395","T2_RELEASE_B","cd43aa04-7357-446b-bd47-b5fb372bf862","Agency Contractor","24/07/2021 - 30/07/2021","","29091761@sittest.com","Pradeep AC_A 1395, General time entry Testing 29091761 29091761@sittest.com","","HPWO00091601","","99748687",""
"C1","29091761","","Approved","28/07/2021","R-010124340.0010","C139599951","CONSULTANT|Billable","","T1_RELEASE_A","","","","2.00","Straight Time","96618","","PTA WBS 1","C1 WBS","","","","","","","","WBS","RV","","","1395","T1_RELEASE_A","33bfcdee-8484-495b-b6af-e5d650ef69dc","Agency Contractor","24/07/2021 - 30/07/2021","","29091761@sittest.com","Pradeep AC_A 1395, General time entry Testing 29091761 29091761@sittest.com","","HPWO00091601","","99748687",""
"C1","29091761","","Approved","28/07/2021","R-010124341.0010","C139599951","CONSULTANT|Billable","","T2_RELEASE_B","","","","6.00","Straight Time","96623","","PTA WBS 2","C1 WBS","","","","","","","","WBS","RV","","","1395","T2_RELEASE_B","6a64ce62-65e0-4f43-976c-acb92022864b","Agency Contractor","24/07/2021 - 30/07/2021","","29091761@sittest.com","Pradeep AC_A 1395, General time entry Testing 29091761 29091761@sittest.com","","HPWO00091601","","99748687",""
"C1","29091761","","Approved","29/07/2021","R-010124340.0010","C139599951","CONSULTANT|Billable","","T1_RELEASE_A","","","","2.00","Straight Time","96619","","PTA WBS 1","C1 WBS","","","","","","","","WBS","RV","","","1395","T1_RELEASE_A","641ac957-d5f6-442a-a1eb-1054f2a9f8db","Agency Contractor","24/07/2021 - 30/07/2021","","29091761@sittest.com","Pradeep AC_A 1395, General time entry Testing 29091761 29091761@sittest.com","","HPWO00091601","","99748687",""
"C1","29091761","","Approved","29/07/2021","R-010124341.0010","C139599951","CONSULTANT|Billable","","T2_RELEASE_B","","","","6.00","Straight Time","96624","","PTA WBS 2","C1 WBS","","","","","","","","WBS","RV","","","1395","T2_RELEASE_B","5f07e33f-55ec-4fd4-9795-e3ead940099b","Agency Contractor","24/07/2021 - 30/07/2021","","29091761@sittest.com","Pradeep AC_A 1395, General time entry Testing 29091761 29091761@sittest.com","","HPWO00091601","","99748687",""
"C1","29091761","","Approved","30/07/2021","R-010124340.0010","C139599951","CONSULTANT|Billable","","T1_RELEASE_A","","","","2.00","Straight Time","96620","","PTA WBS 1","C1 WBS","","","","","","","","WBS","RV","","","1395","T1_RELEASE_A","0e2d792c-b229-4623-b63c-6672bba25f03","Agency Contractor","24/07/2021 - 30/07/2021","","29091761@sittest.com","Pradeep AC_A 1395, General time entry Testing 29091761 29091761@sittest.com","","HPWO00091601","","99748687",""
"C1","29091761","","Approved","30/07/2021","R-010124341.0010","C139599951","CONSULTANT|Billable","","T2_RELEASE_B","","","","6.00","Straight Time","96625","","PTA WBS 2","C1 WBS","","","","","","","","WBS","RV","","","1395","T2_RELEASE_B","60321db6-3c0d-4856-ae92-d92daad83540","Agency Contractor","24/07/2021 - 30/07/2021","","29091761@sittest.com","Pradeep AC_A 1395, General time entry Testing 29091761 29091761@sittest.com","","HPWO00091601","","99748687",""
"C1","29091761","","Approved","09/08/2021","R-010124342.0010","C139599951","PROJMGR|Billable","","T1_RELEASE_A","","","","0.00","Straight Time","96968","","","C1 WBS","","","","","","","","WBS","RV","","","1395","T1_RELEASE_A","05809240-4fa9-42dc-8b4e-b677c6f32721","Agency Contractor","07/08/2021 - 13/08/2021","","29091761@sittest.com","Pradeep AC_A 1395, General time entry Testing 29091761 29091761@sittest.com","","HPWO00091601","","99748687",""
"C1","29091761","","Approved","09/08/2021","R-010124342.0010","C139599951","PROJMGR|Billable","","T1_RELEASE_A","","","","4.00","Straight Time","97225","","PTA WBS 2","C1 WBS","","","","","","","","WBS","RV","","","1395","T1_RELEASE_A","029e4400-b24a-41d5-8c21-1c9a5e24a74e","Agency Contractor","07/08/2021 - 13/08/2021","","29091761@sittest.com","Pradeep AC_A 1395, General time entry Testing 29091761 29091761@sittest.com","","HPWO00091601","","99748687",""
"C1","29091761","","Approved","09/08/2021","R-010124346.0010","C139599951","CONSULTANT|Billable","","","","","","4.00","Straight Time","96973","","PTA WBS 1","C1 WBS","","","","","","","","WBS","RV","","","1395","","e2374473-5e84-4770-a1c5-21bc89eaba88","Agency Contractor","07/08/2021 - 13/08/2021","","29091761@sittest.com","Pradeep AC_A 1395, General time entry Testing 29091761 29091761@sittest.com","","HPWO00091601","","99748687",""
"C1","29091761","","Approved","10/08/2021","R-010124342.0010","C139599951","PROJMGR|Billable","","T1_RELEASE_A","","","","0.00","Straight Time","96969","","","C1 WBS","","","","","","","","WBS","RV","","","1395","T1_RELEASE_A","d4feaea1-728a-428a-9c41-109d13dae186","Agency Contractor","07/08/2021 - 13/08/2021","","29091761@sittest.com","Pradeep AC_A 1395, General time entry Testing 29091761 29091761@sittest.com","","HPWO00091601","","99748687",""
"C1","29091761","","Approved","10/08/2021","R-010124342.0010","C139599951","PROJMGR|Billable","","T1_RELEASE_A","","","","4.00","Straight Time","97227","","PTA WBS 2","C1 WBS","","","","","","","","WBS","RV","","","1395","T1_RELEASE_A","264b4ac3-c763-4ee5-b754-113d2dc66853","Agency Contractor","07/08/2021 - 13/08/2021","","29091761@sittest.com","Pradeep AC_A 1395, General time entry Testing 29091761 29091761@sittest.com","","HPWO00091601","","99748687",""
"C1","29091761","","Approved","10/08/2021","R-010124346.0010","C139599951","CONSULTANT|Billable","","","","","","4.00","Straight Time","96974","","PTA WBS 1","C1 WBS","","","","","","","","WBS","RV","","","1395","","d7988f0b-52a5-439b-b0ef-5254b5e627ee","Agency Contractor","07/08/2021 - 13/08/2021","","29091761@sittest.com","Pradeep AC_A 1395, General time entry Testing 29091761 29091761@sittest.com","","HPWO00091601","","99748687",""
"C1","29091761","","Approved","11/08/2021","R-010124342.0010","C139599951","PROJMGR|Billable","","T1_RELEASE_A","","","","0.00","Straight Time","96970","","","C1 WBS","","","","","","","","WBS","RV","","","1395","T1_RELEASE_A","8247f75d-56ff-43ae-9515-8ab99fd3ccb7","Agency Contractor","07/08/2021 - 13/08/2021","","29091761@sittest.com","Pradeep AC_A 1395, General time entry Testing 29091761 29091761@sittest.com","","HPWO00091601","","99748687",""
"C1","29091761","","Approved","11/08/2021","R-010124342.0010","C139599951","PROJMGR|Billable","","T1_RELEASE_A","","","","4.00","Straight Time","97226","","PTA WBS 2","C1 WBS","","","","","","","","WBS","RV","","","1395","T1_RELEASE_A","502547d5-409b-4d1a-94da-c6c32e3cadd7","Agency Contractor","07/08/2021 - 13/08/2021","","29091761@sittest.com","Pradeep AC_A 1395, General time entry Testing 29091761 29091761@sittest.com","","HPWO00091601","","99748687",""
"C1","29091761","","Approved","11/08/2021","R-010124346.0010","C139599951","CONSULTANT|Billable","","","","","","4.00","Straight Time","96975","","PTA WBS 1","C1 WBS","","","","","","","","WBS","RV","","","1395","","fdd40a2b-a732-447e-85fb-1e2af41840e6","Agency Contractor","07/08/2021 - 13/08/2021","","29091761@sittest.com","Pradeep AC_A 1395, General time entry Testing 29091761 29091761@sittest.com","","HPWO00091601","","99748687",""
"C1","29091761","","Approved","12/08/2021","R-010124342.0010","C139599951","PROJMGR|Billable","","T1_RELEASE_A","","","","0.00","Straight Time","96971","","","C1 WBS","","","","","","","","WBS","RV","","","1395","T1_RELEASE_A","1cfc3030-0403-46bb-85fb-4bdd861183b9","Agency Contractor","07/08/2021 - 13/08/2021","","29091761@sittest.com","Pradeep AC_A 1395, General time entry Testing 29091761 29091761@sittest.com","","HPWO00091601","","99748687",""
"C1","29091761","","Approved","12/08/2021","R-010124342.0010","C139599951","PROJMGR|Billable","","T1_RELEASE_A","","","","4.00","Straight Time","97228","","PTA WBS 2","C1 WBS","","","","","","","","WBS","RV","","","1395","T1_RELEASE_A","e6ea95bd-53c6-44fd-acd0-5ae82c1b01eb","Agency Contractor","07/08/2021 - 13/08/2021","","29091761@sittest.com","Pradeep AC_A 1395, General time entry Testing 29091761 29091761@sittest.com","","HPWO00091601","","99748687",""
"C1","29091761","","Approved","12/08/2021","R-010124346.0010","C139599951","CONSULTANT|Billable","","","","","","4.00","Straight Time","96976","","PTA WBS 1","C1 WBS","","","","","","","","WBS","RV","","","1395","","725df998-ece9-4494-bc0a-dc93a7cae743","Agency Contractor","07/08/2021 - 13/08/2021","","29091761@sittest.com","Pradeep AC_A 1395, General time entry Testing 29091761 29091761@sittest.com","","HPWO00091601","","99748687",""
"C1","29091761","","Approved","13/08/2021","R-010124342.0010","C139599951","PROJMGR|Billable","","T1_RELEASE_A","","","","0.00","Straight Time","96972","","","C1 WBS","","","","","","","","WBS","RV","","","1395","T1_RELEASE_A","350c64a1-b5a0-440f-bcba-ddb9527e8336","Agency Contractor","07/08/2021 - 13/08/2021","","29091761@sittest.com","Pradeep AC_A 1395, General time entry Testing 29091761 29091761@sittest.com","","HPWO00091601","","99748687",""
"C1","29091761","","Approved","13/08/2021","R-010124342.0010","C139599951","PROJMGR|Billable","","T1_RELEASE_A","","","","4.00","Straight Time","97229","","PTA WBS 2","C1 WBS","","","","","","","","WBS","RV","","","1395","T1_RELEASE_A","32733df0-6a72-40c2-9ec1-7ee90b12d4c1","Agency Contractor","07/08/2021 - 13/08/2021","","29091761@sittest.com","Pradeep AC_A 1395, General time entry Testing 29091761 29091761@sittest.com","","HPWO00091601","","99748687",""
"C1","29091761","","Approved","13/08/2021","R-010124346.0010","C139599951","CONSULTANT|Billable","","","","","","4.00","Straight Time","96977","","PTA WBS 1","C1 WBS","","","","","","","","WBS","RV","","","1395","","b5c1c5a2-183c-492f-bb0d-58fb1c3cd311","Agency Contractor","07/08/2021 - 13/08/2021","","29091761@sittest.com","Pradeep AC_A 1395, General time entry Testing 29091761 29091761@sittest.com","","HPWO00091601","","99748687",""
"C1","29091788","","Approved","11/09/2021","R-010122524.0001","C120099951","CONSULTANT|Billable","","","","","","1.09","","102435","","","C1 WBS","","","","","","","","WBS","RV","","","1200","","97ff2235-ea8d-428a-a466-9f5ecaf51f87","Agency Contractor","11/09/2021 - 17/09/2021","","29091788@sittest.com","Roe SOW_B 1200_X2, Convert to CSC AC_X2 29091788 29091788@sittest.com","0000000000","HPWO00091668","","99748708",""
"C1","29091788","","Approved","18/09/2021","R-010122524.0001","C120099951","CONSULTANT|Billable","","","","","","1.00","Straight Time","102432","","","C1 WBS","","","","","","","","WBS","RV","","","1200","","627aa707-0f85-49a0-a982-0d5563207fda","Agency Contractor","18/09/2021 - 24/09/2021","","29091788@sittest.com","Roe SOW_B 1200_X2, Convert to CSC AC_X2 29091788 29091788@sittest.com","0000000000","HPWO00091668","","99748708",""
"C1","29091788","","Approved","19/09/2021","R-010122524.0001","C120099951","CONSULTANT|Billable","","","","","","2.00","Straight Time","102433","","","C1 WBS","","","","","","","","WBS","RV","","","1200","","5e3f4438-5388-4460-abb0-2a6a7d7a977f","Agency Contractor","18/09/2021 - 24/09/2021","","29091788@sittest.com","Roe SOW_B 1200_X2, Convert to CSC AC_X2 29091788 29091788@sittest.com","0000000000","HPWO00091668","","99748708",""
"C1","29091788","","Approved","20/09/2021","R-010122524.0001","C120099951","CONSULTANT|Billable","","","","","","3.00","Straight Time","102434","","","C1 WBS","","","","","","","","WBS","RV","","","1200","","b2a819e2-1a69-424f-886d-10c0ba005e9b","Agency Contractor","18/09/2021 - 24/09/2021","","29091788@sittest.com","Roe SOW_B 1200_X2, Convert to CSC AC_X2 29091788 29091788@sittest.com","0000000000","HPWO00091668","","99748708",""
"COMPASS","29090116","99110973","Approved","15/03/2021","IE1-IW878.01.01.01.03","","","","IE1-IW878.01.01.01.03","","400","","0.00","Overtime","3988","","","COMPASS WBS","","","","","","","","","C","X","","IEES","IE1-IW878.01.01.01.03","1234cc16-e071-4648-b7c1-d20f238ce7b9","Agency Contractor","15/03/2021 - 21/03/2021","Ireland","29090116@sittest.com","Skinner, Diana 29090116 29090116@sittest.com","","HPWO00091283","","","32,759,670.00"
"COMPASS","29090116","99110973","Approved","16/03/2021","IE1-IW878.01.01.01.03","","","","IE1-IW878.01.01.01.03","","400","","0.00","Overtime","3989","","","COMPASS WBS","","","","","","","","","C","X","","IEES","IE1-IW878.01.01.01.03","d7574c65-f8a8-4b4c-9367-867aa0b8303f","Agency Contractor","15/03/2021 - 21/03/2021","Ireland","29090116@sittest.com","Skinner, Diana 29090116 29090116@sittest.com","","HPWO00091283","","","32,759,670.00"
"COMPASS","29090116","99110973","Approved","17/03/2021","IE1-IW878.01.01.01.03","","","","00","","400","","0.00","Overtime","3990","","","COMPASS WBS","GSAP Billing Key","","","","","","","","C","X","","IEES","00","af0a4897-f8cf-498b-abc1-9f4c4087bb1e","Agency Contractor","15/03/2021 - 21/03/2021","Ireland","29090116@sittest.com","Skinner, Diana 29090116 29090116@sittest.com","","HPWO00091283","","","32,759,670.00"
"COMPASS","29090116","99110973","Approved","18/03/2021","IE1-IW878.01.01.01.03","","","","00","","400","","0.00","Overtime","3991","","","COMPASS WBS","GSAP Billing Key","","","","","","","","C","X","","IEES","00","8efe27d8-f68b-4757-a360-d5a1d062e57a","Agency Contractor","15/03/2021 - 21/03/2021","Ireland","29090116@sittest.com","Skinner, Diana 29090116 29090116@sittest.com","","HPWO00091283","","","32,759,670.00"
"COMPASS","29090116","99110973","Approved","05/04/2021","IE1-REP01.02.05.01","","","","ATT01_4","","400","","8.00","Straight Time","1955","","","COMPASS WBS","Attribute 1","","","","","","","","C","","","IEES","ATT01_4","060a1957-3962-42ea-86fb-2efc95605b33","Agency Contractor","05/04/2021 - 11/04/2021","Ireland","29090116@sittest.com","Skinner, Diana 29090116 29090116@sittest.com","","HPWO00091283","","",""
"COMPASS","29090116","99110973","Approved","06/04/2021","IE1-REP01.02.05.01","","","","ATT01_4","","411","","4.00","Straight Time","3290","","","COMPASS WBS","Attribute 1","","","","","","","","C","","","IEES","ATT01_4","3fe2ef5d-30e5-4821-9867-3a1ed9bb4645","Agency Contractor","05/04/2021 - 11/04/2021","Ireland","29090116@sittest.com","Skinner, Diana 29090116 29090116@sittest.com","","HPWO00091283","","",""
"COMPASS","29090116","99110973","Approved","06/04/2021","IE1-REP01.02.05.01","","","","ATT01_4","","412","","4.00","Straight Time","2683","","","COMPASS WBS","Attribute 1","","","","","","","","C","","","IEES","ATT01_4","61fabac7-d5a7-4ec7-a13e-503a28db6041","Agency Contractor","05/04/2021 - 11/04/2021","Ireland","29090116@sittest.com","Skinner, Diana 29090116 29090116@sittest.com","","HPWO00091283","","",""
"COMPASS","29090116","99110973","Approved","07/04/2021","IE1-REP01.02.05.01","","","","ATT01_4","","400","","5.00","Straight Time","3523","","","COMPASS WBS","Attribute 1","","","","","","","","C","","","IEES","ATT01_4","62d5281b-526c-4243-9a5c-39deedb20ad8","Agency Contractor","05/04/2021 - 11/04/2021","Ireland","29090116@sittest.com","Skinner, Diana 29090116 29090116@sittest.com","","HPWO00091283","","",""
"COMPASS","29090116","99110973","Approved","07/04/2021","IE1-REP01.02.05.01","","","","ATT01_4","","411","","3.00","Straight Time","3524","","","COMPASS WBS","Attribute 1","","","","","","","","C","","","IEES","ATT01_4","de502759-e39a-4766-bb28-f3ffaf664d49","Agency Contractor","05/04/2021 - 11/04/2021","Ireland","29090116@sittest.com","Skinner, Diana 29090116 29090116@sittest.com","","HPWO00091283","","",""
"COMPASS","29090116","99110973","Approved","08/04/2021","IE1-REP01.02.05.01","","","","ATT01_4","","400","","8.00","Straight Time","3525","","","COMPASS WBS","Attribute 1","","","","","","","","C","","","IEES","ATT01_4","47227bee-e11e-4463-b045-75ab165a0549","Agency Contractor","05/04/2021 - 11/04/2021","Ireland","29090116@sittest.com","Skinner, Diana 29090116 29090116@sittest.com","","HPWO00091283","","",""
"COMPASS","29090116","99110973","Approved","09/04/2021","IE1-REP01.02.05.01","","","","ATT01_4","","400","","6.00","Straight Time","3526","","","COMPASS WBS","Attribute 1","","","","","","","","C","","","IEES","ATT01_4","7314ddd0-59fb-464f-8ac0-64e2b7748807","Agency Contractor","05/04/2021 - 11/04/2021","Ireland","29090116@sittest.com","Skinner, Diana 29090116 29090116@sittest.com","","HPWO00091283","","",""
"COMPASS","29090116","99110973","Approved","09/04/2021","","","","","","","799","","2.00","Straight Time","3528","","","","","","","","","","","","","","","IEES","","0729f98a-f74d-4186-b83d-21d38f67a995","Agency Contractor","05/04/2021 - 11/04/2021","Ireland","29090116@sittest.com","Skinner, Diana 29090116 29090116@sittest.com","","HPWO00091283","","",""
"COMPASS","29090116","99110973","Approved","13/04/2021","IE1-IW878.01.01.01.03","","","","IE1-IW878.01.01.01.03","","400","","0.00","Overtime","3982","","","COMPASS WBS","","","","","","","","","C","X","","IEES","IE1-IW878.01.01.01.03","afa027a1-119f-4bb5-a80e-1b598088ed18","Agency Contractor","12/04/2021 - 18/04/2021","Ireland","29090116@sittest.com","Skinner, Diana 29090116 29090116@sittest.com","","HPWO00091283","","","32,759,670.00"
"COMPASS","29090116","99110973","Approved","14/04/2021","IE1-IW878.01.01.01.03","","","","IE1-IW878.01.01.01.03","","400","","0.00","Overtime","3983","","","COMPASS WBS","","","","","","","","","C","X","","IEEU","IE1-IW878.01.01.01.03","50c72025-7ced-4356-864c-8d542c0e2abe","Agency Contractor","12/04/2021 - 18/04/2021","Ireland","29090116@sittest.com","Skinner, Diana 29090116 29090116@sittest.com","","HPWO00091283","","","32,759,670.00"
"COMPASS","29090116","99110973","Approved","15/04/2021","IE1-IW878.01.01.01.03","","","","00","","400","","0.00","Overtime","3985","","","COMPASS WBS","GSAP Billing Key","","","","","","","","C","X","","IEEU","00","6161883b-1603-4ec9-85f6-1d1d9253fee8","Agency Contractor","12/04/2021 - 18/04/2021","Ireland","29090116@sittest.com","Skinner, Diana 29090116 29090116@sittest.com","","HPWO00091283","","","32,759,670.00"
"COMPASS","29090116","99110973","Approved","15/04/2021","IE1-REP01.02.05.01","","","","ATT01_4","","411","","0.00","Overtime","3657","","","COMPASS WBS","Attribute 1","","","","","","","","C","","","IEEU","ATT01_4","6e6dbdc4-d7b4-4048-87c8-e8586f9a9d54","Agency Contractor","12/04/2021 - 18/04/2021","Ireland","29090116@sittest.com","Skinner, Diana 29090116 29090116@sittest.com","","HPWO00091283","","",""
"COMPASS","29090116","99110973","Approved","16/04/2021","IE1-IW878.01.01.01.03","","","","00","","400","","0.00","Overtime","3986","","","COMPASS WBS","GSAP Billing Key","","","","","","","","C","X","","IEEU","00","275c36ad-9241-4b15-a8ba-8cb04cb412a4","Agency Contractor","12/04/2021 - 18/04/2021","Ireland","29090116@sittest.com","Skinner, Diana 29090116 29090116@sittest.com","","HPWO00091283","","","32,759,670.00"
"COMPASS","29090116","99110973","Approved","16/04/2021","IE1-IW878.01.01.01.03","","","","IE1-IW878.01.01.01.03","","400","","0.00","Overtime","3664","","","COMPASS WBS","","","","","","","","","C","X","","IEEU","IE1-IW878.01.01.01.03","1383a93e-e2d7-4ca8-92c8-4f39d46321fa","Agency Contractor","12/04/2021 - 18/04/2021","Ireland","29090116@sittest.com","Skinner, Diana 29090116 29090116@sittest.com","","HPWO00091283","","","32,759,670.00"
"COMPASS","29090116","99110973","Approved","19/04/2021","IE1-REP01.02.05.01","USA7114826","","","ATT01_4","","401","","1.00","Straight Time","3656","","","COMPASS WBS","Attribute 1","","","","","","","","C","","","IEEU","ATT01_4","ba0d1ac5-b20e-4da2-9112-1f4c0a8504e7","Agency Contractor","19/04/2021 - 25/04/2021","Ireland","29090116@sittest.com","Skinner, Diana 29090116 29090116@sittest.com","","HPWO00091283","","",""
"COMPASS","29090116","99110973","Approved","20/04/2021","IE1-IW878.01.01.01.03","USA7114826","","","00","","400","","2.00","Straight Time","4299","","","COMPASS WBS","GSAP Billing Key","","","","","","","","C","X","","IEEU","00","67453600-3e40-4c5d-a3bb-cdeee8541af8","Agency Contractor","19/04/2021 - 25/04/2021","Ireland","29090116@sittest.com","Skinner, Diana 29090116 29090116@sittest.com","","HPWO00091283","","","32,759,670.00"
"COMPASS","29090199","","Approved","08/07/2021","RU1-CB001.10.04.81","USA7114826","","","F142B","","400","","3.00","","95825","","","COMPASS WBS","Attribute 1","","","","","","","","C","","","USA7","F142B","29cb7448-1041-47fd-b80a-d4dca23c081b","Agency Contractor","05/07/2021 - 11/07/2021","United States of America","29090199@sittest.com","Buckland, Owen 29090199 29090199@sittest.com","","","","",""
"COMPASS","29090199","","Approved","08/07/2021","US1-DMOC1.25.05","USA7114826","","","","","400","","3.00","","95826","","","COMPASS WBS","","","","","","","","","C","","","USA7","","973d559c-5f17-45ba-880e-18ab4c5dc06b","Agency Contractor","05/07/2021 - 11/07/2021","United States of America","29090199@sittest.com","Buckland, Owen 29090199 29090199@sittest.com","","","","",""
"COMPASS","29090199","","Approved","01/09/2021","AU1-IND10.02.02","USA7071185","","","","","412","","8.00","","100041","","F208 UAT","COMPASS WBS","","","","","","","","","C","","","USA7","","ea72aafc-70e4-4d33-8b54-d5a00320fbf6","Agency Contractor","30/08/2021 - 05/09/2021","United States of America","29090199@sittest.com","Buckland, Owen 29090199 29090199@sittest.com","","","","",""
"COMPASS","29090199","","Approved","01/09/2021","IN1-IND20.02.02","USA7071185","","","","","414","","0.00","","100037","","F208 UAT","COMPASS WBS","","","","","","","","","C","","","USA7","","fae810b0-20ab-4f51-bccc-e9d719caf0bc","Agency Contractor","30/08/2021 - 05/09/2021","United States of America","29090199@sittest.com","Buckland, Owen 29090199 29090199@sittest.com","","","","",""
"COMPASS","29090199","","Approved","02/09/2021","IN1-IND10.02.03","USA7071185","","","","","401","","0.00","","100039","","F208 UAT","COMPASS WBS","","","","","","","","","J","","","USA7","","117401e8-c940-41db-86ef-0b26a6fa5e18","Agency Contractor","30/08/2021 - 05/09/2021","United States of America","29090199@sittest.com","Buckland, Owen 29090199 29090199@sittest.com","","","","",""
"COMPASS","29090199","","Approved","02/09/2021","IN1-IND10.02.03","USA7071185","","","","","414","","8.00","","100042","","F208 UAT","COMPASS WBS","","","","","","","","","J","","","USA7","","8862ac00-6d98-4953-8b9f-21ee531a91bd","Agency Contractor","30/08/2021 - 05/09/2021","United States of America","29090199@sittest.com","Buckland, Owen 29090199 29090199@sittest.com","","","","",""
"COMPASS","29090199","","Approved","03/09/2021","IN1-IND20.02.02","USA7071185","","","","","401","","8.00","","100043","","F208 UAT","COMPASS WBS","","","","","","","","","C","","","USA7","","c572d433-3a2b-4a8e-a8cd-463ad0e97f96","Agency Contractor","30/08/2021 - 05/09/2021","United States of America","29090199@sittest.com","Buckland, Owen 29090199 29090199@sittest.com","","","","",""
"COMPASS","29090623","","Approved","10/05/2021","IE1-RUAT2.25.06","","","","IE1-RUAT2.25.06","","405","","4.00","Straight Time","58915","","","COMPASS WBS","","","","","","","","","","X","","IEEU","IE1-RUAT2.25.06","2f9c01cd-0f2f-41d9-8006-d2b793695641","Agency Contractor","10/05/2021 - 16/05/2021","Ireland","29090623@sittest.com","Watson, Sally 29090623 29090623@sittest.com","","HPWO00091393","","",""
"COMPASS","29090641","","Approved","03/05/2021","IE1-SCM01.02.10","","","","IE1-SCM01.02.10","","400","","1.00","Double Time","7548","","","COMPASS WBS","","","","","","","","","","X","","IEES","IE1-SCM01.02.10","bcf09d82-100f-4457-950c-f3ace89924be","Agency Contractor","03/05/2021 - 09/05/2021","Ireland","29090641@sittest.com","IEWOExtension, SLII TEST 29090641 29090641@sittest.com","","HPWO00091435","","",""
"COMPASS","29091106","","Approved","10/05/2021","IE1-DMOC1.25.05","IEEU501028","","","IE1-DMOC1.25.05","","400","","2.00","Overtime","59044","","","COMPASS WBS","","","","","","","","","C","","","IEEU","IE1-DMOC1.25.05","d08d165d-b997-429f-b4f4-14c63301c6f8","Agency Contractor","10/05/2021 - 16/05/2021","Ireland","29091106@sittest.com","Antilles, Raymus 29091106 29091106@sittest.com","","HPWO00091517","","99748645",""
"COMPASS","29091106","","Approved","10/05/2021","IE1-DMOC1.25.05","IEEU501028","","","IE1-DMOC1.25.05","","400","","8.00","Straight Time","59039","","","COMPASS WBS","","","","","","","","","C","","","IEEU","IE1-DMOC1.25.05","dc00980d-52b4-45bc-9ade-9993e19e73a0","Agency Contractor","10/05/2021 - 16/05/2021","Ireland","29091106@sittest.com","Antilles, Raymus 29091106 29091106@sittest.com","","HPWO00091517","","99748645",""
"COMPASS","29091106","","Approved","11/05/2021","IE1-DMOC1.25.05","IEEU501028","","","IE1-DMOC1.25.05","","400","","2.00","Overtime","59045","","","COMPASS WBS","","","","","","","","","C","","","IEEU","IE1-DMOC1.25.05","c774b49a-1af3-40a9-9dbe-3c278bb40360","Agency Contractor","10/05/2021 - 16/05/2021","Ireland","29091106@sittest.com","Antilles, Raymus 29091106 29091106@sittest.com","","HPWO00091517","","99748645",""
"COMPASS","29091106","","Approved","11/05/2021","IE1-DMOC1.25.05","IEEU501028","","","IE1-DMOC1.25.05","","400","","8.00","Straight Time","59040","","","COMPASS WBS","","","","","","","","","C","","","IEEU","IE1-DMOC1.25.05","f6ff8041-f9ca-4123-9e7d-ef4ccace464d","Agency Contractor","10/05/2021 - 16/05/2021","Ireland","29091106@sittest.com","Antilles, Raymus 29091106 29091106@sittest.com","","HPWO00091517","","99748645",""
"COMPASS","29091106","","Approved","12/05/2021","IE1-DMOC1.25.05","IEEU501028","","","IE1-DMOC1.25.05","","400","","2.00","Overtime","59046","","","COMPASS WBS","","","","","","","","","C","","","IEEU","IE1-DMOC1.25.05","7be15b66-c630-4936-8713-71cdbfe6a5c6","Agency Contractor","10/05/2021 - 16/05/2021","Ireland","29091106@sittest.com","Antilles, Raymus 29091106 29091106@sittest.com","","HPWO00091517","","99748645",""
"COMPASS","29091106","","Approved","12/05/2021","IE1-DMOC1.25.05","IEEU501028","","","IE1-DMOC1.25.05","","400","","8.00","Straight Time","59041","","","COMPASS WBS","","","","","","","","","C","","","IEEU","IE1-DMOC1.25.05","60c0f597-1534-4bb6-86e5-0e3d5f03f741","Agency Contractor","10/05/2021 - 16/05/2021","Ireland","29091106@sittest.com","Antilles, Raymus 29091106 29091106@sittest.com","","HPWO00091517","","99748645",""
"COMPASS","29091106","","Approved","13/05/2021","IE1-DMOC1.25.05","IEEU501028","","","IE1-DMOC1.25.05","","400","","2.00","Overtime","59047","","","COMPASS WBS","","","","","","","","","C","","","IEEU","IE1-DMOC1.25.05","bcc0d4ff-336b-4a71-ba12-5c869a82f6cb","Agency Contractor","10/05/2021 - 16/05/2021","Ireland","29091106@sittest.com","Antilles, Raymus 29091106 29091106@sittest.com","","HPWO00091517","","99748645",""
"COMPASS","29091106","","Approved","13/05/2021","IE1-DMOC1.25.05","IEEU501028","","","IE1-DMOC1.25.05","","400","","8.00","Straight Time","59042","","","COMPASS WBS","","","","","","","","","C","","","IEEU","IE1-DMOC1.25.05","5da5d6c1-e7a2-4b79-b9ce-4f796e382e15","Agency Contractor","10/05/2021 - 16/05/2021","Ireland","29091106@sittest.com","Antilles, Raymus 29091106 29091106@sittest.com","","HPWO00091517","","99748645",""
"COMPASS","29091106","","Approved","14/05/2021","IE1-DMOC1.25.05","IEEU501028","","","IE1-DMOC1.25.05","","400","","2.00","Overtime","59048","","","COMPASS WBS","","","","","","","","","C","","","IEEU","IE1-DMOC1.25.05","62700473-ed96-4d33-911a-cce3a67c52f5","Agency Contractor","10/05/2021 - 16/05/2021","Ireland","29091106@sittest.com","Antilles, Raymus 29091106 29091106@sittest.com","","HPWO00091517","","99748645",""
"COMPASS","29091106","","Approved","14/05/2021","IE1-DMOC1.25.05","IEEU501028","","","IE1-DMOC1.25.05","","400","","8.00","Straight Time","59043","","","COMPASS WBS","","","","","","","","","C","","","IEEU","IE1-DMOC1.25.05","0bfd77aa-9308-4d89-8cbe-24daf6b8c998","Agency Contractor","10/05/2021 - 16/05/2021","Ireland","29091106@sittest.com","Antilles, Raymus 29091106 29091106@sittest.com","","HPWO00091517","","99748645",""
"COMPASS","29091112","","Approved","10/05/2021","IE1-DMOC1.25.05","IEEU501028","","","IE1-DMOC1.25.05","","400","","2.00","Overtime","59121","","","COMPASS WBS","","","","","","","","","C","","","IEEU","IE1-DMOC1.25.05","cea464a5-c2b8-4794-a236-f6dfed480237","Agency Contractor","10/05/2021 - 16/05/2021","Ireland","29091112@sittest.com","Black, Regulus Arcturus 29091112 29091112@sittest.com","","HPWO00091455","","",""
"COMPASS","29091112","","Approved","10/05/2021","IE1-DMOC1.25.05","IEEU501028","","","IE1-DMOC1.25.05","","400","","8.00","Straight Time","59116","","","COMPASS WBS","","","","","","","","","C","","","IEEU","IE1-DMOC1.25.05","a3a7ced1-63b8-4cb5-88b9-4978375f3f46","Agency Contractor","10/05/2021 - 16/05/2021","Ireland","29091112@sittest.com","Black, Regulus Arcturus 29091112 29091112@sittest.com","","HPWO00091455","","",""
"COMPASS","29091112","","Approved","11/05/2021","IE1-DMOC1.25.05","IEEU501028","","","IE1-DMOC1.25.05","","400","","2.00","Overtime","59122","","","COMPASS WBS","","","","","","","","","C","","","IEEU","IE1-DMOC1.25.05","d0e5de7c-e61b-47bb-94a5-566509476852","Agency Contractor","10/05/2021 - 16/05/2021","Ireland","29091112@sittest.com","Black, Regulus Arcturus 29091112 29091112@sittest.com","","HPWO00091455","","",""
"COMPASS","29091112","","Approved","11/05/2021","IE1-DMOC1.25.05","IEEU501028","","","IE1-DMOC1.25.05","","400","","8.00","Straight Time","59117","","","COMPASS WBS","","","","","","","","","C","","","IEEU","IE1-DMOC1.25.05","0adf12b9-c0de-4d79-b3a6-73df5bbc3c63","Agency Contractor","10/05/2021 - 16/05/2021","Ireland","29091112@sittest.com","Black, Regulus Arcturus 29091112 29091112@sittest.com","","HPWO00091455","","",""
"COMPASS","29091112","","Approved","12/05/2021","IE1-DMOC1.25.05","IEEU501028","","","IE1-DMOC1.25.05","","400","","2.00","Overtime","59123","","","COMPASS WBS","","","","","","","","","C","","","IEEU","IE1-DMOC1.25.05","e2825a1c-69d2-4252-895a-5292efbdeee4","Agency Contractor","10/05/2021 - 16/05/2021","Ireland","29091112@sittest.com","Black, Regulus Arcturus 29091112 29091112@sittest.com","","HPWO00091455","","",""
"COMPASS","29091112","","Approved","12/05/2021","IE1-DMOC1.25.05","IEEU501028","","","IE1-DMOC1.25.05","","400","","8.00","Straight Time","59118","","","COMPASS WBS","","","","","","","","","C","","","IEEU","IE1-DMOC1.25.05","69a7b356-42ec-46a9-aa49-38f3730f0e93","Agency Contractor","10/05/2021 - 16/05/2021","Ireland","29091112@sittest.com","Black, Regulus Arcturus 29091112 29091112@sittest.com","","HPWO00091455","","",""
"COMPASS","29091112","","Approved","13/05/2021","IE1-DMOC1.25.05","IEEU501028","","","IE1-DMOC1.25.05","","400","","2.00","Overtime","59124","","","COMPASS WBS","","","","","","","","","C","","","IEEU","IE1-DMOC1.25.05","d5c98b73-a948-440f-a589-f2b18fc1b468","Agency Contractor","10/05/2021 - 16/05/2021","Ireland","29091112@sittest.com","Black, Regulus Arcturus 29091112 29091112@sittest.com","","HPWO00091455","","",""
"COMPASS","29091112","","Approved","13/05/2021","IE1-DMOC1.25.05","IEEU501028","","","IE1-DMOC1.25.05","","400","","8.00","Straight Time","59119","","","COMPASS WBS","","","","","","","","","C","","","IEEU","IE1-DMOC1.25.05","e348309b-2177-4b97-bc18-93d178422128","Agency Contractor","10/05/2021 - 16/05/2021","Ireland","29091112@sittest.com","Black, Regulus Arcturus 29091112 29091112@sittest.com","","HPWO00091455","","",""
"COMPASS","29091112","","Approved","14/05/2021","IE1-DMOC1.25.05","IEEU501028","","","IE1-DMOC1.25.05","","400","","2.00","Overtime","59125","","","COMPASS WBS","","","","","","","","","C","","","IEEU","IE1-DMOC1.25.05","4cf05881-5fc3-4082-a42e-d9ba3316651d","Agency Contractor","10/05/2021 - 16/05/2021","Ireland","29091112@sittest.com","Black, Regulus Arcturus 29091112 29091112@sittest.com","","HPWO00091455","","",""
"COMPASS","29091112","","Approved","14/05/2021","IE1-DMOC1.25.05","IEEU501028","","","IE1-DMOC1.25.05","","400","","8.00","Straight Time","59120","","","COMPASS WBS","","","","","","","","","C","","","IEEU","IE1-DMOC1.25.05","70989e9c-dc01-454e-807a-8ce803396066","Agency Contractor","10/05/2021 - 16/05/2021","Ireland","29091112@sittest.com","Black, Regulus Arcturus 29091112 29091112@sittest.com","","HPWO00091455","","",""
"COMPASS","29091120","","Approved","10/05/2021","IE1-DMOC1.25.05","IEEU501028","","","IE1-DMOC1.25.05","","400","","2.00","Overtime","59209","","","COMPASS WBS","","","","","","","","","C","","","IEEU","IE1-DMOC1.25.05","33991a75-62bb-479a-a9ce-010624995026","Agency Contractor","10/05/2021 - 16/05/2021","Ireland","29091120@sittest.com","Dursley, Dudley 29091120 29091120@sittest.com","","HPWO00091463","","",""
"COMPASS","29091120","","Approved","10/05/2021","IE1-DMOC1.25.05","IEEU501028","","","IE1-DMOC1.25.05","","400","","8.00","Straight Time","59204","","","COMPASS WBS","","","","","","","","","C","","","IEEU","IE1-DMOC1.25.05","4400623e-0268-41e0-ae61-3e4b99a64c80","Agency Contractor","10/05/2021 - 16/05/2021","Ireland","29091120@sittest.com","Dursley, Dudley 29091120 29091120@sittest.com","","HPWO00091463","","",""
"COMPASS","29091120","","Approved","11/05/2021","IE1-DMOC1.25.05","IEEU501028","","","IE1-DMOC1.25.05","","400","","2.00","Overtime","59210","","","COMPASS WBS","","","","","","","","","C","","","IEEU","IE1-DMOC1.25.05","3f914e9f-22d2-4f84-8bd5-96411ef3c043","Agency Contractor","10/05/2021 - 16/05/2021","Ireland","29091120@sittest.com","Dursley, Dudley 29091120 29091120@sittest.com","","HPWO00091463","","",""
"COMPASS","29091120","","Approved","11/05/2021","IE1-DMOC1.25.05","IEEU501028","","","IE1-DMOC1.25.05","","400","","8.00","Straight Time","59205","","","COMPASS WBS","","","","","","","","","C","","","IEEU","IE1-DMOC1.25.05","4dde2282-ea9e-4f90-9729-2c88dbbd22a6","Agency Contractor","10/05/2021 - 16/05/2021","Ireland","29091120@sittest.com","Dursley, Dudley 29091120 29091120@sittest.com","","HPWO00091463","","",""
"COMPASS","29091120","","Approved","12/05/2021","IE1-DMOC1.25.05","IEEU501028","","","IE1-DMOC1.25.05","","400","","2.00","Overtime","59211","","","COMPASS WBS","","","","","","","","","C","","","IEEU","IE1-DMOC1.25.05","bd97786b-d3f5-4454-9a26-53b5482c84a1","Agency Contractor","10/05/2021 - 16/05/2021","Ireland","29091120@sittest.com","Dursley, Dudley 29091120 29091120@sittest.com","","HPWO00091463","","",""
"COMPASS","29091120","","Approved","12/05/2021","IE1-DMOC1.25.05","IEEU501028","","","IE1-DMOC1.25.05","","400","","8.00","Straight Time","59206","","","COMPASS WBS","","","","","","","","","C","","","IEEU","IE1-DMOC1.25.05","dda8adee-d9b9-4645-9744-0758939328a7","Agency Contractor","10/05/2021 - 16/05/2021","Ireland","29091120@sittest.com","Dursley, Dudley 29091120 29091120@sittest.com","","HPWO00091463","","",""
"COMPASS","29091120","","Approved","13/05/2021","IE1-DMOC1.25.05","IEEU501028","","","IE1-DMOC1.25.05","","400","","2.00","Overtime","59212","","","COMPASS WBS","","","","","","","","","C","","","IEEU","IE1-DMOC1.25.05","23978867-4da9-430b-aeae-8c930a45bcf8","Agency Contractor","10/05/2021 - 16/05/2021","Ireland","29091120@sittest.com","Dursley, Dudley 29091120 29091120@sittest.com","","HPWO00091463","","",""
"COMPASS","29091120","","Approved","13/05/2021","IE1-DMOC1.25.05","IEEU501028","","","IE1-DMOC1.25.05","","400","","8.00","Straight Time","59207","","","COMPASS WBS","","","","","","","","","C","","","IEEU","IE1-DMOC1.25.05","3ee42309-6415-406e-97de-3d6f054585ec","Agency Contractor","10/05/2021 - 16/05/2021","Ireland","29091120@sittest.com","Dursley, Dudley 29091120 29091120@sittest.com","","HPWO00091463","","",""
"COMPASS","29091120","","Approved","14/05/2021","IE1-DMOC1.25.05","IEEU501028","","","IE1-DMOC1.25.05","","400","","2.00","Overtime","59213","","","COMPASS WBS","","","","","","","","","C","","","IEEU","IE1-DMOC1.25.05","0ed84247-48ba-458f-af9f-03db5c0c5534","Agency Contractor","10/05/2021 - 16/05/2021","Ireland","29091120@sittest.com","Dursley, Dudley 29091120 29091120@sittest.com","","HPWO00091463","","",""
"COMPASS","29091120","","Approved","14/05/2021","IE1-DMOC1.25.05","IEEU501028","","","IE1-DMOC1.25.05","","400","","8.00","Straight Time","59208","","","COMPASS WBS","","","","","","","","","C","","","IEEU","IE1-DMOC1.25.05","3075a240-2ad9-4e25-aaa5-727605a72751","Agency Contractor","10/05/2021 - 16/05/2021","Ireland","29091120@sittest.com","Dursley, Dudley 29091120 29091120@sittest.com","","HPWO00091463","","",""
"COMPASS","29091632","","Approved","19/07/2021","US1-SO3B1.01.01","USA7524376","","","","","400","","3.00","Straight Time","88018","",".","COMPASS WBS","","","","","","","","","C","","","USA7","","e462f3bb-6821-4004-9edf-d1dbcfb2e459","Agency Contractor","19/07/2021 - 25/07/2021","United States of America","29091632@sittest.com","Sai Alekhya, Kandikonda 29091632 29091632@sittest.com","","HPWO00091552","","",""
"COMPASS","29091636","","Approved","28/06/2021","AU1-DMOC1.25.08","AUES500011","","","TEST08_2","","400","","8.00","Double Time","86764","","Test prior period adjustment in Replicon for more than 4 weeks in the past","COMPASS WBS","Attribute 1","","","","","","","","C","","","AUES","TEST08_2","2ac7480e-18a1-4801-b4a9-733c1dfd0c9c","Agency Contractor","28/06/2021 - 04/07/2021","Australia","29091636@sittest.com","Charles, Kelly 29091636 29091636@sittest.com","","HPWO00091542","","",""
"COMPASS","29091636","","Approved","29/06/2021","","AUES500011","","","","","799","","6.00","","86765","","","","","","","","","","","","","","","AUES","","07a87f48-56b1-47a0-9943-bf7161a39134","Agency Contractor","28/06/2021 - 04/07/2021","Australia","29091636@sittest.com","Charles, Kelly 29091636 29091636@sittest.com","","HPWO00091542","","",""
"COMPASS","29091636","","Approved","30/06/2021","AU1-DMOC1.25.14","AUES500011","","","TEST14_2","","400","","8.00","Straight Time","90497","","","COMPASS WBS","Attribute 1","","","","","","","","C","","","AUES","TEST14_2","6b6032aa-615c-4fa9-a47e-d03dc054f952","Agency Contractor","28/06/2021 - 04/07/2021","Australia","29091636@sittest.com","Charles, Kelly 29091636 29091636@sittest.com","","HPWO00091542","","",""
"COMPASS","29091636","","Approved","01/07/2021","","AUES500011","","","","","799","","8.00","","87107","","","","","","","","","","","","","","","AUES","","af39862d-7c9b-4fa9-9908-8dacc87dc392","Agency Contractor","28/06/2021 - 04/07/2021","Australia","29091636@sittest.com","Charles, Kelly 29091636 29091636@sittest.com","","HPWO00091542","","",""
"COMPASS","29091636","","Approved","05/07/2021","AU1-DMOC1.25.08","AUES500011","","","TEST08_3","","400","","3.00","Straight Time","93459","","req","COMPASS WBS","Attribute 1","","","","","","","","C","","","AUES","TEST08_3","e5a8a607-00f2-4db6-bb87-c653ef740c95","Agency Contractor","05/07/2021 - 11/07/2021","Australia","29091636@sittest.com","Charles, Kelly 29091636 29091636@sittest.com","","HPWO00091542","","",""
"COMPASS","29091636","","Approved","05/07/2021","AU1-DMOC1.25.17","AUES500011","","","","","400","","0.00","Double Time","86724","","","COMPASS WBS","","","","","","","","","C","","","AUES","","ac02642a-ff7a-44f0-bf25-5436e4a76d02","Agency Contractor","05/07/2021 - 11/07/2021","Australia","29091636@sittest.com","Charles, Kelly 29091636 29091636@sittest.com","","HPWO00091542","","",""
"COMPASS","29091636","","Approved","05/07/2021","NZ1-DMOC1.25.18","AUES500011","","","TEST18_1","","401","","0.00","","86723","","","COMPASS WBS","Attribute 1","","","","","","","","C","","","AUES","TEST18_1","14ef83c0-dcfc-405e-afa7-ec7636e9d733","Agency Contractor","05/07/2021 - 11/07/2021","Australia","29091636@sittest.com","Charles, Kelly 29091636 29091636@sittest.com","","HPWO00091542","","",""
"COMPASS","29091636","","Approved","05/07/2021","","AUES500011","","","","","799","","0.00","","86769","","","","","","","","","","","","","","","AUES","","84f3ceca-b19b-4058-a869-b50aec6fe1d8","Agency Contractor","05/07/2021 - 11/07/2021","Australia","29091636@sittest.com","Charles, Kelly 29091636 29091636@sittest.com","","HPWO00091542","","",""
"COMPASS","29091636","","Approved","06/07/2021","AU1-DMOC1.25.05","AUES500011","","","","","411","","2.00","Double Time","93460","","","COMPASS WBS","","","","","","","","","C","","","AUES","","d7de2fca-57c2-4362-a8c1-2401b2d95bf5","Agency Contractor","05/07/2021 - 11/07/2021","Australia","29091636@sittest.com","Charles, Kelly 29091636 29091636@sittest.com","","HPWO00091542","","",""
"COMPASS","29091636","","Approved","06/07/2021","AU1-DMOC1.25.07","AUES500011","","","TEST1","","405","","0.00","Double Time","86766","","","COMPASS WBS","Attribute 1","","","","","","","","C","","","AUES","TEST1","a47ccbc3-250e-48ce-8aec-6db96dd8b2d1","Agency Contractor","05/07/2021 - 11/07/2021","Australia","29091636@sittest.com","Charles, Kelly 29091636 29091636@sittest.com","","HPWO00091542","","",""
"COMPASS","29091636","","Approved","06/07/2021","AU1-DMOC1.25.08","AUES500011","","","","","433","","0.00","Overtime","86727","","","COMPASS WBS","","","","","","","","","C","","","AUES","","bbb45b7f-7d4d-40ce-a9ec-0ad5683baaff","Agency Contractor","05/07/2021 - 11/07/2021","Australia","29091636@sittest.com","Charles, Kelly 29091636 29091636@sittest.com","","HPWO00091542","","",""
"COMPASS","29091636","","Approved","06/07/2021","AU1-DMOC1.25.17","AUES500011","","","","","400","","0.00","Double Time","86725","","","COMPASS WBS","","","","","","","","","C","","","AUES","","8402dce7-3ad2-407b-adee-ebb4e1b0d192","Agency Contractor","05/07/2021 - 11/07/2021","Australia","29091636@sittest.com","Charles, Kelly 29091636 29091636@sittest.com","","HPWO00091542","","",""
"COMPASS","29091636","","Approved","07/07/2021","AU1-DMOC1.25.15","AUES500011","","","TEST15_21","","799","","0.00","","86763","","","COMPASS WBS","Attribute 2","","","","","","","","C","","","AUES","RISD INDEPENDEN / TEST15_21","2dd12a8b-e5cd-47d5-a4df-b806b24969c7","Agency Contractor","05/07/2021 - 11/07/2021","Australia","29091636@sittest.com","Charles, Kelly 29091636 29091636@sittest.com","","HPWO00091542","","",""
"COMPASS","29091636","","Approved","07/07/2021","CA1-DMOC1.25.07","AUES500011","","","TEST1","","432","","1.00","Overtime","93461","","","COMPASS WBS","Attribute 1","","","","","","","","C","","","AUES","TEST1","3ec9a2f8-b585-440e-859a-0376c4283501","Agency Contractor","05/07/2021 - 11/07/2021","Australia","29091636@sittest.com","Charles, Kelly 29091636 29091636@sittest.com","","HPWO00091542","","",""
"COMPASS","29091636","","Approved","07/07/2021","IN1-DMOC1.25.18","AUES500011","","","","","422","","0.00","Double Time","87094","","","COMPASS WBS","","","","","","","","","C","","","AUES","","6e82d0a2-0e04-440b-b729-327d82178824","Agency Contractor","05/07/2021 - 11/07/2021","Australia","29091636@sittest.com","Charles, Kelly 29091636 29091636@sittest.com","","HPWO00091542","","",""
"COMPASS","29091636","","Approved","08/07/2021","AU1-DMOC1.25.10","AUES500011","","","TEST10_1","","421","","0.00","Overtime","86767","","","COMPASS WBS","Attribute 1","","","","","","","","C","","","AUES","TEST10_1","e8a0092b-9193-48b9-bb12-9526969629a2","Agency Contractor","05/07/2021 - 11/07/2021","Australia","29091636@sittest.com","Charles, Kelly 29091636 29091636@sittest.com","","HPWO00091542","","",""
"COMPASS","29091636","","Approved","08/07/2021","","AUES500011","","","","","799","","7.00","","93462","","","","","","","","","","","","","","","AUES","","9ff1381f-e8e1-4cbb-84d2-813d253f40d5","Agency Contractor","05/07/2021 - 11/07/2021","Australia","29091636@sittest.com","Charles, Kelly 29091636 29091636@sittest.com","","HPWO00091542","","",""
"COMPASS","29091636","","Approved","09/07/2021","","AUES500011","","","","","799","","0.00","","86768","","","","","","","","","","","","","","","AUES","","f84328c9-6e30-4c4f-8c55-d5b6465dd5cc","Agency Contractor","05/07/2021 - 11/07/2021","Australia","29091636@sittest.com","Charles, Kelly 29091636 29091636@sittest.com","","HPWO00091542","","",""
"COMPASS","29091636","","Approved","12/07/2021","AU1-DMOC1.25.07","AUES500011","","","TEST1","","401","","1.00","Straight Time","86660","","","COMPASS WBS","Attribute 1","","","","","","","","C","","","AUES","TEST1","b18dae83-fb8e-43a1-853a-9b0b82604701","Agency Contractor","12/07/2021 - 18/07/2021","Australia","29091636@sittest.com","Charles, Kelly 29091636 29091636@sittest.com","","HPWO00091542","","",""
"COMPASS","29091636","","Approved","12/07/2021","AU1-DMOC1.25.10","AUES500011","","","TEST10_11","","414","","4.00","Overtime","86665","","","COMPASS WBS","Attribute 2","","","","","","","","C","","","AUES","TEST10_3 / TEST10_11","705f4329-d83f-40d3-97fd-225b5f5f23a5","Agency Contractor","12/07/2021 - 18/07/2021","Australia","29091636@sittest.com","Charles, Kelly 29091636 29091636@sittest.com","","HPWO00091542","","",""
"COMPASS","29091636","","Approved","13/07/2021","AU1-DMOC1.25.14","AUES500011","","","","","415","","3.00","Double Time","86670","","","COMPASS WBS","","","","","","","","","C","","","AUES","","bb00ff3d-83a2-4e44-85e0-32b8e16137b6","Agency Contractor","12/07/2021 - 18/07/2021","Australia","29091636@sittest.com","Charles, Kelly 29091636 29091636@sittest.com","","HPWO00091542","","",""
"COMPASS","29091636","","Approved","13/07/2021","AU1-DMOC1.25.15","AUES500011","","","RISD INDEPENDEN","","421","","4.00","Straight Time","86698","","","COMPASS WBS","Attribute 1","","","","","","","","C","","","AUES","RISD INDEPENDEN","5f201166-2990-4742-9e5b-c77ec758d66a","Agency Contractor","12/07/2021 - 18/07/2021","Australia","29091636@sittest.com","Charles, Kelly 29091636 29091636@sittest.com","","HPWO00091542","","",""
"COMPASS","29091636","","Approved","14/07/2021","AU1-DMOC1.25.07","AUES500011","","","TEST1","","464","","5.00","Overtime","86729","","","COMPASS WBS","Attribute 1","","","Track hours against Customer 1,2 and 3 field","","","","","C","","","AUES","TEST1","28c59194-88fb-4c9a-a4d3-ee1439733557","Agency Contractor","12/07/2021 - 18/07/2021","Australia","29091636@sittest.com","Charles, Kelly 29091636 29091636@sittest.com","","HPWO00091542","","",""
"COMPASS","29091636","","Approved","14/07/2021","AU1-DMOC1.25.08","AUES500011","","","","","433","","4.00","Overtime","86726","","short text mandatory","COMPASS WBS","","","","","","","","","C","","","AUES","","af819973-5e1b-4367-b75d-b9baabb7c0e0","Agency Contractor","12/07/2021 - 18/07/2021","Australia","29091636@sittest.com","Charles, Kelly 29091636 29091636@sittest.com","","HPWO00091542","","",""
"COMPASS","29091636","","Approved","14/07/2021","AU1-DMOC1.25.14","AUES500011","","","TEST14_1","","415","","3.00","Double Time","86671","","","COMPASS WBS","Attribute 1","","","","","","","","C","","","AUES","TEST14_1","3776d478-8ca2-4753-aeac-0455bacf1643","Agency Contractor","12/07/2021 - 18/07/2021","Australia","29091636@sittest.com","Charles, Kelly 29091636 29091636@sittest.com","","HPWO00091542","","",""
"COMPASS","29091636","","Approved","14/07/2021","AU1-DMOC1.25.15","AUES500011","","","TEST15_21","","421","","4.00","Straight Time","86700","","","COMPASS WBS","Attribute 2","","","","","","","","C","","","AUES","RISD INDEPENDEN / TEST15_21","c12f28de-6d20-4661-aa3e-788c24791de2","Agency Contractor","12/07/2021 - 18/07/2021","Australia","29091636@sittest.com","Charles, Kelly 29091636 29091636@sittest.com","","HPWO00091542","","",""
"COMPASS","29091636","","Approved","14/07/2021","CA1-DMOC1.25.07","AUES500011","","","TEST1","","458","","5.00","Overtime","86732","","","COMPASS WBS","Attribute 1","","","","","","","","C","","","AUES","TEST1","50b0fc87-131d-4f13-b763-4633ed1f17aa","Agency Contractor","12/07/2021 - 18/07/2021","Australia","29091636@sittest.com","Charles, Kelly 29091636 29091636@sittest.com","","HPWO00091542","","",""
"COMPASS","29091636","","Approved","15/07/2021","AU1-DMOC1.25.08","AUES500011","","","TEST08_2","","480","","3.00","Overtime","86734","","mandatory","COMPASS WBS","Attribute 1","","","","","","","","C","","","AUES","TEST08_2","ef939128-00ab-4d3b-83d9-19c33ea30a5b","Agency Contractor","12/07/2021 - 18/07/2021","Australia","29091636@sittest.com","Charles, Kelly 29091636 29091636@sittest.com","","HPWO00091542","","",""
"COMPASS","29091636","","Approved","15/07/2021","","AUES500011","","","","","799","","6.00","","86728","","","","","","","","","","","","","","","AUES","","073ff832-1a19-4906-b377-93784b94237d","Agency Contractor","12/07/2021 - 18/07/2021","Australia","29091636@sittest.com","Charles, Kelly 29091636 29091636@sittest.com","","HPWO00091542","","",""
"COMPASS","29091636","","Approved","26/07/2021","AU1-DMOC1.25.15","AUES500011","","","TEST15_31","","400","","0.00","Straight Time","86719","","","COMPASS WBS","Attribute 2","","","","","","","","C","","","AUES","RISD INDEPENDEN / TEST15_31","64256589-20d1-46c1-bf21-37331d2f88fc","Agency Contractor","26/07/2021 - 01/08/2021","Australia","29091636@sittest.com","Charles, Kelly 29091636 29091636@sittest.com","","HPWO00091542","","",""
"COMPASS","29091636","","Approved","26/07/2021","GB1-DMOC1.25.05","AUES500011","","","","","400","","3.00","Straight Time","91803","","cr&rebill","COMPASS WBS","","","","","","","","","C","","","AUES","","cace59c0-51fa-4a3b-811a-9713ff9d1382","Agency Contractor","26/07/2021 - 01/08/2021","Australia","29091636@sittest.com","Charles, Kelly 29091636 29091636@sittest.com","","HPWO00091542","","",""
"COMPASS","29091636","","Approved","27/07/2021","GB1-DMOC1.25.05","AUES500011","","","","","400","","3.00","Double Time","91804","","cr&rebill","COMPASS WBS","","","","","","","","","C","","","AUES","","a6a17807-a946-4d79-b5e1-b8db170ba2c2","Agency Contractor","26/07/2021 - 01/08/2021","Australia","29091636@sittest.com","Charles, Kelly 29091636 29091636@sittest.com","","HPWO00091542","","",""
"COMPASS","29091636","","Approved","28/07/2021","GB1-DMOC1.25.05","AUES500011","","","","","400","","3.00","Overtime","91805","","cr&rebill","COMPASS WBS","","","","","","","","","C","","","AUES","","a1811bd4-5345-45fb-a023-d0e076d78dfd","Agency Contractor","26/07/2021 - 01/08/2021","Australia","29091636@sittest.com","Charles, Kelly 29091636 29091636@sittest.com","","HPWO00091542","","",""
"COMPASS","29091636","","Approved","02/08/2021","AU1-DMOC1.25.15","AUES500011","","","TEST15_31","","400","","0.00","Straight Time","86762","","","COMPASS WBS","Attribute 2","","","","","","","","C","","","AUES","RISD INDEPENDEN / TEST15_31","c4aa1f54-46b8-4c70-98d5-451cb8abdda3","Agency Contractor","02/08/2021 - 08/08/2021","Australia","29091636@sittest.com","Charles, Kelly 29091636 29091636@sittest.com","","HPWO00091542","","",""
"COMPASS","29091636","","Approved","02/08/2021","RU1-AN001.10.01.02","AUES500011","","","","","401","","2.00","Straight Time","98652","","","COMPASS WBS","","","","","","","","","C","","","AUES","","7833e312-de97-40ac-b4e7-43cd4b2d4683","Agency Contractor","02/08/2021 - 08/08/2021","Australia","29091636@sittest.com","Charles, Kelly 29091636 29091636@sittest.com","","HPWO00091542","","",""
"COMPASS","29091636","","Approved","03/08/2021","RU1-AN001.10.01.02","AUES500011","","","","","401","","2.00","Straight Time","98653","","","COMPASS WBS","","","","","","","","","C","","","AUES","","bcfad7b3-6201-462d-8ef6-fb97dd055976","Agency Contractor","02/08/2021 - 08/08/2021","Australia","29091636@sittest.com","Charles, Kelly 29091636 29091636@sittest.com","","HPWO00091542","","",""
"COMPASS","29091636","","Approved","09/08/2021","RU1-AN001.10.01.02","AUES500011","","","","","401","","3.00","Straight Time","98654","","","COMPASS WBS","","","","","","","","","C","","","AUES","","61ed1ad4-9faa-4cf4-a7d1-cf1f816b99c6","Agency Contractor","09/08/2021 - 15/08/2021","Australia","29091636@sittest.com","Charles, Kelly 29091636 29091636@sittest.com","","HPWO00091542","","",""
"COMPASS","29091636","","Approved","10/08/2021","RU1-AN001.10.01.02","AUES500011","","","","","401","","3.00","Straight Time","98655","","","COMPASS WBS","","","","","","","","","C","","","AUES","","f8eb2ab9-0eb0-4669-8c3a-35b818ee2bdb","Agency Contractor","09/08/2021 - 15/08/2021","Australia","29091636@sittest.com","Charles, Kelly 29091636 29091636@sittest.com","","HPWO00091542","","",""
"COMPASS","29091636","","Approved","16/08/2021","RU1-AN001.10.01.02","AUES500011","","","","","401","","4.00","Double Time","98656","","","COMPASS WBS","","","","","","","","","C","","","AUES","","328123e1-ba19-4d9e-a2b3-695dab5eb09c","Agency Contractor","16/08/2021 - 22/08/2021","Australia","29091636@sittest.com","Charles, Kelly 29091636 29091636@sittest.com","","HPWO00091542","","",""
"COMPASS","29091636","","Approved","17/08/2021","RU1-AN001.10.01.02","AUES500011","","","","","401","","4.00","Double Time","98657","","","COMPASS WBS","","","","","","","","","C","","","AUES","","adadb713-bc33-41be-8c4b-0fb9058d6af1","Agency Contractor","16/08/2021 - 22/08/2021","Australia","29091636@sittest.com","Charles, Kelly 29091636 29091636@sittest.com","","HPWO00091542","","",""
"COMPASS","29091638","","Approved","18/10/2021","AU1-DMOC1.25.07","AUES500011","","","TEST1","","400","","2.00","Straight Time","132838","","","COMPASS WBS","Attribute 1","","","","","","","","C","","","AUES","TEST1","2fdac07a-08d2-4596-ad7f-26b490923036","Agency Contractor","18/10/2021 - 24/10/2021","Australia","29091638@sittest.com","Amar, Hussain 29091638 29091638@sittest.com","","HPWO00091645","","",""
"COMPASS","29091638","","Approved","19/10/2021","AU1-DMOC1.25.07","AUES500011","","","TEST1","","400","","2.00","Straight Time","132837","","","COMPASS WBS","Attribute 1","","","","","","","","C","","","AUES","TEST1","242a5b6b-04e3-4402-8cf3-8453191372fc","Agency Contractor","18/10/2021 - 24/10/2021","Australia","29091638@sittest.com","Amar, Hussain 29091638 29091638@sittest.com","","HPWO00091645","","",""
"COMPASS","29091638","","Approved","20/10/2021","AU1-DMOC1.25.07","AUES500011","","","TEST1","","400","","2.00","Straight Time","132839","","","COMPASS WBS","Attribute 1","","","","","","","","C","","","AUES","TEST1","2a0a88b5-404f-4d89-903e-c49224cf6ef4","Agency Contractor","18/10/2021 - 24/10/2021","Australia","29091638@sittest.com","Amar, Hussain 29091638 29091638@sittest.com","","HPWO00091645","","",""
"COMPASS","29091638","","Approved","21/10/2021","AU1-DMOC1.25.07","AUES500011","","","TEST1","","400","","2.00","Straight Time","132840","","","COMPASS WBS","Attribute 1","","","","","","","","C","","","AUES","TEST1","30a67422-d4f5-4325-b597-9ac4c40bb1a3","Agency Contractor","18/10/2021 - 24/10/2021","Australia","29091638@sittest.com","Amar, Hussain 29091638 29091638@sittest.com","","HPWO00091645","","",""
"COMPASS","29091638","","Approved","22/10/2021","AU1-DMOC1.25.07","AUES500011","","","TEST1","","400","","2.00","Straight Time","132841","","","COMPASS WBS","Attribute 1","","","","","","","","C","","","AUES","TEST1","bf71bafa-f063-4497-a70a-958e4c8ba9a5","Agency Contractor","18/10/2021 - 24/10/2021","Australia","29091638@sittest.com","Amar, Hussain 29091638 29091638@sittest.com","","HPWO00091645","","",""
"COMPASS","29091639","","Approved","26/07/2021","AU1-DMOC1.25.15","AUES500011","","","TEST15_11","","411","","9.00","Straight Time","91343","","","COMPASS WBS","Attribute 2","","","","","","","","C","","","AUES","RISD INDEPENDEN / TEST15_11","67f6c512-3565-4e50-a32f-9b87402c899d","Agency Contractor","26/07/2021 - 01/08/2021","Australia","29091639@sittest.com","Alex, Jin 29091639 29091639@sittest.com","","HPWO00091545","","",""
"COMPASS","29091639","","Approved","27/07/2021","AU1-DMOC1.25.15","AUES500011","","","TEST15_11","","411","","9.00","Straight Time","91344","","","COMPASS WBS","Attribute 2","","","","","","","","C","","","AUES","RISD INDEPENDEN / TEST15_11","ff1283d9-6eff-409c-a6de-02c4edc44e96","Agency Contractor","26/07/2021 - 01/08/2021","Australia","29091639@sittest.com","Alex, Jin 29091639 29091639@sittest.com","","HPWO00091545","","",""
"COMPASS","29091639","","Approved","28/07/2021","AU1-DMOC1.25.15","AUES500011","","","TEST15_11","","411","","9.00","Straight Time","91345","","","COMPASS WBS","Attribute 2","","","","","","","","C","","","AUES","RISD INDEPENDEN / TEST15_11","5952d8c2-910a-462e-b092-c98b3b0e49cb","Agency Contractor","26/07/2021 - 01/08/2021","Australia","29091639@sittest.com","Alex, Jin 29091639 29091639@sittest.com","","HPWO00091545","","",""
"COMPASS","29091639","","Approved","29/07/2021","AU1-DMOC1.25.15","AUES500011","","","TEST15_11","","411","","9.00","Straight Time","91346","","","COMPASS WBS","Attribute 2","","","","","","","","C","","","AUES","RISD INDEPENDEN / TEST15_11","f4a29bd6-5249-4352-8434-44fcfeab2c53","Agency Contractor","26/07/2021 - 01/08/2021","Australia","29091639@sittest.com","Alex, Jin 29091639 29091639@sittest.com","","HPWO00091545","","",""
"COMPASS","29091639","","Approved","30/07/2021","AU1-DMOC1.25.15","AUES500011","","","TEST15_11","","411","","9.00","Straight Time","91347","","","COMPASS WBS","Attribute 2","","","","","","","","C","","","AUES","RISD INDEPENDEN / TEST15_11","feda86f3-1b7d-428c-9110-f07e19041876","Agency Contractor","26/07/2021 - 01/08/2021","Australia","29091639@sittest.com","Alex, Jin 29091639 29091639@sittest.com","","HPWO00091545","","",""
"COMPASS","29091641","","Approved","05/07/2021","DE1-DMOC1.25.07","DEET509239","","","TEST1","","400","","2.00","Straight Time","86355","","","COMPASS WBS","Attribute 1","","","","","","","","C","","","DEET","TEST1","cd7ef8d0-c0a4-4ae0-bb87-d15987fee51a","Agency Contractor","05/07/2021 - 11/07/2021","Germany","29091641@sittest.com","Brandy, Starkey 29091641 29091641@sittest.com","","HPWO00091555","","",""
"COMPASS","29091641","","Approved","05/07/2021","DE1-DMOC1.25.08","DEET509239","","","TEST09_2","","400","","2.00","Straight Time","86354","","test","COMPASS WBS","Attribute 1","","","","","","","","C","","","DEET","TEST09_2","fd33c641-25e5-48ce-947f-e54a08469924","Agency Contractor","05/07/2021 - 11/07/2021","Germany","29091641@sittest.com","Brandy, Starkey 29091641 29091641@sittest.com","","HPWO00091555","","",""
"COMPASS","29091641","","Approved","05/07/2021","DE1-DMOC1.25.09","DEET509239","","","TEST09_3","","415","","2.00","Straight Time","86357","","test","COMPASS WBS","Attribute 1","","","","","","","","C","","","DEET","TEST09_3","2645ccfa-8f0b-4526-8048-28216b07a9e5","Agency Contractor","05/07/2021 - 11/07/2021","Germany","29091641@sittest.com","Brandy, Starkey 29091641 29091641@sittest.com","","HPWO00091555","","",""
"COMPASS","29091641","","Approved","05/07/2021","DE1-DMOC1.25.11","DEET509239","","","TEST11_21","","442","","2.00","Overtime","86359","","test","COMPASS WBS","Attribute 2","","","","","","","","C","","","DEET","TEST11_3 / TEST11_21","cb8f5914-2b73-43cc-a5b9-3f1538c9d057","Agency Contractor","05/07/2021 - 11/07/2021","Germany","29091641@sittest.com","Brandy, Starkey 29091641 29091641@sittest.com","","HPWO00091555","","",""
"COMPASS","29091641","","Approved","05/07/2021","DE1-DMOC1.25.15","DEET509239","","","TEST15_1","","400","","2.00","Straight Time","86356","","","COMPASS WBS","Attribute 1","","","","","","","","C","","","DEET","TEST15_1","fe02e25b-0172-4b56-be3a-7c8fb6e8aca6","Agency Contractor","05/07/2021 - 11/07/2021","Germany","29091641@sittest.com","Brandy, Starkey 29091641 29091641@sittest.com","","HPWO00091555","","",""
"COMPASS","29091641","","Approved","06/07/2021","DE1-DMOC1.25.07","DEET509239","","","TEST1","","405","","2.00","Straight Time","86395","","","COMPASS WBS","Attribute 1","","","","","","","","C","","","DEET","TEST1","f10b71dd-df68-40dd-9612-9a633a399daa","Agency Contractor","05/07/2021 - 11/07/2021","Germany","29091641@sittest.com","Brandy, Starkey 29091641 29091641@sittest.com","","HPWO00091555","","",""
"COMPASS","29091641","","Approved","06/07/2021","","DEET509239","","","","","799","","8.00","","86360","","","","","","","","","","","","","","","DEET","","fb115353-e954-4edc-bb78-ccb33d3b0b97","Agency Contractor","05/07/2021 - 11/07/2021","Germany","29091641@sittest.com","Brandy, Starkey 29091641 29091641@sittest.com","","HPWO00091555","","",""
"COMPASS","29091641","","Approved","07/07/2021","DE1-DMOC1.25.07","DEET509239","","","TEST1","","405","","0.00","Straight Time","86396","","","COMPASS WBS","Attribute 1","","","","","","","","C","","","DEET","TEST1","0c099bdd-5b02-48ef-b607-2d8d9afe9d36","Agency Contractor","05/07/2021 - 11/07/2021","Germany","29091641@sittest.com","Brandy, Starkey 29091641 29091641@sittest.com","","HPWO00091555","","",""
"COMPASS","29091641","","Approved","07/07/2021","DE1-DMOC1.25.14","DEET509239","","","TEST14_1","","400","","8.00","Straight Time","86362","","","COMPASS WBS","Attribute 1","","Field 1","Field 2","Field 3","","","","C","","","DEET","TEST14_1","ab654c33-7de2-4a0b-9ab6-831bb1b4239d","Agency Contractor","05/07/2021 - 11/07/2021","Germany","29091641@sittest.com","Brandy, Starkey 29091641 29091641@sittest.com","","HPWO00091555","","",""
"COMPASS","29091641","","Approved","08/07/2021","DE1-DMOC1.25.07","DEET509239","","","TEST1","","405","","0.00","Straight Time","86397","","","COMPASS WBS","Attribute 1","","","","","","","","C","","","DEET","TEST1","59142b63-ecb8-4c88-bc33-9ccd995994d7","Agency Contractor","05/07/2021 - 11/07/2021","Germany","29091641@sittest.com","Brandy, Starkey 29091641 29091641@sittest.com","","HPWO00091555","","",""
"COMPASS","29091641","","Approved","12/07/2021","DE1-DMOC1.25.13","DEET509239","","","TEST13_1","","400","","10.00","Straight Time","86752","","","COMPASS WBS","Attribute 1","","","","","","","","C","","","DEET","TEST13_1","0131d570-8fa1-4ed3-af67-c8f5e05acf88","Agency Contractor","12/07/2021 - 18/07/2021","Germany","29091641@sittest.com","Brandy, Starkey 29091641 29091641@sittest.com","","HPWO00091555","","",""
"COMPASS","29091641","","Approved","13/07/2021","DE1-DMOC1.25.13","DEET509239","","","TEST13_1","","400","","4.00","Straight Time","86753","","","COMPASS WBS","Attribute 1","","","","","","","","C","","","DEET","TEST13_1","e064179e-4d94-4682-b0b3-6075f3c58e25","Agency Contractor","12/07/2021 - 18/07/2021","Germany","29091641@sittest.com","Brandy, Starkey 29091641 29091641@sittest.com","","HPWO00091555","","",""
"COMPASS","29091641","","Approved","14/07/2021","DE1-DMOC1.25.13","DEET509239","","","TEST13_1","","400","","10.00","Straight Time","86754","","","COMPASS WBS","Attribute 1","","","","","","","","C","","","DEET","TEST13_1","258b84a0-22ec-49a5-b8db-285c5088647c","Agency Contractor","12/07/2021 - 18/07/2021","Germany","29091641@sittest.com","Brandy, Starkey 29091641 29091641@sittest.com","","HPWO00091555","","",""
"COMPASS","29091641","","Approved","15/07/2021","DE1-DMOC1.25.13","DEET509239","","","TEST13_1","","400","","8.00","Straight Time","86755","","","COMPASS WBS","Attribute 1","","","","","","","","C","","","DEET","TEST13_1","1bf1235f-a4d4-49e1-aa61-3b34bbd448ba","Agency Contractor","12/07/2021 - 18/07/2021","Germany","29091641@sittest.com","Brandy, Starkey 29091641 29091641@sittest.com","","HPWO00091555","","",""
"COMPASS","29091641","","Approved","16/07/2021","","DEET509239","","","","","799","","8.00","","86756","","","","","","","","","","","","","","","DEET","","2059c3d7-627a-4098-a07c-d350f4f97d0f","Agency Contractor","12/07/2021 - 18/07/2021","Germany","29091641@sittest.com","Brandy, Starkey 29091641 29091641@sittest.com","","HPWO00091555","","",""
"COMPASS","29091641","","Approved","17/07/2021","","DEET509239","","","","","799","","8.00","","86757","","","","","","","","","","","","","","","DEET","","dc653b9f-4cc1-4bcd-8b6d-f50f06cb654c","Agency Contractor","12/07/2021 - 18/07/2021","Germany","29091641@sittest.com","Brandy, Starkey 29091641 29091641@sittest.com","","HPWO00091555","","",""
"COMPASS","29091641","","Approved","18/07/2021","","DEET509239","","","","","799","","8.00","","86758","","","","","","","","","","","","","","","DEET","","cb86ea55-f5bc-43a6-a64f-06747b156d6d","Agency Contractor","12/07/2021 - 18/07/2021","Germany","29091641@sittest.com","Brandy, Starkey 29091641 29091641@sittest.com","","HPWO00091555","","",""
"COMPASS","29091641","","Approved","30/08/2021","DE1-DMOC1.25.01","DEET509239","","","ES-614865-42055795","","411","","2.00","Overtime","100563","","","COMPASS WBS","PPMC Project & Task","","","","","","","","C","","","DEET","ES-614865-42055795","dabe116e-80ae-4d2d-b469-c56130c5ce53","Agency Contractor","30/08/2021 - 05/09/2021","Germany","29091641@sittest.com","Brandy, Starkey 29091641 29091641@sittest.com","","HPWO00091555","","",""
"COMPASS","29091641","","Approved","31/08/2021","DE1-DMOC1.25.01","DEET509239","","","ES-614865-42055795","","411","","3.00","Overtime","100564","","","COMPASS WBS","PPMC Project & Task","","","","","","","","C","","","DEET","ES-614865-42055795","aecb31ed-6a45-424a-894c-3565ae4b19cf","Agency Contractor","30/08/2021 - 05/09/2021","Germany","29091641@sittest.com","Brandy, Starkey 29091641 29091641@sittest.com","","HPWO00091555","","",""
"COMPASS","29091641","","Approved","06/09/2021","DE1-DMOC1.25.01","DEET509239","","","ES-614865-42055795","","411","","2.00","Straight Time","100561","","","COMPASS WBS","PPMC Project & Task","","","","","","","","C","","","DEET","ES-614865-42055795","0ea43a21-c1ec-4323-b486-3f8a165bcb5c","Agency Contractor","06/09/2021 - 12/09/2021","Germany","29091641@sittest.com","Brandy, Starkey 29091641 29091641@sittest.com","","HPWO00091555","","",""
"COMPASS","29091641","","Approved","07/09/2021","DE1-DMOC1.25.01","DEET509239","","","ES-614865-42055795","","411","","3.00","Straight Time","100562","","","COMPASS WBS","PPMC Project & Task","","","","","","","","C","","","DEET","ES-614865-42055795","0eb929a3-dcf2-41cf-a9fd-9d4853e3d1d9","Agency Contractor","06/09/2021 - 12/09/2021","Germany","29091641@sittest.com","Brandy, Starkey 29091641 29091641@sittest.com","","HPWO00091555","","",""
"C1","29090137","","Approved","05/04/2021","4013564","C110299951","","","4013564","","","","7.00","Straight Time","4153","","","C1 WBS","","","","","","","","WBS","GB","","R-010020403.0050","1102","4013564","2edacab0-8595-4920-b762-7064b4c70caa","Agency Contractor","05/04/2021 - 11/04/2021","","29090137@sittest.com","Reid, Kevin 29090137 29090137@sittest.com","0041072668","HPWO00091300","","99748510",""
"C1","29090137","","Approved","06/04/2021","4013564","C110299951","","","4013564","","","","8.00","Straight Time","4154","","","C1 WBS","","","","","","","","WBS","GB","","R-010020403.0050","1102","4013564","2f03c3c1-2309-43c3-b8e6-b0e8672f54a1","Agency Contractor","05/04/2021 - 11/04/2021","","29090137@sittest.com","Reid, Kevin 29090137 29090137@sittest.com","0041072668","HPWO00091300","","99748510",""
"C1","29090137","","Approved","07/04/2021","4013564","C110299951","","","4013564","","","","6.00","Straight Time","4155","","","C1 WBS","","","","","","","","WBS","GB","","R-010020403.0050","1102","4013564","97e2c48b-43b2-414e-b812-ed820c9659cb","Agency Contractor","05/04/2021 - 11/04/2021","","29090137@sittest.com","Reid, Kevin 29090137 29090137@sittest.com","0041072668","HPWO00091300","","99748510",""
"C1","29090137","","Approved","08/04/2021","4013564","C110299951","","","4013564","","","","7.50","Straight Time","4156","","","C1 WBS","","","","","","","","WBS","GB","","R-010020403.0050","1102","4013564","6e08dde5-bb40-4109-9015-db8eed79ae84","Agency Contractor","05/04/2021 - 11/04/2021","","29090137@sittest.com","Reid, Kevin 29090137 29090137@sittest.com","0041072668","HPWO00091300","","99748510",""
"C1","29090137","","Approved","09/04/2021","4013564","C110299951","","","4013564","","","","6.50","Straight Time","4157","","","C1 WBS","","","","","","","","WBS","GB","","R-010020403.0050","1102","4013564","a80bb1fe-938b-4797-a338-28c8d35406fc","Agency Contractor","05/04/2021 - 11/04/2021","","29090137@sittest.com","Reid, Kevin 29090137 29090137@sittest.com","0041072668","HPWO00091300","","99748510",""
"C1","29090137","","Approved","03/05/2021","R-010020408.0085","C110299951","APPLICAITONDEVER|Billable","","R-010020408.0085","","","","2.00","Straight Time","7678","","","C1 WBS","","","","","","","","WBS","RV","","","1102","R-010020408.0085","1986ccca-df87-424a-9304-a1a908862d78","Agency Contractor","01/05/2021 - 07/05/2021","","29090137@sittest.com","Reid, Kevin 29090137 29090137@sittest.com","0000000000","HPWO00091300","","99748510",""
"C1","29090144","","Approved","03/05/2021","R-010002480.3470","C110299951","","","R-010002480.3470","","","","9.00","Straight Time","59528","","","C1 WBS","","","","","","","","WBS","RV","","","1102","R-010002480.3470","bfd882c1-7116-431d-b502-f49657a34403","Agency Contractor","01/05/2021 - 07/05/2021","","29090144@sittest.com","Wilkins, Rose 29090144 29090144@sittest.com","0008968552","HPWO00091297","","99748507",""
"C1","29090496","","Approved","01/05/2021","R-010122552.0020","C110299951","MANAGEDSERVS|Billable","","R-010122552.0020","","","","3.00","Straight Time","7680","","","C1 WBS","","","","","","","","WBS","RV","","","1102","R-010122552.0020","683b84fa-3cfb-481c-9870-ca23319a0fcf","Agency Contractor","01/05/2021 - 07/05/2021","","29090496@sittest.com","AC 1102, Sri 29090496 29090496@sittest.com","0000000000","HPWO00091394","","99748562",""
"C1","29090554","99748582","Approved","08/05/2021","E-092016547.0010","C110599951","","","E-092016547.0010","","","","1.00","Straight Time","59849","","x","C1 WBS","","","","","","","","WBS","ES","","","1105","E-092016547.0010","6057c7bc-81b2-4c65-b878-af672c986f0b","Agency Contractor","08/05/2021 - 14/05/2021","Alberta","29090554@sittest.com","AC 1105, Veena 29090554 29090554@sittest.com","E.0000.1_IWO","HPWO00091414","","99748582",""
"C1","29090554","99748582","Approved","08/05/2021","E-092016547.0010","C110599951","","","E-092016547.0010","","","","8.00","Straight Time","59691","","C1 to Compass Agency IWO time x","C1 WBS","","","","","","","","WBS","ES","","","1105","E-092016547.0010","ccbafad0-fc8a-445f-b6f6-bab61c71ff57","Agency Contractor","08/05/2021 - 14/05/2021","Alberta","29090554@sittest.com","AC 1105, Veena 29090554 29090554@sittest.com","E.0000.1_IWO","HPWO00091414","","99748582",""
"C1","29090554","99748582","Approved","09/05/2021","E-092016547.0010","C110599951","","","E-092016547.0010","","","","1.00","Straight Time","59850","","x","C1 WBS","","","","","","","","WBS","ES","","","1105","E-092016547.0010","eaab0671-cbad-4470-97c5-a36a63e7831e","Agency Contractor","08/05/2021 - 14/05/2021","Alberta","29090554@sittest.com","AC 1105, Veena 29090554 29090554@sittest.com","E.0000.1_IWO","HPWO00091414","","99748582",""
"C1","29090554","99748582","Approved","09/05/2021","E-092016547.0010","C110599951","","","E-092016547.0010","","","","8.00","Straight Time","59692","","Reopen resend x","C1 WBS","","","","","","","","WBS","ES","","","1105","E-092016547.0010","afdf13c9-e0be-455e-b92a-770c32ffe86d","Agency Contractor","08/05/2021 - 14/05/2021","Alberta","29090554@sittest.com","AC 1105, Veena 29090554 29090554@sittest.com","E.0000.1_IWO","HPWO00091414","","99748582",""
"C1","29090554","99748582","Approved","10/05/2021","E-092016547.0010","C110599951","","","E-092016547.0010","","","","1.00","Straight Time","59851","","x","C1 WBS","","","","","","","","WBS","ES","","","1105","E-092016547.0010","4ea16597-10b5-4221-903d-fc4c2bd7d27c","Agency Contractor","08/05/2021 - 14/05/2021","Alberta","29090554@sittest.com","AC 1105, Veena 29090554 29090554@sittest.com","E.0000.1_IWO","HPWO00091414","","99748582",""
"C1","29090554","99748582","Approved","10/05/2021","E-092016547.0010","C110599951","","","E-092016547.0010","","","","5.00","Straight Time","59693","","xx","C1 WBS","","","","","","","","WBS","ES","","","1105","E-092016547.0010","cb1395d4-fa1e-453b-a880-5f84de777fb4","Agency Contractor","08/05/2021 - 14/05/2021","Alberta","29090554@sittest.com","AC 1105, Veena 29090554 29090554@sittest.com","E.0000.1_IWO","HPWO00091414","","99748582",""
"C1","29090554","99748582","Approved","11/05/2021","E-092016547.0010","C110599951","","","E-092016547.0010","","","","1.00","Straight Time","59852","","x","C1 WBS","","","","","","","","WBS","ES","","","1105","E-092016547.0010","442cda1d-e605-49ae-ac7d-9dd6763064d6","Agency Contractor","08/05/2021 - 14/05/2021","Alberta","29090554@sittest.com","AC 1105, Veena 29090554 29090554@sittest.com","E.0000.1_IWO","HPWO00091414","","99748582",""
"C1","29090554","99748582","Approved","11/05/2021","E-092016547.0010","C110599951","","","E-092016547.0010","","","","8.00","Straight Time","59697","","xx","C1 WBS","","","","","","","","WBS","ES","","","1105","E-092016547.0010","bb3cb7d1-73d3-4a46-9bc6-a0397870d0f8","Agency Contractor","08/05/2021 - 14/05/2021","Alberta","29090554@sittest.com","AC 1105, Veena 29090554 29090554@sittest.com","E.0000.1_IWO","HPWO00091414","","99748582",""
"C1","29090554","99748582","Approved","12/05/2021","E-092016547.0010","C110599951","","","E-092016547.0010","","","","1.00","Straight Time","59853","","x","C1 WBS","","","","","","","","WBS","ES","","","1105","E-092016547.0010","363521af-792a-4c2d-b8da-ab88d723f84b","Agency Contractor","08/05/2021 - 14/05/2021","Alberta","29090554@sittest.com","AC 1105, Veena 29090554 29090554@sittest.com","E.0000.1_IWO","HPWO00091414","","99748582",""
"C1","29090554","99748582","Approved","12/05/2021","E-092016547.0010","C110599951","","","E-092016547.0010","","","","8.00","Straight Time","59698","","reopen resend for compass x","C1 WBS","","","","","","","","WBS","ES","","","1105","E-092016547.0010","a26ea5a4-cbbe-4dbe-b101-712906281f00","Agency Contractor","08/05/2021 - 14/05/2021","Alberta","29090554@sittest.com","AC 1105, Veena 29090554 29090554@sittest.com","E.0000.1_IWO","HPWO00091414","","99748582",""
"C1","29090554","99748582","Approved","13/05/2021","E-092016547.0010","C110599951","","","E-092016547.0010","","","","1.00","Straight Time","59854","","","C1 WBS","","","","","","","","WBS","ES","","","1105","E-092016547.0010","f2f693f3-9656-4a43-8184-c54379925326","Agency Contractor","08/05/2021 - 14/05/2021","Alberta","29090554@sittest.com","AC 1105, Veena 29090554 29090554@sittest.com","E.0000.1_IWO","HPWO00091414","","99748582",""
"C1","29090554","99748582","Approved","13/05/2021","E-092016547.0010","C110599951","","","E-092016547.0010","","","","8.00","Straight Time","59699","","xx","C1 WBS","","","","","","","","WBS","ES","","","1105","E-092016547.0010","9de7c371-da6d-4de5-9698-26729b3dd1a9","Agency Contractor","08/05/2021 - 14/05/2021","Alberta","29090554@sittest.com","AC 1105, Veena 29090554 29090554@sittest.com","E.0000.1_IWO","HPWO00091414","","99748582",""
"C1","29090554","99748582","Approved","14/05/2021","E-092016547.0010","C110599951","","","E-092016547.0010","","","","1.00","Straight Time","59855","","x","C1 WBS","","","","","","","","WBS","ES","","","1105","E-092016547.0010","a2179c87-a6bb-49ed-ab36-aea8de41600e","Agency Contractor","08/05/2021 - 14/05/2021","Alberta","29090554@sittest.com","AC 1105, Veena 29090554 29090554@sittest.com","E.0000.1_IWO","HPWO00091414","","99748582",""
"C1","29090554","99748582","Approved","14/05/2021","E-092016547.0010","C110599951","","","E-092016547.0010","","","","6.00","Overtime","59700","","x","C1 WBS","","","","","","","","WBS","ES","","","1105","E-092016547.0010","92e83af6-da42-4e19-b204-a38d5db608fe","Agency Contractor","08/05/2021 - 14/05/2021","Alberta","29090554@sittest.com","AC 1105, Veena 29090554 29090554@sittest.com","E.0000.1_IWO","HPWO00091414","","99748582",""
"C1","29090554","99748582","Approved","17/05/2021","E-092016547.0010","C110599951","NO BILL|Billable","","E-092016547.0010","","","","6.00","Straight Time","60541","","","C1 WBS","","","","","","","","WBS","ES","","","1105","E-092016547.0010","9ec8b5ce-292d-4c1f-98e7-2888ffc69f14","Agency Contractor","15/05/2021 - 21/05/2021","Alberta","29090554@sittest.com","AC 1105, Veena 29090554 29090554@sittest.com","E.0000.1_IWO","HPWO00091414","","99748582",""
"C1","29090554","99748582","Approved","18/05/2021","E-092016547.0010","C110599951","NO BILL|Billable","","E-092016547.0010","","","","8.10","Straight Time","60542","","","C1 WBS","","","","","","","","WBS","ES","","","1105","E-092016547.0010","5ef4fe2f-4d7c-4ead-9520-66e759565fbe","Agency Contractor","15/05/2021 - 21/05/2021","Alberta","29090554@sittest.com","AC 1105, Veena 29090554 29090554@sittest.com","E.0000.1_IWO","HPWO00091414","","99748582",""
"C1","29090554","99748582","Approved","19/05/2021","E-092016547.0010","C110599951","NO BILL|Billable","","E-092016547.0010","","","","8.10","Straight Time","60543","","","C1 WBS","","","","","","","","WBS","ES","","","1105","E-092016547.0010","74229bee-050e-4709-8710-430a4fe6d30f","Agency Contractor","15/05/2021 - 21/05/2021","Alberta","29090554@sittest.com","AC 1105, Veena 29090554 29090554@sittest.com","E.0000.1_IWO","HPWO00091414","","99748582",""
"C1","29090554","99748582","Approved","20/05/2021","","C110599951","","","","","799","","8.00","","60544","","","","","","","","","","","","","","","1105","","cfc36abf-1b6f-4be3-8f5b-b1f76103d7e3","Agency Contractor","15/05/2021 - 21/05/2021","Alberta","29090554@sittest.com","AC 1105, Veena 29090554 29090554@sittest.com","","HPWO00091414","","99748582",""
"C1","29090574","","Approved","02/05/2021","R-010020408.0085","C121999951","APPLICAITONDEVER|Billable","","R-010020408.0085","","","","1.10","Straight Time","7684","","","C1 WBS","","","","","","","","WBS","RV","","","1219","R-010020408.0085","9cd935f9-faa6-40ae-997f-afe363baaa0f","Agency Contractor","01/05/2021 - 07/05/2021","","29090574@sittest.com","AC 1219, Sri 29090574 29090574@sittest.com","0000000000","HPWO00091415","","99748583",""
"C1","29090630","","Approved","27/04/2021","R-010020408.0085","C110299951","C1PROGTCTSTDEV1ONS|Billable","","R-010020408.0085","","","","8.00","Straight Time","7305","","","C1 WBS","","","","","","","","WBS","RV","","","1102","R-010020408.0085","0134a0bd-bacc-40e2-8ad8-336cfe1487b7","Agency Contractor","24/04/2021 - 30/04/2021","","29090630@sittest.com","OverRate, SLII TEST 29090630 29090630@sittest.com","0000000000","HPWO00091424","","99748592",""
"C1","29090630","","Approved","27/04/2021","R-010020408.0085","C110299951","C1PROGTCTSTDEV1ONS|Non-Billable","","R-010020408.0085","","","","1.00","Overtime","7314","","","C1 WBS","","","","","","","","WBS","RV","","","1102","R-010020408.0085","be8a5b7c-02b2-41b3-81b9-aec66e32707b","Agency Contractor","24/04/2021 - 30/04/2021","","29090630@sittest.com","OverRate, SLII TEST 29090630 29090630@sittest.com","0000000000","HPWO00091424","","99748592",""
"C1","29090630","","Approved","28/04/2021","R-010020408.0085","C110299951","C1PROGTCTSTDEV1ONS|Billable","","R-010020408.0085","","","","8.00","Straight Time","7306","","","C1 WBS","","","","","","","","WBS","RV","","","1102","R-010020408.0085","021de419-a84e-41d3-8697-ecf2ccf95944","Agency Contractor","24/04/2021 - 30/04/2021","","29090630@sittest.com","OverRate, SLII TEST 29090630 29090630@sittest.com","0000000000","HPWO00091424","","99748592",""
"C1","29090630","","Approved","29/04/2021","R-010020408.0085","C110299951","C1PROGTCTSTDEV1ONS|Billable","","R-010020408.0085","","","","8.00","Straight Time","7307","","","C1 WBS","","","","","","","","WBS","RV","","","1102","R-010020408.0085","d0e9d169-5b31-49cb-850e-69106a534420","Agency Contractor","24/04/2021 - 30/04/2021","","29090630@sittest.com","OverRate, SLII TEST 29090630 29090630@sittest.com","0000000000","HPWO00091424","","99748592",""
"C1","29090630","","Approved","30/04/2021","R-010020408.0085","C110299951","C1PROGTCTSTDEV1ONS|Billable","","R-010020408.0085","","","","8.00","Straight Time","7308","","","C1 WBS","","","","","","","","WBS","RV","","","1102","R-010020408.0085","569e1530-c72d-4ba0-a894-a53d36b41ad2","Agency Contractor","24/04/2021 - 30/04/2021","","29090630@sittest.com","OverRate, SLII TEST 29090630 29090630@sittest.com","0000000000","HPWO00091424","","99748592",""
"C1","29090631","","Approved","26/04/2021","R-010020408.0085","C110299951","C1PROGTCTSTDEV1ONS|Billable","","R-010020408.0085","","","","6.00","Straight Time","7202","","after start date and reopen","C1 WBS","","","","","","","","WBS","RV","","","1102","R-010020408.0085","9dde191f-e352-471d-b764-219cdd9b39fb","Agency Contractor","24/04/2021 - 30/04/2021","","29090631@sittest.com","RateChange, SLII TEST 29090631 29090631@sittest.com","0000000000","HPWO00091425","","99748593",""
"C1","29090631","","Approved","26/04/2021","","C110299951","","","","","799","","2.00","","7207","","","","","","","","","","","","","","","1102","","1dca28d3-7317-4c20-aaae-cad141e2ed8c","Agency Contractor","24/04/2021 - 30/04/2021","","29090631@sittest.com","RateChange, SLII TEST 29090631 29090631@sittest.com","","HPWO00091425","","99748593",""
"C1","29090631","","Approved","27/04/2021","R-010020408.0085","C110299951","C1PROGTCTSTDEV1ONS|Billable","","R-010020408.0085","","","","8.00","Straight Time","7203","","","C1 WBS","","","","","","","","WBS","RV","","","1102","R-010020408.0085","0d151c73-83f6-40d8-93e1-227a727d77b6","Agency Contractor","24/04/2021 - 30/04/2021","","29090631@sittest.com","RateChange, SLII TEST 29090631 29090631@sittest.com","0000000000","HPWO00091425","","99748593",""
"C1","29090631","","Approved","28/04/2021","R-010020408.0085","C110299951","C1PROGTCTSTDEV1ONS|Billable","","R-010020408.0085","","","","8.00","Straight Time","7204","","","C1 WBS","","","","","","","","WBS","RV","","","1102","R-010020408.0085","8931d7cf-5b81-4ea5-b881-dc3b72ab7667","Agency Contractor","24/04/2021 - 30/04/2021","","29090631@sittest.com","RateChange, SLII TEST 29090631 29090631@sittest.com","0000000000","HPWO00091425","","99748593",""
"C1","29090631","","Approved","29/04/2021","R-010020408.0085","C110299951","C1PROGTCTSTDEV1ONS|Billable","","R-010020408.0085","","","","8.00","Straight Time","7205","","","C1 WBS","","","","","","","","WBS","RV","","","1102","R-010020408.0085","be0a9e22-958d-4437-9e08-44c05ae3ef28","Agency Contractor","24/04/2021 - 30/04/2021","","29090631@sittest.com","RateChange, SLII TEST 29090631 29090631@sittest.com","0000000000","HPWO00091425","","99748593",""
"C1","29090631","","Approved","30/04/2021","","C110299951","","","","","799","","8.00","","7206","","","","","","","","","","","","","","","1102","","5e0a7532-a472-4840-ac51-f852aeb86ef6","Agency Contractor","24/04/2021 - 30/04/2021","","29090631@sittest.com","RateChange, SLII TEST 29090631 29090631@sittest.com","","HPWO00091425","","99748593",""
"C1","29090631","","Approved","01/05/2021","R-010020408.0085","C110299951","C1PROGTCTSTDEV1ONS|Billable","","R-010020408.0085","","","","3.00","Straight Time","7301","","Diego's retest","C1 WBS","","","","","","","","WBS","RV","","","1102","R-010020408.0085","b129f2c1-f98f-4c4f-99f2-1a47cc597e54","Agency Contractor","01/05/2021 - 07/05/2021","","29090631@sittest.com","RateChange, SLII TEST 29090631 29090631@sittest.com","0000000000","HPWO00091425","","99748593",""
"C1","29090631","","Approved","01/05/2021","","C110299951","","","","","799","","2.00","","7304","","","","","","","","","","","","","","","1102","","f7ccd2e4-1c33-4a94-9774-fdb4797dfb54","Agency Contractor","01/05/2021 - 07/05/2021","","29090631@sittest.com","RateChange, SLII TEST 29090631 29090631@sittest.com","","HPWO00091425","","99748593",""
"C1","29090631","","Approved","02/05/2021","R-010020408.0085","C110299951","C1PROGTCTSTDEV1ONS|Billable","","R-010020408.0085","","","","3.00","Straight Time","7302","","","C1 WBS","","","","","","","","WBS","RV","","","1102","R-010020408.0085","02c3f79a-10c2-48a6-8ea8-6b2cbb4d5446","Agency Contractor","01/05/2021 - 07/05/2021","","29090631@sittest.com","RateChange, SLII TEST 29090631 29090631@sittest.com","0000000000","HPWO00091425","","99748593",""
"C1","29090631","","Approved","03/05/2021","R-010020408.0085","C110299951","C1PROGTCTSTDEV1ONS|Billable","","R-010020408.0085","","","","6.00","Straight Time","7303","","","C1 WBS","","","","","","","","WBS","RV","","","1102","R-010020408.0085","fe843b90-373c-4b68-9628-e6d1cede3a53","Agency Contractor","01/05/2021 - 07/05/2021","","29090631@sittest.com","RateChange, SLII TEST 29090631 29090631@sittest.com","0000000000","HPWO00091425","","99748593",""
"C1","29091052","","Approved","10/05/2021","4099920","C110299951","LEGACY BILLING|Billable","","4099920","","","","8.00","Straight Time","59333","","Agency current week SO 8 hrs
Repush","C1 WBS","","","","","","","","SO","RV","","R-010020403.0050","1102","4099920","c1d34343-c4a7-40ae-b0e2-f0ff4e972049","Agency Contractor","08/05/2021 - 14/05/2021","","29091052@sittest.com","Lars, Owen 29091052 29091052@sittest.com","0041072668","HPWO00091466","","99748601",""
"C1","29091052","","Approved","10/05/2021","S-010123312.0010","C110299951","","","S-010123312.0010","","","","2.00","Overtime","60561","","5/19 -ReOpen for FG PTA and add new time","C1 WBS","","","","","","","","WBS","ST","","","1102","S-010123312.0010","cc2a03e7-0cde-4af0-8522-6fb4d9f2cd35","Agency Contractor","08/05/2021 - 14/05/2021","","29091052@sittest.com","Lars, Owen 29091052 29091052@sittest.com","0000000000","HPWO00091466","","99748601",""
"C1","29091052","","Approved","11/05/2021","4099920","C110299951","LEGACY BILLING|Billable","","4099920","","","","8.00","Straight Time","59344","","Repush","C1 WBS","","","","","","","","SO","RV","","R-010020403.0050","1102","4099920","755a8243-9c1f-43a5-bd46-8d89d667b14e","Agency Contractor","08/05/2021 - 14/05/2021","","29091052@sittest.com","Lars, Owen 29091052 29091052@sittest.com","0041072668","HPWO00091466","","99748601",""
"C1","29091052","","Approved","11/05/2021","S-010123312.0010","C110299951","","","S-010123312.0010","","","","2.00","Overtime","60562","","5/19 -ReOpen for FG PTA and add new time","C1 WBS","","","","","","","","WBS","ST","","","1102","S-010123312.0010","bee50e7e-694b-46cc-81c4-13a03f076805","Agency Contractor","08/05/2021 - 14/05/2021","","29091052@sittest.com","Lars, Owen 29091052 29091052@sittest.com","0000000000","HPWO00091466","","99748601",""
"C1","29091052","","Approved","12/05/2021","4099920","C110299951","LEGACY BILLING|Billable","","4099920","","","","8.00","Straight Time","59345","","Repush","C1 WBS","","","","","","","","SO","RV","","R-010020403.0050","1102","4099920","8b3a2b7a-794e-4bd4-9de6-2e792f18ae59","Agency Contractor","08/05/2021 - 14/05/2021","","29091052@sittest.com","Lars, Owen 29091052 29091052@sittest.com","0041072668","HPWO00091466","","99748601",""
"C1","29091052","","Approved","13/05/2021","4099920","C110299951","LEGACY BILLING|Billable","","4099920","","","","8.00","Straight Time","59346","","Repush","C1 WBS","","","","","","","","SO","RV","","R-010020403.0050","1102","4099920","a3289d13-e39b-4ff3-8d26-44556ec0f9b2","Agency Contractor","08/05/2021 - 14/05/2021","","29091052@sittest.com","Lars, Owen 29091052 29091052@sittest.com","0041072668","HPWO00091466","","99748601",""
"C1","29091052","","Approved","14/05/2021","4099920","C110299951","LEGACY BILLING|Billable","","4099920","","","","0.00","Straight Time","59347","","Repush","C1 WBS","","","","","","","","SO","RV","","R-010020403.0050","1102","4099920","24f949f9-b3c4-46b9-ae56-3cbbdfa5fdf8","Agency Contractor","08/05/2021 - 14/05/2021","","29091052@sittest.com","Lars, Owen 29091052 29091052@sittest.com","0041072668","HPWO00091466","","99748601",""
"C1","29091052","","Approved","14/05/2021","S-010123312.0010","C110299951","","","S-010123312.0010","","","","8.00","Straight Time","60563","","5/19 -ReOpen for FG PTA and add new time","C1 WBS","","","","","","","","WBS","ST","","","1102","S-010123312.0010","fb44431a-e63d-4fcb-aa9e-d5e9d0ac12dc","Agency Contractor","08/05/2021 - 14/05/2021","","29091052@sittest.com","Lars, Owen 29091052 29091052@sittest.com","0000000000","HPWO00091466","","99748601",""
"C1","29091052","","Approved","17/05/2021","4099920","C110299951","LEGACY BILLING|Billable","","4099920","","","","1.00","Straight Time","60549","","","C1 WBS","","","","","","","","SO","RV","","R-010020403.0050","1102","4099920","49c215bd-bf48-46c1-a028-a4b68270664b","Agency Contractor","15/05/2021 - 21/05/2021","","29091052@sittest.com","Lars, Owen 29091052 29091052@sittest.com","0041072668","HPWO00091466","","99748601",""
"C1","29091053","","Approved","03/05/2021","4099920","C110299951","LEGACY BILLING|Billable","","4099920","","","","4.00","Double Time","60635","","","C1 WBS","","","","","","","","SO","RV","","R-010020403.0050","1102","4099920","b8500973-44a0-47a5-a197-13ee0c39aeb7","Agency Contractor","01/05/2021 - 07/05/2021","","29091053@sittest.com","Whitesun lars, Beru 29091053 29091053@sittest.com","0041072668","HPWO00091467","","99748602",""
"C1","29091053","","Approved","03/05/2021","4099920","C110299951","LEGACY BILLING|Billable","","4099920","","","","4.00","Overtime","60634","","","C1 WBS","","","","","","","","SO","RV","","R-010020403.0050","1102","4099920","725efc0b-bb33-47aa-abef-7fae489ea97d","Agency Contractor","01/05/2021 - 07/05/2021","","29091053@sittest.com","Whitesun lars, Beru 29091053 29091053@sittest.com","0041072668","HPWO00091467","","99748602",""
"C1","29091053","","Approved","03/05/2021","4099920","C110299951","LEGACY BILLING|Billable","","4099920","","","","10.00","Straight Time","60633","","","C1 WBS","","","","","","","","SO","RV","","R-010020403.0050","1102","4099920","eae6c967-e91e-4fe2-91d4-ac554aa000bf","Agency Contractor","01/05/2021 - 07/05/2021","","29091053@sittest.com","Whitesun lars, Beru 29091053 29091053@sittest.com","0041072668","HPWO00091467","","99748602",""
"C1","29091053","","Approved","10/05/2021","4099920","C110299951","LEGACY BILLING|Billable","","4099920","","","","8.00","Straight Time","59383","","Repush for CWF testing","C1 WBS","","","","","","","","SO","RV","","R-010020403.0050","1102","4099920","34e09271-d5fc-4b8e-acd0-bad48256c4bc","Agency Contractor","08/05/2021 - 14/05/2021","","29091053@sittest.com","Whitesun lars, Beru 29091053 29091053@sittest.com","0041072668","HPWO00091467","","99748602",""
"C1","29091053","","Approved","11/05/2021","4099920","C110299951","LEGACY BILLING|Billable","","4099920","","","","8.00","Straight Time","59384","","Repush for CWF testing","C1 WBS","","","","","","","","SO","RV","","R-010020403.0050","1102","4099920","a2358caf-9a67-48c5-bce9-76af013c0904","Agency Contractor","08/05/2021 - 14/05/2021","","29091053@sittest.com","Whitesun lars, Beru 29091053 29091053@sittest.com","0041072668","HPWO00091467","","99748602",""
"C1","29091053","","Approved","12/05/2021","4099920","C110299951","LEGACY BILLING|Billable","","4099920","","","","8.00","Straight Time","59385","","Repush for CWF testing","C1 WBS","","","","","","","","SO","RV","","R-010020403.0050","1102","4099920","a31faf1f-01a9-429f-8c10-3537cc0149f7","Agency Contractor","08/05/2021 - 14/05/2021","","29091053@sittest.com","Whitesun lars, Beru 29091053 29091053@sittest.com","0041072668","HPWO00091467","","99748602",""
"C1","29091053","","Approved","13/05/2021","4099920","C110299951","LEGACY BILLING|Billable","","4099920","","","","8.00","Straight Time","59386","","Repush for CWF testing","C1 WBS","","","","","","","","SO","RV","","R-010020403.0050","1102","4099920","54c2c36c-fe72-4f34-88b8-3d2ff9567668","Agency Contractor","08/05/2021 - 14/05/2021","","29091053@sittest.com","Whitesun lars, Beru 29091053 29091053@sittest.com","0041072668","HPWO00091467","","99748602",""
"C1","29091053","","Approved","17/05/2021","","C110299951","","","","","799","","8.00","","60578","","","","","","","","","","","","","","","1102","","755a2bc7-0882-47ef-b4fd-f3653d1ee00f","Agency Contractor","15/05/2021 - 21/05/2021","","29091053@sittest.com","Whitesun lars, Beru 29091053 29091053@sittest.com","","HPWO00091467","","99748602",""
"C1","29091053","","Approved","18/05/2021","","C110299951","","","","","799","","8.00","","60579","","","","","","","","","","","","","","","1102","","a9175f9c-0d25-4fde-a801-c88d1705c6a3","Agency Contractor","15/05/2021 - 21/05/2021","","29091053@sittest.com","Whitesun lars, Beru 29091053 29091053@sittest.com","","HPWO00091467","","99748602",""
"C1","29091053","","Approved","19/05/2021","S-010123312.0010","C110299951","","","S-010123312.0010","","","","6.00","Straight Time","60581","","","C1 WBS","","","","","","","","WBS","ST","","","1102","S-010123312.0010","386605d7-771b-4313-abab-9e1b401a4f0f","Agency Contractor","15/05/2021 - 21/05/2021","","29091053@sittest.com","Whitesun lars, Beru 29091053 29091053@sittest.com","0000000000","HPWO00091467","","99748602",""
"C1","29091053","","Approved","19/05/2021","","C110299951","","","","","799","","2.00","","60580","","","","","","","","","","","","","","","1102","","f5e9807d-bf70-4b4c-bfe9-c7535b4b08fa","Agency Contractor","15/05/2021 - 21/05/2021","","29091053@sittest.com","Whitesun lars, Beru 29091053 29091053@sittest.com","","HPWO00091467","","99748602",""
"C1","29091053","","Approved","20/05/2021","S-010123312.0010","C110299951","","","S-010123312.0010","","","","8.00","Straight Time","60582","","","C1 WBS","","","","","","","","WBS","ST","","","1102","S-010123312.0010","352a4432-9176-4c1a-baee-165c509b1de4","Agency Contractor","15/05/2021 - 21/05/2021","","29091053@sittest.com","Whitesun lars, Beru 29091053 29091053@sittest.com","0000000000","HPWO00091467","","99748602",""
"C1","29091053","","Approved","21/05/2021","S-010123312.0010","C110299951","","","S-010123312.0010","","","","4.00","Straight Time","60583","","","C1 WBS","","","","","","","","WBS","ST","","","1102","S-010123312.0010","d03e0d9d-792e-4f35-8616-bca43795331d","Agency Contractor","15/05/2021 - 21/05/2021","","29091053@sittest.com","Whitesun lars, Beru 29091053 29091053@sittest.com","0000000000","HPWO00091467","","99748602",""
"C1","29091053","","Approved","21/05/2021","","C110299951","","","","","799","","4.00","","60584","","","","","","","","","","","","","","","1102","","66e6b36d-184a-4284-8f17-681a5b532fe5","Agency Contractor","15/05/2021 - 21/05/2021","","29091053@sittest.com","Whitesun lars, Beru 29091053 29091053@sittest.com","","HPWO00091467","","99748602",""
"C1","29091061","","Approved","10/05/2021","R-010124019.0001","C110299951","ARCHITECT|Billable","","R-010124019.0001","","","","2.00","Overtime","60641","","","C1 WBS","","","","","","","","WBS","RV","","","1102","R-010124019.0001","abc40a3f-751d-42d9-b683-45db3c645a69","Agency Contractor","08/05/2021 - 14/05/2021","","29091061@sittest.com","Tono Porkins, Jek 29091061 29091061@sittest.com","","HPWO00091474","","99748609",""
"C1","29091061","","Approved","10/05/2021","R-010124019.0001","C110299951","CONSULTANT|Billable","","R-010124019.0001","","","","8.00","Straight Time","60637","","","C1 WBS","","","","","","","","WBS","RV","","","1102","R-010124019.0001","a8166d6f-0484-442e-9cdf-cb015980ecd8","Agency Contractor","08/05/2021 - 14/05/2021","","29091061@sittest.com","Tono Porkins, Jek 29091061 29091061@sittest.com","","HPWO00091474","","99748609",""
"C1","29091061","","Approved","10/05/2021","R-010124019.0001","C110299951","CONSULTANT|Non-Billable","","R-010124019.0001","","","","2.00","Double Time","60644","","","C1 WBS","","","","","","","","WBS","RV","","","1102","R-010124019.0001","2e80dfd7-4a43-4415-84e7-d161857de43c","Agency Contractor","08/05/2021 - 14/05/2021","","29091061@sittest.com","Tono Porkins, Jek 29091061 29091061@sittest.com","","HPWO00091474","","99748609",""
"C1","29091061","","Approved","11/05/2021","R-010124019.0001","C110299951","ARCHITECT|Billable","","R-010124019.0001","","","","2.00","Overtime","60642","","","C1 WBS","","","","","","","","WBS","RV","","","1102","R-010124019.0001","c75408fe-ff04-452c-b4d8-0c9a4bbf6539","Agency Contractor","08/05/2021 - 14/05/2021","","29091061@sittest.com","Tono Porkins, Jek 29091061 29091061@sittest.com","","HPWO00091474","","99748609",""
"C1","29091061","","Approved","11/05/2021","R-010124019.0001","C110299951","CONSULTANT|Billable","","R-010124019.0001","","","","8.00","Straight Time","60638","","","C1 WBS","","","","","","","","WBS","RV","","","1102","R-010124019.0001","144ef24c-3be7-4543-b125-88f43fdee2d7","Agency Contractor","08/05/2021 - 14/05/2021","","29091061@sittest.com","Tono Porkins, Jek 29091061 29091061@sittest.com","","HPWO00091474","","99748609",""
"C1","29091061","","Approved","12/05/2021","R-010124019.0001","C110299951","ARCHITECT|Billable","","R-010124019.0001","","","","2.00","Overtime","60643","","","C1 WBS","","","","","","","","WBS","RV","","","1102","R-010124019.0001","6e4f7bdd-7dea-4713-a5d5-3faaaea24fe7","Agency Contractor","08/05/2021 - 14/05/2021","","29091061@sittest.com","Tono Porkins, Jek 29091061 29091061@sittest.com","","HPWO00091474","","99748609",""
"C1","29091061","","Approved","12/05/2021","R-010124019.0001","C110299951","CONSULTANT|Billable","","R-010124019.0001","","","","8.00","Straight Time","60639","","","C1 WBS","","","","","","","","WBS","RV","","","1102","R-010124019.0001","14db1be1-041f-40e5-8bca-8ab3ca727150","Agency Contractor","08/05/2021 - 14/05/2021","","29091061@sittest.com","Tono Porkins, Jek 29091061 29091061@sittest.com","","HPWO00091474","","99748609",""
"C1","29091061","","Approved","13/05/2021","R-010124019.0001","C110299951","CONSULTANT|Billable","","R-010124019.0001","","","","8.00","Straight Time","60640","","","C1 WBS","","","","","","","","WBS","RV","","","1102","R-010124019.0001","49b2317d-d161-4ea8-b279-1f03c0322523","Agency Contractor","08/05/2021 - 14/05/2021","","29091061@sittest.com","Tono Porkins, Jek 29091061 29091061@sittest.com","","HPWO00091474","","99748609",""
"C1","29091061","","Approved","14/05/2021","R-010124019.0001","C110299951","CONSULTANT|Billable","","R-010124019.0001","","","","8.00","Straight Time","60645","","","C1 WBS","","","","","","","","WBS","RV","","","1102","R-010124019.0001","74edb6d6-f9dd-425d-840f-b92a1dfab01b","Agency Contractor","08/05/2021 - 14/05/2021","","29091061@sittest.com","Tono Porkins, Jek 29091061 29091061@sittest.com","","HPWO00091474","","99748609",""
"C1","29091070","","Approved","01/05/2021","R-010122552.0020","C110299951","SERVDELMANGR|Billable","","R-010122552.0020","","","","23.00","Overtime","59669","","sdSS","C1 WBS","","","","","","","","WBS","RV","","","1102","R-010122552.0020","eacd9381-60b8-47c9-8554-2c5c59e68d54","Agency Contractor","01/05/2021 - 07/05/2021","","29091070@sittest.com","Valorum, Finis 29091070 29091070@sittest.com","0000000000","HPWO00091483","","99748618",""
"C1","29091070","","Approved","02/05/2021","R-010122552.0020","C110299951","SERVDELMANGR|Billable","","R-010122552.0020","","","","24.00","Overtime","59671","","asdsada","C1 WBS","","","","","","","","WBS","RV","","","1102","R-010122552.0020","b2cd2756-56f2-4c25-88b6-78f504ebcc55","Agency Contractor","01/05/2021 - 07/05/2021","","29091070@sittest.com","Valorum, Finis 29091070 29091070@sittest.com","0000000000","HPWO00091483","","99748618",""
"C1","29091070","","Approved","03/05/2021","R-010122552.0020","C110299951","SERVDELMANGR|Billable","","R-010122552.0020","","","","24.00","Overtime","59670","","sdasdsad","C1 WBS","","","","","","","","WBS","RV","","","1102","R-010122552.0020","ad2c790b-a926-449c-abdd-746867691b5b","Agency Contractor","01/05/2021 - 07/05/2021","","29091070@sittest.com","Valorum, Finis 29091070 29091070@sittest.com","0000000000","HPWO00091483","","99748618",""
"C1","29091070","","Approved","04/05/2021","R-010122552.0020","C110299951","SERVDELMANGR|Billable","","R-010122552.0020","","","","24.00","Overtime","59672","","sadsadasd","C1 WBS","","","","","","","","WBS","RV","","","1102","R-010122552.0020","eae1f054-a376-460e-ae4e-32028295027c","Agency Contractor","01/05/2021 - 07/05/2021","","29091070@sittest.com","Valorum, Finis 29091070 29091070@sittest.com","0000000000","HPWO00091483","","99748618",""
"C1","29091070","","Approved","05/05/2021","R-010122552.0020","C110299951","SERVDELMANGR|Billable","","R-010122552.0020","","","","24.00","Overtime","59673","","asdasdsa","C1 WBS","","","","","","","","WBS","RV","","","1102","R-010122552.0020","b9a9b291-eada-43c7-a7f0-6fb2994d12be","Agency Contractor","01/05/2021 - 07/05/2021","","29091070@sittest.com","Valorum, Finis 29091070 29091070@sittest.com","0000000000","HPWO00091483","","99748618",""
"C1","29091070","","Approved","06/05/2021","R-010122552.0020","C110299951","SERVDELMANGR|Billable","","R-010122552.0020","","","","24.00","Overtime","59674","","1 June 2018","C1 WBS","","","","","","","","WBS","RV","","","1102","R-010122552.0020","f724154c-5db8-4ed9-be65-4e914b06bbf1","Agency Contractor","01/05/2021 - 07/05/2021","","29091070@sittest.com","Valorum, Finis 29091070 29091070@sittest.com","0000000000","HPWO00091483","","99748618",""
"C1","29091070","","Approved","07/05/2021","R-010122552.0020","C110299951","SERVDELMANGR|Billable","","R-010122552.0020","","","","24.00","Overtime","59675","","Comments to resend data","C1 WBS","","","","","","","","WBS","RV","","","1102","R-010122552.0020","d3c0805c-ddcf-46de-bf81-9b9c9f7a11e2","Agency Contractor","01/05/2021 - 07/05/2021","","29091070@sittest.com","Valorum, Finis 29091070 29091070@sittest.com","0000000000","HPWO00091483","","99748618",""
"C1","29091070","","Approved","08/05/2021","R-010106878.0020","C110299951","","","R-010106878.0020","","","","24.00","Double Time","59659","","","C1 WBS","","","","","","","","WBS","RV","","","1102","R-010106878.0020","b2b96a50-b40c-409f-92ef-39fa39bde439","Agency Contractor","08/05/2021 - 14/05/2021","","29091070@sittest.com","Valorum, Finis 29091070 29091070@sittest.com","0000000000","HPWO00091483","","99748618",""
"C1","29091070","","Approved","08/05/2021","R-010122552.0020","C110299951","SERVDELMANGR|Billable","","R-010122552.0020","","","","0.00","Overtime","59682","","","C1 WBS","","","","","","","","WBS","RV","","","1102","R-010122552.0020","ecc928e1-5290-46a3-82cd-5aacccabe642","Agency Contractor","08/05/2021 - 14/05/2021","","29091070@sittest.com","Valorum, Finis 29091070 29091070@sittest.com","0000000000","HPWO00091483","","99748618",""
"C1","29091070","","Approved","09/05/2021","R-010106878.0020","C110299951","","","R-010106878.0020","","","","24.00","Double Time","59660","","","C1 WBS","","","","","","","","WBS","RV","","","1102","R-010106878.0020","643faf13-ba90-4881-9048-3bdcf80c8d07","Agency Contractor","08/05/2021 - 14/05/2021","","29091070@sittest.com","Valorum, Finis 29091070 29091070@sittest.com","0000000000","HPWO00091483","","99748618",""
"C1","29091070","","Approved","10/05/2021","R-010106878.0020","C110299951","","","R-010106878.0020","","","","24.00","Double Time","59661","","","C1 WBS","","","","","","","","WBS","RV","","","1102","R-010106878.0020","8c86c124-8a01-4d96-ac1e-917bf1cfd655","Agency Contractor","08/05/2021 - 14/05/2021","","29091070@sittest.com","Valorum, Finis 29091070 29091070@sittest.com","0000000000","HPWO00091483","","99748618",""
"C1","29091070","","Approved","11/05/2021","R-010106878.0020","C110299951","","","R-010106878.0020","","","","23.60","Double Time","59662","","","C1 WBS","","","","","","","","WBS","RV","","","1102","R-010106878.0020","beae5cd7-e3ad-4410-80af-e5406790d2c2","Agency Contractor","08/05/2021 - 14/05/2021","","29091070@sittest.com","Valorum, Finis 29091070 29091070@sittest.com","0000000000","HPWO00091483","","99748618",""
"C1","29091070","","Approved","12/05/2021","","C110299951","","","","","799","","24.00","","59667","","","","","","","","","","","","","","","1102","","1b16e3d7-6136-416a-9ba2-e47fa3c97ec4","Agency Contractor","08/05/2021 - 14/05/2021","","29091070@sittest.com","Valorum, Finis 29091070 29091070@sittest.com","","HPWO00091483","","99748618",""
"C1","29091070","","Approved","13/05/2021","R-010122552.0020","C110299951","SERVDELMANGR|Billable","","R-010122552.0020","","","","24.00","Overtime","59668","","asdad","C1 WBS","","","","","","","","WBS","RV","","","1102","R-010122552.0020","dd04b971-c28c-4bb0-8e4f-2432bc3229d2","Agency Contractor","08/05/2021 - 14/05/2021","","29091070@sittest.com","Valorum, Finis 29091070 29091070@sittest.com","0000000000","HPWO00091483","","99748618",""
"C1","29091070","","Approved","14/05/2021","R-010122552.0020","C110299951","SERVDELMANGR|Billable","","R-010122552.0020","","","","24.00","Overtime","59910","","sdasdasd","C1 WBS","","","","","","","","WBS","RV","","","1102","R-010122552.0020","079fcec9-1c72-4b8d-8b00-e0677530b067","Agency Contractor","08/05/2021 - 14/05/2021","","29091070@sittest.com","Valorum, Finis 29091070 29091070@sittest.com","0000000000","HPWO00091483","","99748618",""
"C1","29091070","","Approved","15/05/2021","4100001","C110299951","LEGACY BILLING|Billable","","4100001","","","","1.75","Straight Time","60554","","","C1 WBS","","","","","","","","SO","GB","","R-010123950.0010","1102","4100001","457a8eaf-a8c1-4e01-911a-5f2ab17e5062","Agency Contractor","15/05/2021 - 21/05/2021","","29091070@sittest.com","Valorum, Finis 29091070 29091070@sittest.com","0000000000","HPWO00091483","","99748618",""
"C1","29091070","","Approved","15/05/2021","R-010110700.0010","C110299951","CONSULTANT|Billable","","R-010110700.0010","","","","1.50","Straight Time","60552","","","C1 WBS","","","","","","","","WBS","RV","","","1102","R-010110700.0010","c2af3333-48ff-489c-92fb-da29eda959c7","Agency Contractor","15/05/2021 - 21/05/2021","","29091070@sittest.com","Valorum, Finis 29091070 29091070@sittest.com","0000000000","HPWO00091483","","99748618",""
"C1","29091070","","Approved","15/05/2021","R-010122552.0020","C110299951","MANAGEDSERVS|Billable","","R-010122552.0020","","","","0.50","Straight Time","60553","","","C1 WBS","","","","","","","","WBS","RV","","","1102","R-010122552.0020","317c5663-9bef-4c77-9d75-123f79a854e0","Agency Contractor","15/05/2021 - 21/05/2021","","29091070@sittest.com","Valorum, Finis 29091070 29091070@sittest.com","0000000000","HPWO00091483","","99748618",""
"C1","29091727","","Approved","18/07/2021","R-010108611.1591","C120099951","MFTECH|Non-Billable","","","","","","0.10","Overtime","89783","","","C1 WBS","","","","","","","","WBS","RV","","","1200","","38d3cc10-af89-46a1-ac1e-b68f462f0337","Agency Contractor","17/07/2021 - 23/07/2021","","29091727@sittest.com","Roe AC_A 1200, Convert to Credentialed Visitor 29091727 29091727@sittest.com","0000000000","HPWO00091567","","99748654",""
"C1","29091727","","Approved","18/07/2021","R-010108611.1591","C120099951","NOBILL|Non-Billable","","","","","","1.00","Straight Time","89782","","","C1 WBS","","","","","","","","WBS","RV","","","1200","","f2a7fb31-ac8e-499f-9cf9-2f6e383a71f1","Agency Contractor","17/07/2021 - 23/07/2021","","29091727@sittest.com","Roe AC_A 1200, Convert to Credentialed Visitor 29091727 29091727@sittest.com","0000000000","HPWO00091567","","99748654",""
"C1","29091727","","Approved","19/07/2021","R-010108611.1591","C120099951","MFTECH|Billable","","","","","","2.00","Double Time","94352","","adding 2 hrs of double time","C1 WBS","","","","","","","","WBS","RV","","","1200","","8fe589e7-8bd4-4eb8-b250-f70075a9a0a7","Agency Contractor","17/07/2021 - 23/07/2021","","29091727@sittest.com","Roe AC_A 1200, Convert to Credentialed Visitor 29091727 29091727@sittest.com","0000000000","HPWO00091567","","99748654",""
"C1","29091727","","Approved","19/07/2021","R-010108611.1591","C120099951","MFTECH|Non-Billable","","","","","","0.70","Overtime","89784","","","C1 WBS","","","","","","","","WBS","RV","","","1200","","9246a82c-c5c0-4320-884a-439fbe7a6796","Agency Contractor","17/07/2021 - 23/07/2021","","29091727@sittest.com","Roe AC_A 1200, Convert to Credentialed Visitor 29091727 29091727@sittest.com","0000000000","HPWO00091567","","99748654",""
"C1","29091727","","Approved","19/07/2021","R-010108611.1591","C120099951","NOBILL|Non-Billable","","","","","","0.00","Straight Time","89777","","removing 2 hrs of regular time","C1 WBS","","","","","","","","WBS","RV","","","1200","","27d6ba9b-2c5e-48e5-982c-d28efbfcc091","Agency Contractor","17/07/2021 - 23/07/2021","","29091727@sittest.com","Roe AC_A 1200, Convert to Credentialed Visitor 29091727 29091727@sittest.com","0000000000","HPWO00091567","","99748654",""
"C1","29091727","","Approved","20/07/2021","R-010108611.1591","C120099951","MFTECH|Billable","","","","","","0.80","Double Time","89785","","","C1 WBS","","","","","","","","WBS","RV","","","1200","","abde14b0-12c9-4725-9fde-b88d2ae4dae3","Agency Contractor","17/07/2021 - 23/07/2021","","29091727@sittest.com","Roe AC_A 1200, Convert to Credentialed Visitor 29091727 29091727@sittest.com","0000000000","HPWO00091567","","99748654",""
"C1","29091727","","Approved","20/07/2021","R-010108611.1591","C120099951","NOBILL|Non-Billable","","","","","","3.00","Straight Time","89778","","","C1 WBS","","","","","","","","WBS","RV","","","1200","","30531eca-0057-46db-bdee-63403a649af7","Agency Contractor","17/07/2021 - 23/07/2021","","29091727@sittest.com","Roe AC_A 1200, Convert to Credentialed Visitor 29091727 29091727@sittest.com","0000000000","HPWO00091567","","99748654",""
"C1","29091727","","Approved","21/07/2021","R-010108611.1591","C120099951","NOBILL|Non-Billable","","","","","","4.00","Straight Time","89779","","","C1 WBS","","","","","","","","WBS","RV","","","1200","","4e1c0e3a-85c6-42a8-88d7-b42d9564d67a","Agency Contractor","17/07/2021 - 23/07/2021","","29091727@sittest.com","Roe AC_A 1200, Convert to Credentialed Visitor 29091727 29091727@sittest.com","0000000000","HPWO00091567","","99748654",""
"C1","29091727","","Approved","22/07/2021","R-010108611.1591","C120099951","NOBILL|Non-Billable","","","","","","5.00","Straight Time","89780","","","C1 WBS","","","","","","","","WBS","RV","","","1200","","5eb00ff3-25ae-4fb6-8de9-b080fe6f1277","Agency Contractor","17/07/2021 - 23/07/2021","","29091727@sittest.com","Roe AC_A 1200, Convert to Credentialed Visitor 29091727 29091727@sittest.com","0000000000","HPWO00091567","","99748654",""
"C1","29091727","","Approved","23/07/2021","R-010108611.1591","C120099951","NOBILL|Non-Billable","","","","","","6.00","Straight Time","89781","","","C1 WBS","","","","","","","","WBS","RV","","","1200","","f4205eeb-9a99-4c82-ae54-b6d46c18d3aa","Agency Contractor","17/07/2021 - 23/07/2021","","29091727@sittest.com","Roe AC_A 1200, Convert to Credentialed Visitor 29091727 29091727@sittest.com","0000000000","HPWO00091567","","99748654",""
"C1","29091727","","Approved","24/07/2021","R-010108611.1591","C120099951","MFTECH|Billable","","","","","","1.00","Straight Time","94355","","","C1 WBS","","","","","","","","WBS","RV","","","1200","","5c7e47f2-e572-44ec-85eb-8e9c2f50abd1","Agency Contractor","24/07/2021 - 30/07/2021","","29091727@sittest.com","Roe AC_A 1200, Convert to Credentialed Visitor 29091727 29091727@sittest.com","0000000000","HPWO00091567","","99748654",""
"C1","29091727","","Approved","25/07/2021","R-010108611.1591","C120099951","MFTECH|Billable","","","","","","1.00","Straight Time","94356","","","C1 WBS","","","","","","","","WBS","RV","","","1200","","9efe3987-97db-4556-b74c-26da9d8b6144","Agency Contractor","24/07/2021 - 30/07/2021","","29091727@sittest.com","Roe AC_A 1200, Convert to Credentialed Visitor 29091727 29091727@sittest.com","0000000000","HPWO00091567","","99748654",""
"C1","29091727","","Approved","26/07/2021","R-010108611.1591","C120099951","MFTECH|Billable","","","","","","1.00","Straight Time","94357","","","C1 WBS","","","","","","","","WBS","RV","","","1200","","9c6f6a08-4e25-44b0-b441-7120d9286a17","Agency Contractor","24/07/2021 - 30/07/2021","","29091727@sittest.com","Roe AC_A 1200, Convert to Credentialed Visitor 29091727 29091727@sittest.com","0000000000","HPWO00091567","","99748654",""
"C1","29091727","","Approved","27/07/2021","R-010108611.1591","C120099951","MFTECH|Billable","","","","","","1.00","Straight Time","94358","","","C1 WBS","","","","","","","","WBS","RV","","","1200","","73cfa02a-a10d-41f9-942d-cb79c2b40655","Agency Contractor","24/07/2021 - 30/07/2021","","29091727@sittest.com","Roe AC_A 1200, Convert to Credentialed Visitor 29091727 29091727@sittest.com","0000000000","HPWO00091567","","99748654",""
"C1","29091727","","Approved","28/07/2021","R-010108611.1591","C120099951","MFTECH|Billable","","","","","","1.00","Straight Time","94359","","","C1 WBS","","","","","","","","WBS","RV","","","1200","","6eabb0d4-bec1-4295-90bf-ac140c028496","Agency Contractor","24/07/2021 - 30/07/2021","","29091727@sittest.com","Roe AC_A 1200, Convert to Credentialed Visitor 29091727 29091727@sittest.com","0000000000","HPWO00091567","","99748654",""
"C1","29091727","","Approved","29/07/2021","R-010108611.1591","C120099951","MFTECH|Billable","","","","","","1.00","Straight Time","94360","","","C1 WBS","","","","","","","","WBS","RV","","","1200","","4ff7e651-7845-40c4-b9d6-511dbabe21a7","Agency Contractor","24/07/2021 - 30/07/2021","","29091727@sittest.com","Roe AC_A 1200, Convert to Credentialed Visitor 29091727 29091727@sittest.com","0000000000","HPWO00091567","","99748654",""
"C1","29091727","","Approved","30/07/2021","R-010108611.1591","C120099951","MFTECH|Billable","","","","","","1.00","Straight Time","94361","","","C1 WBS","","","","","","","","WBS","RV","","","1200","","648b5c73-8394-48bf-b5f0-278a29297768","Agency Contractor","24/07/2021 - 30/07/2021","","29091727@sittest.com","Roe AC_A 1200, Convert to Credentialed Visitor 29091727 29091727@sittest.com","0000000000","HPWO00091567","","99748654",""
"C1","29091734","","Approved","17/07/2021","S-010122549.0001","C120099951","DATAANALYST|Non-Billable","","20180601","","","","1.00","Overtime","93566","","test","C1 WBS","","","","","","","","WBS","ST","","","1200","20180601","144e3017-b992-4251-ac60-745196d25f7e","Agency Contractor","17/07/2021 - 23/07/2021","","29091734@sittest.com","Roe AC_A 1200, Date Extension Worker Profile 29091734 29091734@sittest.com","0000000000","HPWO00091574","","99748037",""
"C1","29091734","","Approved","18/07/2021","S-010122549.0001","C120099951","DATAANALYST|Non-Billable","","20180601","","","","1.00","Overtime","93567","","test","C1 WBS","","","","","","","","WBS","ST","","","1200","20180601","1fea4843-dfcb-4c45-bdd6-79ca1e87c487","Agency Contractor","17/07/2021 - 23/07/2021","","29091734@sittest.com","Roe AC_A 1200, Date Extension Worker Profile 29091734 29091734@sittest.com","0000000000","HPWO00091574","","99748037",""
"C1","29091734","","Approved","21/07/2021","S-010122549.0001","C120099951","DATAANALYST|Non-Billable","","20180601","","","","1.00","Overtime","93568","","test","C1 WBS","","","","","","","","WBS","ST","","","1200","20180601","78c45807-d42e-49a4-850b-fb6ffaf9c592","Agency Contractor","17/07/2021 - 23/07/2021","","29091734@sittest.com","Roe AC_A 1200, Date Extension Worker Profile 29091734 29091734@sittest.com","0000000000","HPWO00091574","","99748037",""
"C1","29091734","","Approved","24/07/2021","S-010122549.0001","C120099951","DATAANALYST|Billable","","20180601","","","","1.00","Straight Time","93563","","test","C1 WBS","","","","","","","","WBS","ST","","","1200","20180601","d5185616-e232-44fc-8847-db0712f0e6b0","Agency Contractor","24/07/2021 - 30/07/2021","","29091734@sittest.com","Roe AC_A 1200, Date Extension Worker Profile 29091734 29091734@sittest.com","0000000000","HPWO00091574","","99748037",""
"C1","29091734","","Approved","25/07/2021","S-010122549.0001","C120099951","DATAANALYST|Billable","","20180601","","","","0.00","Straight Time","93564","","","C1 WBS","","","","","","","","WBS","ST","","","1200","20180601","76ffb0e4-034e-4c7a-bd28-5024b781d76e","Agency Contractor","24/07/2021 - 30/07/2021","","29091734@sittest.com","Roe AC_A 1200, Date Extension Worker Profile 29091734 29091734@sittest.com","0000000000","HPWO00091574","","99748037",""
"C1","29091734","","Approved","26/07/2021","S-010122549.0001","C120099951","DATAANALYST|Billable","","20180601","","","","0.00","Straight Time","93565","","","C1 WBS","","","","","","","","WBS","ST","","","1200","20180601","170a2e1a-9deb-4c67-8a20-0d50a8504545","Agency Contractor","24/07/2021 - 30/07/2021","","29091734@sittest.com","Roe AC_A 1200, Date Extension Worker Profile 29091734 29091734@sittest.com","0000000000","HPWO00091574","","99748037",""
"C1","29091745","","Approved","03/07/2021","R-010122569.0001","C120099951","HELPDESK2|Billable","","P4Z070010060","","","","0.00","Straight Time","94510","","","C1 WBS","","","","","","","","WBS","RV","","","1200","P4Z070010060","7433a7b7-87aa-47fc-a13c-ffe0dd9e12ab","Agency Contractor","03/07/2021 - 09/07/2021","","29091745@sittest.com","Roe AC_A 1200, Reduce  Budget Limit 29091745 29091745@sittest.com","0000000000","HPWO00091585","","99748671",""
"C1","29091745","","Approved","04/07/2021","R-010122569.0001","C120099951","HELPDESK2|Billable","","P4Z070010060","","","","0.00","Straight Time","94511","","","C1 WBS","","","","","","","","WBS","RV","","","1200","P4Z070010060","c51ab755-f043-4d01-a7de-035b646dced1","Agency Contractor","03/07/2021 - 09/07/2021","","29091745@sittest.com","Roe AC_A 1200, Reduce  Budget Limit 29091745 29091745@sittest.com","0000000000","HPWO00091585","","99748671",""
"C1","29091745","","Approved","05/07/2021","R-010122569.0001","C120099951","HELPDESK2|Billable","","P4Z070010060","","","","8.00","Straight Time","94512","","","C1 WBS","","","","","","","","WBS","RV","","","1200","P4Z070010060","e7414935-e3c7-41f4-adf4-17333cd6ea95","Agency Contractor","03/07/2021 - 09/07/2021","","29091745@sittest.com","Roe AC_A 1200, Reduce  Budget Limit 29091745 29091745@sittest.com","0000000000","HPWO00091585","","99748671",""
"C1","29091745","","Approved","06/07/2021","R-010122569.0001","C120099951","HELPDESK2|Billable","","P4Z070010060","","","","8.00","Straight Time","94513","","","C1 WBS","","","","","","","","WBS","RV","","","1200","P4Z070010060","0001ec76-8da2-4f05-887a-0010f5982a99","Agency Contractor","03/07/2021 - 09/07/2021","","29091745@sittest.com","Roe AC_A 1200, Reduce  Budget Limit 29091745 29091745@sittest.com","0000000000","HPWO00091585","","99748671",""
"C1","29091745","","Approved","07/07/2021","R-010122569.0001","C120099951","HELPDESK2|Billable","","P4Z070010060","","","","8.00","Straight Time","94514","","","C1 WBS","","","","","","","","WBS","RV","","","1200","P4Z070010060","68eb33ef-ebf6-449f-91c1-8ebfadccd911","Agency Contractor","03/07/2021 - 09/07/2021","","29091745@sittest.com","Roe AC_A 1200, Reduce  Budget Limit 29091745 29091745@sittest.com","0000000000","HPWO00091585","","99748671",""
"C1","29091745","","Approved","08/07/2021","R-010122569.0001","C120099951","HELPDESK2|Billable","","P4Z070010060","","","","8.00","Straight Time","94515","","","C1 WBS","","","","","","","","WBS","RV","","","1200","P4Z070010060","85d27396-64cf-4151-aec8-1b4ca2ea3747","Agency Contractor","03/07/2021 - 09/07/2021","","29091745@sittest.com","Roe AC_A 1200, Reduce  Budget Limit 29091745 29091745@sittest.com","0000000000","HPWO00091585","","99748671",""
"C1","29091745","","Approved","09/07/2021","R-010122569.0001","C120099951","HELPDESK2|Billable","","P4Z070010060","","","","8.00","Straight Time","94516","","","C1 WBS","","","","","","","","WBS","RV","","","1200","P4Z070010060","b301e574-6f05-41c4-845f-b190cf253421","Agency Contractor","03/07/2021 - 09/07/2021","","29091745@sittest.com","Roe AC_A 1200, Reduce  Budget Limit 29091745 29091745@sittest.com","0000000000","HPWO00091585","","99748671",""
"C1","29091745","","Approved","10/07/2021","R-010122569.0001","C120099951","HELPDESK2|Billable","","P4Z070010060","","","","8.00","Straight Time","94517","","","C1 WBS","","","","","","","","WBS","RV","","","1200","P4Z070010060","d77a0bc7-ffe7-4df8-9012-3dc571f37be6","Agency Contractor","10/07/2021 - 16/07/2021","","29091745@sittest.com","Roe AC_A 1200, Reduce  Budget Limit 29091745 29091745@sittest.com","0000000000","HPWO00091585","","99748671",""
"C1","29091745","","Approved","10/07/2021","R-010122569.0001","C120099951","HELPDESK2|Non-Billable","","P4Z070010060","","","","8.01","Straight Time","96380","","","C1 WBS","","","","","","","","WBS","RV","","","1200","P4Z070010060","5a83ff10-5a15-4ab1-822d-09e0db5b5063","Agency Contractor","10/07/2021 - 16/07/2021","","29091745@sittest.com","Roe AC_A 1200, Reduce  Budget Limit 29091745 29091745@sittest.com","0000000000","HPWO00091585","","99748671",""
"C1","29091745","","Approved","11/07/2021","R-010122569.0001","C120099951","HELPDESK2|Billable","","P4Z070010060","","","","8.00","Straight Time","94518","","","C1 WBS","","","","","","","","WBS","RV","","","1200","P4Z070010060","07ccf199-4674-400b-acdb-0bf80dd1e532","Agency Contractor","10/07/2021 - 16/07/2021","","29091745@sittest.com","Roe AC_A 1200, Reduce  Budget Limit 29091745 29091745@sittest.com","0000000000","HPWO00091585","","99748671",""
"C1","29091745","","Approved","11/07/2021","R-010122569.0001","C120099951","HELPDESK2|Non-Billable","","P4Z070010060","","","","8.01","Straight Time","96381","","","C1 WBS","","","","","","","","WBS","RV","","","1200","P4Z070010060","89b834f2-177b-4528-806c-e292599117e7","Agency Contractor","10/07/2021 - 16/07/2021","","29091745@sittest.com","Roe AC_A 1200, Reduce  Budget Limit 29091745 29091745@sittest.com","0000000000","HPWO00091585","","99748671",""
"C1","29091745","","Approved","12/07/2021","R-010122569.0001","C120099951","HELPDESK2|Billable","","P4Z070010060","","","","8.00","Straight Time","94519","","","C1 WBS","","","","","","","","WBS","RV","","","1200","P4Z070010060","7ad787c0-4417-4e16-ad76-1eb1f1e95562","Agency Contractor","10/07/2021 - 16/07/2021","","29091745@sittest.com","Roe AC_A 1200, Reduce  Budget Limit 29091745 29091745@sittest.com","0000000000","HPWO00091585","","99748671",""
"C1","29091745","","Approved","12/07/2021","R-010122569.0001","C120099951","HELPDESK2|Non-Billable","","P4Z070010060","","","","8.01","Straight Time","96382","","","C1 WBS","","","","","","","","WBS","RV","","","1200","P4Z070010060","db854d9e-7fa2-48df-9557-be9034d73a79","Agency Contractor","10/07/2021 - 16/07/2021","","29091745@sittest.com","Roe AC_A 1200, Reduce  Budget Limit 29091745 29091745@sittest.com","0000000000","HPWO00091585","","99748671",""
"C1","29091745","","Approved","13/07/2021","R-010122569.0001","C120099951","HELPDESK2|Billable","","P4Z070010060","","","","8.00","Straight Time","94520","","","C1 WBS","","","","","","","","WBS","RV","","","1200","P4Z070010060","53131b28-058e-4e31-9de8-e49c6435657d","Agency Contractor","10/07/2021 - 16/07/2021","","29091745@sittest.com","Roe AC_A 1200, Reduce  Budget Limit 29091745 29091745@sittest.com","0000000000","HPWO00091585","","99748671",""
"C1","29091745","","Approved","13/07/2021","R-010122569.0001","C120099951","HELPDESK2|Non-Billable","","P4Z070010060","","","","8.01","Straight Time","96383","","","C1 WBS","","","","","","","","WBS","RV","","","1200","P4Z070010060","5487f536-bf17-4370-8326-2eb80229e951","Agency Contractor","10/07/2021 - 16/07/2021","","29091745@sittest.com","Roe AC_A 1200, Reduce  Budget Limit 29091745 29091745@sittest.com","0000000000","HPWO00091585","","99748671",""
"C1","29091745","","Approved","14/07/2021","R-010122569.0001","C120099951","HELPDESK2|Billable","","P4Z070010060","","","","8.00","Straight Time","94521","","","C1 WBS","","","","","","","","WBS","RV","","","1200","P4Z070010060","5e9223d0-57ca-4579-8af1-9891c4803c21","Agency Contractor","10/07/2021 - 16/07/2021","","29091745@sittest.com","Roe AC_A 1200, Reduce  Budget Limit 29091745 29091745@sittest.com","0000000000","HPWO00091585","","99748671",""
"C1","29091745","","Approved","14/07/2021","R-010122569.0001","C120099951","HELPDESK2|Non-Billable","","P4Z070010060","","","","7.96","Straight Time","96384","","","C1 WBS","","","","","","","","WBS","RV","","","1200","P4Z070010060","3f9286c4-6e94-4e05-87d1-6ba3a02f5204","Agency Contractor","10/07/2021 - 16/07/2021","","29091745@sittest.com","Roe AC_A 1200, Reduce  Budget Limit 29091745 29091745@sittest.com","0000000000","HPWO00091585","","99748671",""
"C1","29091745","","Approved","15/07/2021","R-010122569.0001","C120099951","HELPDESK2|Billable","","P4Z070010060","","","","0.00","Straight Time","96387","","","C1 WBS","","","","","","","","WBS","RV","","","1200","P4Z070010060","f6b45fe2-d877-4f56-8ed3-38a80573c83a","Agency Contractor","10/07/2021 - 16/07/2021","","29091745@sittest.com","Roe AC_A 1200, Reduce  Budget Limit 29091745 29091745@sittest.com","0000000000","HPWO00091585","","99748671",""
"C1","29091745","","Approved","15/07/2021","R-010122569.0001","C120099951","HELPDESK2|Non-Billable","","P4Z070010060","","","","0.00","Straight Time","96385","","","C1 WBS","","","","","","","","WBS","RV","","","1200","P4Z070010060","fe566a35-666d-494d-a5ab-615c70969895","Agency Contractor","10/07/2021 - 16/07/2021","","29091745@sittest.com","Roe AC_A 1200, Reduce  Budget Limit 29091745 29091745@sittest.com","0000000000","HPWO00091585","","99748671",""
"C1","29091745","","Approved","16/07/2021","R-010122569.0001","C120099951","HELPDESK2|Billable","","P4Z070010060","","","","0.00","Straight Time","96388","","","C1 WBS","","","","","","","","WBS","RV","","","1200","P4Z070010060","bc9dabc2-96c2-4372-8325-51a9210fae4d","Agency Contractor","10/07/2021 - 16/07/2021","","29091745@sittest.com","Roe AC_A 1200, Reduce  Budget Limit 29091745 29091745@sittest.com","0000000000","HPWO00091585","","99748671",""
"C1","29091745","","Approved","16/07/2021","R-010122569.0001","C120099951","HELPDESK2|Non-Billable","","P4Z070010060","","","","0.00","Straight Time","96386","","","C1 WBS","","","","","","","","WBS","RV","","","1200","P4Z070010060","19ef36a4-d97a-41e2-a3e3-d4e36bcf977d","Agency Contractor","10/07/2021 - 16/07/2021","","29091745@sittest.com","Roe AC_A 1200, Reduce  Budget Limit 29091745 29091745@sittest.com","0000000000","HPWO00091585","","99748671",""
"C1","29091764","","Approved","26/07/2021","R-010124250.0010","C139599951","CONSULTANT|Billable","","T2","","","","4.00","Straight Time","92794","","","C1 WBS","","","","","","","","WBS","RV","","","1395","T2","4aba3d91-5ceb-44dd-aeea-1569b526bc22","Agency Contractor","24/07/2021 - 30/07/2021","","29091764@sittest.com","Veena AC_A 1395, IWO Testing C 29091764 29091764@sittest.com","","HPWO00091604","","99748690",""
"C1","29091764","","Approved","26/07/2021","R-010124250.0010","C139599951","SENIORDBAOT|Billable","","T1","","","","4.00","Straight Time","92789","","","C1 WBS","","","","","","","","WBS","RV","","","1395","T1","912c1cb0-4166-4bfc-852f-7f3a74350575","Agency Contractor","24/07/2021 - 30/07/2021","","29091764@sittest.com","Veena AC_A 1395, IWO Testing C 29091764 29091764@sittest.com","","HPWO00091604","","99748690",""
"C1","29091764","","Approved","26/07/2021","R-010124250.0010","C139599951","ZZ02|Non-Billable","","T3","","","","0.00","Straight Time","92799","","","C1 WBS","","","","","","","","WBS","RV","","","1395","T3","e46e02ea-9c69-4a86-83c7-2040eca2873f","Agency Contractor","24/07/2021 - 30/07/2021","","29091764@sittest.com","Veena AC_A 1395, IWO Testing C 29091764 29091764@sittest.com","","HPWO00091604","","99748690",""
"C1","29091764","","Approved","26/07/2021","R-010124250.0010","C139599951","ZZ02|Non-Billable","","T3","","","","0.00","Straight Time","92814","","","C1 WBS","","","","","","","","WBS","RV","","","1395","T3","fe49f0b4-4f13-436b-b049-8d2a83fb27db","Agency Contractor","24/07/2021 - 30/07/2021","","29091764@sittest.com","Veena AC_A 1395, IWO Testing C 29091764 29091764@sittest.com","","HPWO00091604","","99748690",""
"C1","29091764","","Approved","27/07/2021","R-010124250.0010","C139599951","CONSULTANT|Billable","","T2","","","","4.00","Straight Time","92795","","","C1 WBS","","","","","","","","WBS","RV","","","1395","T2","ba0e46e8-f334-4c29-8cc4-7b99eda2036e","Agency Contractor","24/07/2021 - 30/07/2021","","29091764@sittest.com","Veena AC_A 1395, IWO Testing C 29091764 29091764@sittest.com","","HPWO00091604","","99748690",""
"C1","29091764","","Approved","27/07/2021","R-010124250.0010","C139599951","SENIORDBAOT|Billable","","T1","","","","4.00","Straight Time","92790","","","C1 WBS","","","","","","","","WBS","RV","","","1395","T1","c16aa851-3645-4514-8186-849012d2f587","Agency Contractor","24/07/2021 - 30/07/2021","","29091764@sittest.com","Veena AC_A 1395, IWO Testing C 29091764 29091764@sittest.com","","HPWO00091604","","99748690",""
"C1","29091764","","Approved","27/07/2021","R-010124250.0010","C139599951","ZZ02|Non-Billable","","T3","","","","0.00","Straight Time","92800","","","C1 WBS","","","","","","","","WBS","RV","","","1395","T3","c23eae7d-9fed-43ef-ad4f-2c9204219357","Agency Contractor","24/07/2021 - 30/07/2021","","29091764@sittest.com","Veena AC_A 1395, IWO Testing C 29091764 29091764@sittest.com","","HPWO00091604","","99748690",""
"C1","29091764","","Approved","27/07/2021","R-010124250.0010","C139599951","ZZ02|Non-Billable","","T3","","","","0.00","Straight Time","92815","","","C1 WBS","","","","","","","","WBS","RV","","","1395","T3","dc58208f-c632-452e-9c6c-00c6a8f0b71a","Agency Contractor","24/07/2021 - 30/07/2021","","29091764@sittest.com","Veena AC_A 1395, IWO Testing C 29091764 29091764@sittest.com","","HPWO00091604","","99748690",""
"C1","29091764","","Approved","28/07/2021","R-010124250.0010","C139599951","CONSULTANT|Billable","","T2","","","","4.00","Straight Time","92796","","","C1 WBS","","","","","","","","WBS","RV","","","1395","T2","b5fa53b5-0fef-4879-b40e-991d4ed9995c","Agency Contractor","24/07/2021 - 30/07/2021","","29091764@sittest.com","Veena AC_A 1395, IWO Testing C 29091764 29091764@sittest.com","","HPWO00091604","","99748690",""
"C1","29091764","","Approved","28/07/2021","R-010124250.0010","C139599951","SENIORDBAOT|Billable","","T1","","","","4.00","Straight Time","92791","","","C1 WBS","","","","","","","","WBS","RV","","","1395","T1","5d878d15-4b45-4294-b8d9-e8906ea9a3bd","Agency Contractor","24/07/2021 - 30/07/2021","","29091764@sittest.com","Veena AC_A 1395, IWO Testing C 29091764 29091764@sittest.com","","HPWO00091604","","99748690",""
"C1","29091764","","Approved","28/07/2021","R-010124250.0010","C139599951","ZZ02|Non-Billable","","T3","","","","0.00","Straight Time","92801","","","C1 WBS","","","","","","","","WBS","RV","","","1395","T3","c6981a7c-c08f-4916-8bea-0f9b978ff6a0","Agency Contractor","24/07/2021 - 30/07/2021","","29091764@sittest.com","Veena AC_A 1395, IWO Testing C 29091764 29091764@sittest.com","","HPWO00091604","","99748690",""
"C1","29091764","","Approved","28/07/2021","R-010124250.0010","C139599951","ZZ02|Non-Billable","","T3","","","","0.00","Straight Time","92816","","","C1 WBS","","","","","","","","WBS","RV","","","1395","T3","daebc032-be11-4d1f-8a0b-78e4cb564ea7","Agency Contractor","24/07/2021 - 30/07/2021","","29091764@sittest.com","Veena AC_A 1395, IWO Testing C 29091764 29091764@sittest.com","","HPWO00091604","","99748690",""
"C1","29091764","","Approved","29/07/2021","R-010124250.0010","C139599951","CONSULTANT|Billable","","T2","","","","4.00","Straight Time","92797","","","C1 WBS","","","","","","","","WBS","RV","","","1395","T2","b878ee16-08a5-406b-af59-4b498a28ab18","Agency Contractor","24/07/2021 - 30/07/2021","","29091764@sittest.com","Veena AC_A 1395, IWO Testing C 29091764 29091764@sittest.com","","HPWO00091604","","99748690",""
"C1","29091764","","Approved","29/07/2021","R-010124250.0010","C139599951","SENIORDBAOT|Billable","","T1","","","","4.00","Straight Time","92792","","","C1 WBS","","","","","","","","WBS","RV","","","1395","T1","fce4716a-79b0-45a9-acbe-1c5eb00006e3","Agency Contractor","24/07/2021 - 30/07/2021","","29091764@sittest.com","Veena AC_A 1395, IWO Testing C 29091764 29091764@sittest.com","","HPWO00091604","","99748690",""
"C1","29091764","","Approved","29/07/2021","R-010124250.0010","C139599951","ZZ02|Non-Billable","","T3","","","","0.00","Straight Time","92802","","","C1 WBS","","","","","","","","WBS","RV","","","1395","T3","10d70e9d-ae4d-439f-ad75-57317df13711","Agency Contractor","24/07/2021 - 30/07/2021","","29091764@sittest.com","Veena AC_A 1395, IWO Testing C 29091764 29091764@sittest.com","","HPWO00091604","","99748690",""
"C1","29091764","","Approved","29/07/2021","R-010124250.0010","C139599951","ZZ02|Non-Billable","","T3","","","","0.00","Straight Time","92817","","","C1 WBS","","","","","","","","WBS","RV","","","1395","T3","4ce91601-3a71-49b9-a61b-670bf6eb71bd","Agency Contractor","24/07/2021 - 30/07/2021","","29091764@sittest.com","Veena AC_A 1395, IWO Testing C 29091764 29091764@sittest.com","","HPWO00091604","","99748690",""
"C1","29091764","","Approved","30/07/2021","R-010124250.0010","C139599951","CONSULTANT|Billable","","T2","","","","4.00","Straight Time","92798","","","C1 WBS","","","","","","","","WBS","RV","","","1395","T2","127de139-3dab-4fdf-94ae-da1fb0444070","Agency Contractor","24/07/2021 - 30/07/2021","","29091764@sittest.com","Veena AC_A 1395, IWO Testing C 29091764 29091764@sittest.com","","HPWO00091604","","99748690",""
"C1","29091764","","Approved","30/07/2021","R-010124250.0010","C139599951","SENIORDBAOT|Billable","","T1","","","","4.00","Straight Time","92793","","","C1 WBS","","","","","","","","WBS","RV","","","1395","T1","8b3fb3ac-1e31-44b8-83ee-fbde1c7d53cc","Agency Contractor","24/07/2021 - 30/07/2021","","29091764@sittest.com","Veena AC_A 1395, IWO Testing C 29091764 29091764@sittest.com","","HPWO00091604","","99748690",""
"C1","29091764","","Approved","30/07/2021","R-010124250.0010","C139599951","ZZ02|Non-Billable","","T3","","","","0.00","Straight Time","92803","","","C1 WBS","","","","","","","","WBS","RV","","","1395","T3","dfac015c-3242-4145-8278-ce64de11911f","Agency Contractor","24/07/2021 - 30/07/2021","","29091764@sittest.com","Veena AC_A 1395, IWO Testing C 29091764 29091764@sittest.com","","HPWO00091604","","99748690",""
"C1","29091764","","Approved","30/07/2021","R-010124250.0010","C139599951","ZZ02|Non-Billable","","T3","","","","0.00","Straight Time","92818","","","C1 WBS","","","","","","","","WBS","RV","","","1395","T3","1b25105a-2a29-4db5-8fb5-9007efc022e6","Agency Contractor","24/07/2021 - 30/07/2021","","29091764@sittest.com","Veena AC_A 1395, IWO Testing C 29091764 29091764@sittest.com","","HPWO00091604","","99748690",""
"C1","29091764","","Approved","02/08/2021","R-010124250.0010","C139599951","ZZ02|Billable","","T3","","","","8.00","Straight Time","93034","","","C1 WBS","","","","","","","","WBS","RV","","","1395","T3","8e502e88-0335-4fc4-aef1-9b42ff18cdba","Agency Contractor","31/07/2021 - 06/08/2021","","29091764@sittest.com","Veena AC_A 1395, IWO Testing C 29091764 29091764@sittest.com","","HPWO00091604","","99748690",""
"C1","29091764","","Approved","03/08/2021","R-010124250.0010","C139599951","ZZ02|Billable","","T3","","","","8.00","Straight Time","93035","","","C1 WBS","","","","","","","","WBS","RV","","","1395","T3","ea842613-a95a-46e0-aeea-d35b16268c07","Agency Contractor","31/07/2021 - 06/08/2021","","29091764@sittest.com","Veena AC_A 1395, IWO Testing C 29091764 29091764@sittest.com","","HPWO00091604","","99748690",""
"C1","29091764","","Approved","04/08/2021","R-010124250.0010","C139599951","ZZ02|Billable","","T3","","","","8.00","Straight Time","93036","","","C1 WBS","","","","","","","","WBS","RV","","","1395","T3","6f432f0c-b539-4917-a2a1-d1d826a9cc10","Agency Contractor","31/07/2021 - 06/08/2021","","29091764@sittest.com","Veena AC_A 1395, IWO Testing C 29091764 29091764@sittest.com","","HPWO00091604","","99748690",""
"C1","29091764","","Approved","05/08/2021","R-010124250.0010","C139599951","ZZ02|Billable","","T3","","","","6.00","Straight Time","93878","","PTA","C1 WBS","","","","","","","","WBS","RV","","","1395","T3","03dd3464-a739-4b87-9e3f-a5393ce0d228","Agency Contractor","31/07/2021 - 06/08/2021","","29091764@sittest.com","Veena AC_A 1395, IWO Testing C 29091764 29091764@sittest.com","","HPWO00091604","","99748690",""
"C1","29091764","","Approved","06/08/2021","R-010124250.0010","C139599951","ZZ02|Billable","","T3","","","","8.00","Straight Time","94321","","","C1 WBS","","","","","","","","WBS","RV","","","1395","T3","d352c3d0-a354-4d17-9e86-a62d07797200","Agency Contractor","31/07/2021 - 06/08/2021","","29091764@sittest.com","Veena AC_A 1395, IWO Testing C 29091764 29091764@sittest.com","","HPWO00091604","","99748690",""
"C1","29091764","","Approved","08/11/2021","R-010124250.0010","C139599951","CONSULTANT|Billable","","T1","","","","8.00","Straight Time","145161","","","C1 WBS","","","","","","","","WBS","RV","","","1395","T1","ac1f8611-9b53-4a83-8109-88d63b44ce28","Agency Contractor","06/11/2021 - 12/11/2021","","29091764@sittest.com","Veena AC_A 1395, IWO Testing C 29091764 29091764@sittest.com","","HPWO00091604","","99748690",""
"C1","29091764","","Approved","09/11/2021","R-010124250.0010","C139599951","CONSULTANT|Billable","","T1","","","","8.00","Straight Time","145162","","","C1 WBS","","","","","","","","WBS","RV","","","1395","T1","08aa7e8b-ac1d-4564-a9c0-f2025f646f2b","Agency Contractor","06/11/2021 - 12/11/2021","","29091764@sittest.com","Veena AC_A 1395, IWO Testing C 29091764 29091764@sittest.com","","HPWO00091604","","99748690",""
"C1","29091764","","Approved","10/11/2021","R-010124250.0010","C139599951","CONSULTANT|Billable","","T1","","","","8.00","Straight Time","145163","","","C1 WBS","","","","","","","","WBS","RV","","","1395","T1","054772dc-310e-4fc5-b530-a6dbf2f9fbd1","Agency Contractor","06/11/2021 - 12/11/2021","","29091764@sittest.com","Veena AC_A 1395, IWO Testing C 29091764 29091764@sittest.com","","HPWO00091604","","99748690",""
"C1","29091764","","Approved","11/11/2021","R-010124250.0010","C139599951","CONSULTANT|Billable","","T1","","","","8.00","Straight Time","145164","","","C1 WBS","","","","","","","","WBS","RV","","","1395","T1","233bcb9d-56e6-4540-bab7-4b4d2ec22d28","Agency Contractor","06/11/2021 - 12/11/2021","","29091764@sittest.com","Veena AC_A 1395, IWO Testing C 29091764 29091764@sittest.com","","HPWO00091604","","99748690",""
"C1","29091764","","Approved","12/11/2021","R-010124250.0010","C139599951","CONSULTANT|Billable","","T1","","","","8.00","Straight Time","145165","","","C1 WBS","","","","","","","","WBS","RV","","","1395","T1","4befdf9d-273b-431f-add6-842f864a8ce7","Agency Contractor","06/11/2021 - 12/11/2021","","29091764@sittest.com","Veena AC_A 1395, IWO Testing C 29091764 29091764@sittest.com","","HPWO00091604","","99748690",""
"COMPASS","29090488","","Approved","19/04/2021","IE1-RUAT4.25.07","USA7114826","","","T10","","433","","1.00","Double Time","7644","","","COMPASS WBS","Attribute 1","","","","","","","","","X","","IEEU","T10","a267a055-65fd-438d-b0a0-2c08199877e6","Agency Contractor","19/04/2021 - 25/04/2021","Ireland","29090488@sittest.com","Rampling, Robert 29090488 29090488@sittest.com","","HPWO00091372","","",""
"COMPASS","29090488","","Approved","19/04/2021","IE1-RUAT4.25.10","USA7114826","","","T13_2","","421","","1.00","Straight Time","7645","","","COMPASS WBS","Attribute 2","","","","","","","","","X","","IEEU","T10 / T13_2","5ed6214b-e04b-4236-971b-cb12ee010fac","Agency Contractor","19/04/2021 - 25/04/2021","Ireland","29090488@sittest.com","Rampling, Robert 29090488 29090488@sittest.com","","HPWO00091372","","",""
"COMPASS","29090488","","Approved","19/04/2021","IE1-RUAT4.25.14","USA7114826","","","IE1-RUAT4.25.14","","442","","1.00","Overtime","7646","","","COMPASS WBS","","","","","","","","","","X","","IEEU","IE1-RUAT4.25.14","68d2ca92-0c4e-4777-8be4-2d3b8b29b01e","Agency Contractor","19/04/2021 - 25/04/2021","Ireland","29090488@sittest.com","Rampling, Robert 29090488 29090488@sittest.com","","HPWO00091372","","",""
"COMPASS","29090488","","Approved","20/04/2021","IE1-RUAT4.25.07","USA7114826","","","T10","","433","","1.00","Double Time","7657","","","COMPASS WBS","Attribute 1","","","","","","","","","X","","IEEU","T10","af2b7590-7601-434c-8a5e-bdb7f251790b","Agency Contractor","19/04/2021 - 25/04/2021","Ireland","29090488@sittest.com","Rampling, Robert 29090488 29090488@sittest.com","","HPWO00091372","","",""
"COMPASS","29090488","","Approved","20/04/2021","IE1-RUAT4.25.10","USA7114826","","","T13_2","","421","","1.00","Straight Time","7660","","","COMPASS WBS","Attribute 2","","","","","","","","","X","","IEEU","T10 / T13_2","efe96a7c-1ea3-4dd1-bc6f-bf4db1dcc3e3","Agency Contractor","19/04/2021 - 25/04/2021","Ireland","29090488@sittest.com","Rampling, Robert 29090488 29090488@sittest.com","","HPWO00091372","","",""
"COMPASS","29090488","","Approved","20/04/2021","IE1-RUAT4.25.14","USA7114826","","","IE1-RUAT4.25.14","","442","","1.00","Overtime","7661","","","COMPASS WBS","","","","","","","","","","X","","IEEU","IE1-RUAT4.25.14","9e3ac6ba-b37b-4601-8ae9-2a4dd6548f85","Agency Contractor","19/04/2021 - 25/04/2021","Ireland","29090488@sittest.com","Rampling, Robert 29090488 29090488@sittest.com","","HPWO00091372","","",""
"COMPASS","29090488","","Approved","10/05/2021","IE1-RUAT4.25.05","USA7114826","","","IE1-RUAT4.25.05","","400","","1.00","Straight Time","7089","","","COMPASS WBS","","","","","","","","","","X","","IEEU","IE1-RUAT4.25.05","8c117325-f333-4764-b420-22c3463cffa5","Agency Contractor","10/05/2021 - 16/05/2021","Ireland","29090488@sittest.com","Rampling, Robert 29090488 29090488@sittest.com","","HPWO00091372","","",""
"COMPASS","29090488","","Approved","10/05/2021","IE1-RUAT4.25.07","USA7114826","","","T10","","441","","1.00","Straight Time","7972","","","COMPASS WBS","Attribute 1","","","","","","","","","X","","IEEU","T10","a5bbbb47-fd3c-4338-bacf-bfb7e4f7d200","Agency Contractor","10/05/2021 - 16/05/2021","Ireland","29090488@sittest.com","Rampling, Robert 29090488 29090488@sittest.com","","HPWO00091372","","",""
"COMPASS","29090488","","Approved","10/05/2021","","USA7114826","","","","","799","","1.00","","7867","","","","","","","","","","","","","","","IEEU","","bd9aa809-883f-4972-93a3-20ffad091748","Agency Contractor","10/05/2021 - 16/05/2021","Ireland","29090488@sittest.com","Rampling, Robert 29090488 29090488@sittest.com","","HPWO00091372","","",""
"COMPASS","29090488","","Approved","11/05/2021","IE1-RUAT4.25.05","USA7114826","","","IE1-RUAT4.25.05","","400","","1.00","Straight Time","7971","","","COMPASS WBS","","","","","","","","","","X","","IEEU","IE1-RUAT4.25.05","21b4756d-6c1b-47f5-953b-774eb4bddf8e","Agency Contractor","10/05/2021 - 16/05/2021","Ireland","29090488@sittest.com","Rampling, Robert 29090488 29090488@sittest.com","","HPWO00091372","","",""
"COMPASS","29090488","","Approved","11/05/2021","IE1-RUAT4.25.10","USA7114826","","","T10_2","","445","","0.00","Double Time","59433","","","COMPASS WBS","Attribute 2","","","","","","","","","X","","IEEU","T10 / T10_2","18310049-ebce-4251-b676-64997097d697","Agency Contractor","10/05/2021 - 16/05/2021","Ireland","29090488@sittest.com","Rampling, Robert 29090488 29090488@sittest.com","","HPWO00091372","","",""
"COMPASS","29090488","","Approved","12/05/2021","IE1-RUAT4.25.10","USA7114826","","","T10_2","","445","","0.00","Double Time","59435","","","COMPASS WBS","Attribute 2","","","","","","","","","X","","IEEU","T10 / T10_2","1d42426c-1439-4f23-81fb-26b27e4050a3","Agency Contractor","10/05/2021 - 16/05/2021","Ireland","29090488@sittest.com","Rampling, Robert 29090488 29090488@sittest.com","","HPWO00091372","","",""
"COMPASS","29091097","","Approved","10/05/2021","IE1-DMOC1.25.05","IEEU501028","","","IE1-DMOC1.25.05","","400","","0.00","Straight Time","58944","","","COMPASS WBS","","","","","","","","","C","","","IEEU","IE1-DMOC1.25.05","98e25aa5-281b-45a9-ab10-1788e01bfbe2","Agency Contractor","10/05/2021 - 16/05/2021","Ireland","29091097@sittest.com","Wesell, Zam 29091097 29091097@sittest.com","","HPWO00091442","","",""
"COMPASS","29091097","","Approved","10/05/2021","IE1-DMOC1.25.05","IEEU501028","","","IE1-DMOC1.25.05","","400","","8.00","Straight Time","59917","",".","COMPASS WBS","","","","","","","","","C","","","IEEU","IE1-DMOC1.25.05","3f6f0b53-cd18-482b-a57d-d351893999a8","Agency Contractor","10/05/2021 - 16/05/2021","Ireland","29091097@sittest.com","Wesell, Zam 29091097 29091097@sittest.com","","HPWO00091442","","",""
"COMPASS","29091097","","Approved","11/05/2021","IE1-DMOC1.25.05","IEEU501028","","","IE1-DMOC1.25.05","","400","","0.00","Straight Time","58945","","","COMPASS WBS","","","","","","","","","C","","","IEEU","IE1-DMOC1.25.05","d435eae3-d29f-4ffc-87db-d6d312d864d8","Agency Contractor","10/05/2021 - 16/05/2021","Ireland","29091097@sittest.com","Wesell, Zam 29091097 29091097@sittest.com","","HPWO00091442","","",""
"COMPASS","29091097","","Approved","11/05/2021","IE1-DMOC1.25.05","IEEU501028","","","IE1-DMOC1.25.05","","400","","8.00","Straight Time","59918","","","COMPASS WBS","","","","","","","","","C","","","IEEU","IE1-DMOC1.25.05","7264113a-de0f-4abd-bd10-f0f0002953f1","Agency Contractor","10/05/2021 - 16/05/2021","Ireland","29091097@sittest.com","Wesell, Zam 29091097 29091097@sittest.com","","HPWO00091442","","",""
"COMPASS","29091097","","Approved","12/05/2021","IE1-DMOC1.25.05","IEEU501028","","","IE1-DMOC1.25.05","","400","","0.00","Straight Time","58946","","","COMPASS WBS","","","","","","","","","C","","","IEEU","IE1-DMOC1.25.05","81eafd5a-e653-432c-9e30-0613627f16c5","Agency Contractor","10/05/2021 - 16/05/2021","Ireland","29091097@sittest.com","Wesell, Zam 29091097 29091097@sittest.com","","HPWO00091442","","",""
"COMPASS","29091097","","Approved","12/05/2021","IE1-DMOC1.25.05","IEEU501028","","","IE1-DMOC1.25.05","","400","","8.00","Straight Time","59919","","","COMPASS WBS","","","","","","","","","C","","","IEEU","IE1-DMOC1.25.05","f11dc024-18bd-42b2-81ac-9e23a45fd88c","Agency Contractor","10/05/2021 - 16/05/2021","Ireland","29091097@sittest.com","Wesell, Zam 29091097 29091097@sittest.com","","HPWO00091442","","",""
"COMPASS","29091097","","Approved","13/05/2021","IE1-DMOC1.25.05","IEEU501028","","","IE1-DMOC1.25.05","","400","","0.00","Straight Time","58947","","","COMPASS WBS","","","","","","","","","C","","","IEEU","IE1-DMOC1.25.05","144672dd-135c-494b-b510-9a13bf1929b7","Agency Contractor","10/05/2021 - 16/05/2021","Ireland","29091097@sittest.com","Wesell, Zam 29091097 29091097@sittest.com","","HPWO00091442","","",""
"COMPASS","29091097","","Approved","13/05/2021","IE1-DMOC1.25.05","IEEU501028","","","IE1-DMOC1.25.05","","400","","8.00","Straight Time","59920","","Revision Test","COMPASS WBS","","","","","","","","","C","","","IEEU","IE1-DMOC1.25.05","f2f965c9-533b-4f66-8bb3-7dd758cc7956","Agency Contractor","10/05/2021 - 16/05/2021","Ireland","29091097@sittest.com","Wesell, Zam 29091097 29091097@sittest.com","","HPWO00091442","","",""
"COMPASS","29091097","","Approved","14/05/2021","IE1-DMOC1.25.05","IEEU501028","","","IE1-DMOC1.25.05","","400","","0.00","Straight Time","58948","","","COMPASS WBS","","","","","","","","","C","","","IEEU","IE1-DMOC1.25.05","f855bf08-aac4-4896-ae47-8474dba719d7","Agency Contractor","10/05/2021 - 16/05/2021","Ireland","29091097@sittest.com","Wesell, Zam 29091097 29091097@sittest.com","","HPWO00091442","","",""
"COMPASS","29091097","","Approved","14/05/2021","","IEEU501028","","","","","799","","0.00","","58950","","","","","","","","","","","","","","","IEEU","","c813ce8e-784c-4620-a15c-f83070518bb4","Agency Contractor","10/05/2021 - 16/05/2021","Ireland","29091097@sittest.com","Wesell, Zam 29091097 29091097@sittest.com","","HPWO00091442","","",""
"COMPASS","29091097","","Approved","14/05/2021","","IEEU501028","","","","","799","","2.00","","59923","","","","","","","","","","","","","","","IEEU","","d2a8a4f2-a335-4f07-8598-6de40af4662c","Agency Contractor","10/05/2021 - 16/05/2021","Ireland","29091097@sittest.com","Wesell, Zam 29091097 29091097@sittest.com","","HPWO00091442","","",""
"COMPASS","29091097","","Approved","15/05/2021","IE1-DMOC1.25.05","IEEU501028","","","IE1-DMOC1.25.05","","400","","0.00","Straight Time","58949","","","COMPASS WBS","","","","","","","","","C","","","IEEU","IE1-DMOC1.25.05","fda74531-c8c5-48cd-bd63-d33a1bea9c70","Agency Contractor","10/05/2021 - 16/05/2021","Ireland","29091097@sittest.com","Wesell, Zam 29091097 29091097@sittest.com","","HPWO00091442","","",""
"COMPASS","29091097","","Approved","15/05/2021","IE1-DMOC1.25.05","IEEU501028","","","IE1-DMOC1.25.05","","400","","8.00","Straight Time","59921","","","COMPASS WBS","","","","","","","","","C","","","IEEU","IE1-DMOC1.25.05","a8183879-e8ed-49a6-8f18-21b1b02c6297","Agency Contractor","10/05/2021 - 16/05/2021","Ireland","29091097@sittest.com","Wesell, Zam 29091097 29091097@sittest.com","","HPWO00091442","","",""
"COMPASS","29091097","","Approved","16/05/2021","IE1-DMOC1.25.05","IEEU501028","","","IE1-DMOC1.25.05","","400","","8.00","Straight Time","59922","","","COMPASS WBS","","","","","","","","","C","","","IEEU","IE1-DMOC1.25.05","509b8b40-d960-4b5e-ba8c-ec4c547bba2c","Agency Contractor","10/05/2021 - 16/05/2021","Ireland","29091097@sittest.com","Wesell, Zam 29091097 29091097@sittest.com","","HPWO00091442","","",""
"COMPASS","29091097","","Approved","17/05/2021","IE1-DMOC1.25.05","IEEU501028","","","IE1-DMOC1.25.05","","400","","8.00","Straight Time","59940","","","COMPASS WBS","","","","","","","","","C","","","IEEU","IE1-DMOC1.25.05","d2e0d86b-e936-4e87-9c1e-56d392999b71","Agency Contractor","17/05/2021 - 23/05/2021","Ireland","29091097@sittest.com","Wesell, Zam 29091097 29091097@sittest.com","","HPWO00091442","","",""
"COMPASS","29091100","","Approved","10/05/2021","IE1-DMOC1.25.05","IEEU501028","","","IE1-DMOC1.25.05","","400","","4.00","Straight Time","60149","","","COMPASS WBS","","","","","","","","","C","","","IEEU","IE1-DMOC1.25.05","a5363518-49f6-4e66-92a7-fbecd62d90a0","Agency Contractor","10/05/2021 - 16/05/2021","Ireland","29091100@sittest.com","We, Taun 29091100 29091100@sittest.com","","HPWO00091498","","",""
"COMPASS","29091100","","Approved","11/05/2021","","IEEU501028","","","","","799","","4.00","","60150","","","","","","","","","","","","","","","IEEU","","fa51af2c-02d6-4cad-9154-793aff2ddb97","Agency Contractor","10/05/2021 - 16/05/2021","Ireland","29091100@sittest.com","We, Taun 29091100 29091100@sittest.com","","HPWO00091498","","",""
"COMPASS","29091114","","Approved","10/05/2021","IE1-DMOC1.25.05","IEEU501028","","","IE1-DMOC1.25.05","","400","","2.00","Overtime","59146","","","COMPASS WBS","","","","","","","","","C","","","IEEU","IE1-DMOC1.25.05","7be82fee-fe04-413c-88a5-aa3303c46fe3","Agency Contractor","10/05/2021 - 16/05/2021","Ireland","29091114@sittest.com","Brown, Lavender 29091114 29091114@sittest.com","","HPWO00091457","","",""
"COMPASS","29091114","","Approved","10/05/2021","IE1-DMOC1.25.05","IEEU501028","","","IE1-DMOC1.25.05","","400","","8.00","Straight Time","59141","","","COMPASS WBS","","","","","","","","","C","","","IEEU","IE1-DMOC1.25.05","8d23d114-c58e-4d26-b3fe-4601e06d378a","Agency Contractor","10/05/2021 - 16/05/2021","Ireland","29091114@sittest.com","Brown, Lavender 29091114 29091114@sittest.com","","HPWO00091457","","",""
"COMPASS","29091114","","Approved","11/05/2021","IE1-DMOC1.25.05","IEEU501028","","","IE1-DMOC1.25.05","","400","","2.00","Overtime","59147","","","COMPASS WBS","","","","","","","","","C","","","IEEU","IE1-DMOC1.25.05","f7e4f49f-55d7-4b43-b74f-25593e26401c","Agency Contractor","10/05/2021 - 16/05/2021","Ireland","29091114@sittest.com","Brown, Lavender 29091114 29091114@sittest.com","","HPWO00091457","","",""
"COMPASS","29091114","","Approved","11/05/2021","IE1-DMOC1.25.05","IEEU501028","","","IE1-DMOC1.25.05","","400","","8.00","Straight Time","59142","","","COMPASS WBS","","","","","","","","","C","","","IEEU","IE1-DMOC1.25.05","aaeb64cd-3a26-46de-bddf-3e5659612a58","Agency Contractor","10/05/2021 - 16/05/2021","Ireland","29091114@sittest.com","Brown, Lavender 29091114 29091114@sittest.com","","HPWO00091457","","",""
"COMPASS","29091114","","Approved","12/05/2021","IE1-DMOC1.25.05","IEEU501028","","","IE1-DMOC1.25.05","","400","","2.00","Overtime","59148","","","COMPASS WBS","","","","","","","","","C","","","IEEU","IE1-DMOC1.25.05","02a9dc9a-a524-4952-8a80-77c92a0e0fa3","Agency Contractor","10/05/2021 - 16/05/2021","Ireland","29091114@sittest.com","Brown, Lavender 29091114 29091114@sittest.com","","HPWO00091457","","",""
"COMPASS","29091114","","Approved","12/05/2021","IE1-DMOC1.25.05","IEEU501028","","","IE1-DMOC1.25.05","","400","","8.00","Straight Time","59143","","","COMPASS WBS","","","","","","","","","C","","","IEEU","IE1-DMOC1.25.05","4483b6a4-2bf6-4556-ab88-bb8e445b2beb","Agency Contractor","10/05/2021 - 16/05/2021","Ireland","29091114@sittest.com","Brown, Lavender 29091114 29091114@sittest.com","","HPWO00091457","","",""
"COMPASS","29091114","","Approved","13/05/2021","IE1-DMOC1.25.05","IEEU501028","","","IE1-DMOC1.25.05","","400","","2.00","Overtime","59149","","","COMPASS WBS","","","","","","","","","C","","","IEEU","IE1-DMOC1.25.05","494dad2f-26ba-42c6-bd04-0c115c2e79d3","Agency Contractor","10/05/2021 - 16/05/2021","Ireland","29091114@sittest.com","Brown, Lavender 29091114 29091114@sittest.com","","HPWO00091457","","",""
"COMPASS","29091114","","Approved","13/05/2021","IE1-DMOC1.25.05","IEEU501028","","","IE1-DMOC1.25.05","","400","","8.00","Straight Time","59144","","","COMPASS WBS","","","","","","","","","C","","","IEEU","IE1-DMOC1.25.05","3e109eab-eda4-498b-a672-e59edd8c567a","Agency Contractor","10/05/2021 - 16/05/2021","Ireland","29091114@sittest.com","Brown, Lavender 29091114 29091114@sittest.com","","HPWO00091457","","",""
"COMPASS","29091114","","Approved","14/05/2021","IE1-DMOC1.25.05","IEEU501028","","","IE1-DMOC1.25.05","","400","","2.00","Overtime","59150","","","COMPASS WBS","","","","","","","","","C","","","IEEU","IE1-DMOC1.25.05","eb0054fb-b7da-4e1e-ab62-3fb0ea261122","Agency Contractor","10/05/2021 - 16/05/2021","Ireland","29091114@sittest.com","Brown, Lavender 29091114 29091114@sittest.com","","HPWO00091457","","",""
"COMPASS","29091114","","Approved","14/05/2021","IE1-DMOC1.25.05","IEEU501028","","","IE1-DMOC1.25.05","","400","","8.00","Straight Time","59145","","","COMPASS WBS","","","","","","","","","C","","","IEEU","IE1-DMOC1.25.05","e18a6533-bbdb-4b7b-b123-d39f0c970e79","Agency Contractor","10/05/2021 - 16/05/2021","Ireland","29091114@sittest.com","Brown, Lavender 29091114 29091114@sittest.com","","HPWO00091457","","",""
"COMPASS","29091115","","Approved","10/05/2021","IE1-DMOC1.25.05","IEEU501028","","","IE1-DMOC1.25.05","","400","","8.00","Overtime","59156","","","COMPASS WBS","","","","","","","","","C","","","IEEU","IE1-DMOC1.25.05","2478c578-5665-4ea2-8a56-dec1239f3a2b","Agency Contractor","10/05/2021 - 16/05/2021","Ireland","29091115@sittest.com","Chang, Cho 29091115 29091115@sittest.com","","HPWO00091458","","",""
"COMPASS","29091115","","Approved","10/05/2021","IE1-DMOC1.25.05","IEEU501028","","","IE1-DMOC1.25.05","","400","","8.00","Straight Time","59151","","","COMPASS WBS","","","","","","","","","C","","","IEEU","IE1-DMOC1.25.05","b28614cc-dda9-48fd-b116-f587db143295","Agency Contractor","10/05/2021 - 16/05/2021","Ireland","29091115@sittest.com","Chang, Cho 29091115 29091115@sittest.com","","HPWO00091458","","",""
"COMPASS","29091115","","Approved","11/05/2021","IE1-DMOC1.25.05","IEEU501028","","","IE1-DMOC1.25.05","","400","","8.00","Overtime","59157","","","COMPASS WBS","","","","","","","","","C","","","IEEU","IE1-DMOC1.25.05","5c8ef6e7-4069-4258-8d39-73ca6cfecc4b","Agency Contractor","10/05/2021 - 16/05/2021","Ireland","29091115@sittest.com","Chang, Cho 29091115 29091115@sittest.com","","HPWO00091458","","",""
"COMPASS","29091115","","Approved","11/05/2021","IE1-DMOC1.25.05","IEEU501028","","","IE1-DMOC1.25.05","","400","","8.00","Straight Time","59152","","","COMPASS WBS","","","","","","","","","C","","","IEEU","IE1-DMOC1.25.05","4f3d7ce9-829c-4c9f-9aa6-ac1dae19b8d7","Agency Contractor","10/05/2021 - 16/05/2021","Ireland","29091115@sittest.com","Chang, Cho 29091115 29091115@sittest.com","","HPWO00091458","","",""
"COMPASS","29091115","","Approved","12/05/2021","IE1-DMOC1.25.05","IEEU501028","","","IE1-DMOC1.25.05","","400","","8.00","Overtime","59158","","","COMPASS WBS","","","","","","","","","C","","","IEEU","IE1-DMOC1.25.05","76f8a9a1-9e8a-4576-8975-031b533b1ed5","Agency Contractor","10/05/2021 - 16/05/2021","Ireland","29091115@sittest.com","Chang, Cho 29091115 29091115@sittest.com","","HPWO00091458","","",""
"COMPASS","29091115","","Approved","12/05/2021","IE1-DMOC1.25.05","IEEU501028","","","IE1-DMOC1.25.05","","400","","8.00","Straight Time","59153","","","COMPASS WBS","","","","","","","","","C","","","IEEU","IE1-DMOC1.25.05","4794583f-ff04-47ec-8b9f-88b77bcca0c9","Agency Contractor","10/05/2021 - 16/05/2021","Ireland","29091115@sittest.com","Chang, Cho 29091115 29091115@sittest.com","","HPWO00091458","","",""
"COMPASS","29091115","","Approved","13/05/2021","IE1-DMOC1.25.05","IEEU501028","","","IE1-DMOC1.25.05","","400","","8.00","Overtime","59159","","","COMPASS WBS","","","","","","","","","C","","","IEEU","IE1-DMOC1.25.05","7f80fc9e-6302-493e-aab2-2778387c9144","Agency Contractor","10/05/2021 - 16/05/2021","Ireland","29091115@sittest.com","Chang, Cho 29091115 29091115@sittest.com","","HPWO00091458","","",""
"COMPASS","29091115","","Approved","13/05/2021","IE1-DMOC1.25.05","IEEU501028","","","IE1-DMOC1.25.05","","400","","8.00","Straight Time","59154","","","COMPASS WBS","","","","","","","","","C","","","IEEU","IE1-DMOC1.25.05","d89c70e7-60fb-4deb-af23-bfe40b565608","Agency Contractor","10/05/2021 - 16/05/2021","Ireland","29091115@sittest.com","Chang, Cho 29091115 29091115@sittest.com","","HPWO00091458","","",""
"COMPASS","29091115","","Approved","14/05/2021","IE1-DMOC1.25.05","IEEU501028","","","IE1-DMOC1.25.05","","400","","8.00","Overtime","59160","","","COMPASS WBS","","","","","","","","","C","","","IEEU","IE1-DMOC1.25.05","17e8e71f-85af-4eb4-b31f-af10d231d72e","Agency Contractor","10/05/2021 - 16/05/2021","Ireland","29091115@sittest.com","Chang, Cho 29091115 29091115@sittest.com","","HPWO00091458","","",""
"COMPASS","29091115","","Approved","14/05/2021","IE1-DMOC1.25.05","IEEU501028","","","IE1-DMOC1.25.05","","400","","8.00","Straight Time","59155","","","COMPASS WBS","","","","","","","","","C","","","IEEU","IE1-DMOC1.25.05","2718f5e0-111a-44d4-8f3f-78c46528a12b","Agency Contractor","10/05/2021 - 16/05/2021","Ireland","29091115@sittest.com","Chang, Cho 29091115 29091115@sittest.com","","HPWO00091458","","",""
"COMPASS","29091627","99111009","Approved","19/07/2021","US1-IWO65.01.01.04.65","USA7524376","NO BILL|Billable","","","","400","","3.00","Straight Time","87953","","","COMPASS WBS","","","","","","","","","C","X","R-010020407.0151","USA7","","5344fa30-95e1-4cac-86b7-906e669a0ae7","Agency Contractor","19/07/2021 - 25/07/2021","United States of America","29091627@sittest.com","BRADLEY, BLOHM 29091627 29091627@sittest.com","","HPWO00091547","","",""
"COMPASS","29091627","99111009","Approved","20/07/2021","US1-IWO65.01.01.04.65","USA7524376","NO BILL|Billable","","","","400","","3.00","Double Time","87954","","","COMPASS WBS","","","","","","","","","C","X","R-010020407.0151","USA7","","4939f2a3-a926-499f-8d3c-dd400f59eb33","Agency Contractor","19/07/2021 - 25/07/2021","United States of America","29091627@sittest.com","BRADLEY, BLOHM 29091627 29091627@sittest.com","","HPWO00091547","","",""
"COMPASS","29091627","99111009","Approved","21/07/2021","US1-IWO65.01.01.04.65","USA7524376","NO BILL|Billable","","","","400","","2.00","Straight Time","97351","","Cr&rebill","COMPASS WBS","","","","","","","","","C","X","R-010020407.0151","USA7","","c33202d1-bcb8-495f-9c9c-c39b96d92522","Agency Contractor","19/07/2021 - 25/07/2021","United States of America","29091627@sittest.com","BRADLEY, BLOHM 29091627 29091627@sittest.com","","HPWO00091547","","",""
"COMPASS","29091627","99111009","Approved","26/07/2021","US1-DMOC1.25.07","USA7524376","","","TEST1","","400","","1.00","Straight Time","90960","","","COMPASS WBS","Attribute 1","","","","","","","","C","","","USA7","TEST1","861ec484-dd35-4566-8566-38df7592e945","Agency Contractor","26/07/2021 - 01/08/2021","United States of America","29091627@sittest.com","BRADLEY, BLOHM 29091627 29091627@sittest.com","","HPWO00091547","","",""
"COMPASS","29091627","99111009","Approved","27/07/2021","US1-DMOC1.25.07","USA7524376","","","TEST1","","400","","2.00","Straight Time","90961","","","COMPASS WBS","Attribute 1","","","","","","","","C","","","USA7","TEST1","4783d348-b83c-4b11-9953-1df7ef712cd2","Agency Contractor","26/07/2021 - 01/08/2021","United States of America","29091627@sittest.com","BRADLEY, BLOHM 29091627 29091627@sittest.com","","HPWO00091547","","",""
"COMPASS","29091627","99111009","Approved","24/08/2021","US1-IWO65.01.01.04.65","USA7524376","NO BILL|Billable","","","","400","","5.00","Straight Time","98612","","","COMPASS WBS","","","","","","","","","C","X","R-010020407.0151","USA7","","64e6b511-4d92-4088-9fc7-e2771f9d2a65","Agency Contractor","23/08/2021 - 29/08/2021","United States of America","29091627@sittest.com","BRADLEY, BLOHM 29091627 29091627@sittest.com","","HPWO00091547","","",""
"COMPASS","29091628","","Approved","19/07/2021","CA1-DMOC1.25.05","USA7524376","","","","","400","","4.00","Straight Time","91819","","FSS IC test","COMPASS WBS","","","","","","","","","C","","X1-00003.505","USA7","","f92b1b0f-a2f5-4bc9-b319-94fb6b503a79","Agency Contractor","19/07/2021 - 25/07/2021","United States of America","29091628@sittest.com","Lyndsy, Hatfield 29091628 29091628@sittest.com","","HPWO00091548","","",""
"COMPASS","29091628","","Approved","20/07/2021","CA1-DMOC1.25.05","USA7524376","","","","","400","","4.00","Double Time","91820","","FSS IC test","COMPASS WBS","","","","","","","","","C","","X1-00003.505","USA7","","8dfec08d-0976-45cf-aaf6-15f080e70533","Agency Contractor","19/07/2021 - 25/07/2021","United States of America","29091628@sittest.com","Lyndsy, Hatfield 29091628 29091628@sittest.com","","HPWO00091548","","",""
"COMPASS","29091628","","Approved","21/07/2021","CA1-DMOC1.25.05","USA7524376","","","","","400","","4.00","Overtime","91821","","FSS IC test","COMPASS WBS","","","","","","","","","C","","X1-00003.505","USA7","","5e0c9a42-9f13-40cc-84d4-eb314d0cdae0","Agency Contractor","19/07/2021 - 25/07/2021","United States of America","29091628@sittest.com","Lyndsy, Hatfield 29091628 29091628@sittest.com","","HPWO00091548","","",""
"COMPASS","29091628","","Approved","02/08/2021","CA1-DMOC1.25.05","USA7524376","","","8106683","","433","","0.00","Straight Time","93260","","","COMPASS WBS","","","","","","","","","C","","X1-00003.505","USA7","8106683","4ddf7e4b-7b9d-4000-a7e9-76b81dd47929","Agency Contractor","02/08/2021 - 08/08/2021","United States of America","29091628@sittest.com","Lyndsy, Hatfield 29091628 29091628@sittest.com","","HPWO00091548","","",""
"COMPASS","29091628","","Approved","02/08/2021","US1-DMOC1.25.07","USA7524376","","","TEST 2","","400","","0.00","Straight Time","91171","","","COMPASS WBS","Attribute 2","","","","","","","","C","","","USA7","TEST1 / TEST 2","1c112d65-c879-454f-a520-47dd867e5b59","Agency Contractor","02/08/2021 - 08/08/2021","United States of America","29091628@sittest.com","Lyndsy, Hatfield 29091628 29091628@sittest.com","","HPWO00091548","","",""
"COMPASS","29091628","","Approved","02/08/2021","","USA7524376","","","","","799","","7.00","","91179","","","","","","","","","","","","","","","USA7","","e4bdeb20-b844-4df5-8d7c-a00865ff08b1","Agency Contractor","02/08/2021 - 08/08/2021","United States of America","29091628@sittest.com","Lyndsy, Hatfield 29091628 29091628@sittest.com","","HPWO00091548","","",""
"COMPASS","29091628","","Approved","03/08/2021","","USA7524376","","","","","799","","7.00","","92661","","","","","","","","","","","","","","","USA7","","0346f428-9ff1-4da6-ba6b-a6813a6b8087","Agency Contractor","02/08/2021 - 08/08/2021","United States of America","29091628@sittest.com","Lyndsy, Hatfield 29091628 29091628@sittest.com","","HPWO00091548","","",""
"COMPASS","29091628","","Approved","04/08/2021","CA1-DMOC1.25.05","USA7524376","","","8106683","","422","","2.00","Overtime","93262","","","COMPASS WBS","","","","","","","","","C","","X1-00003.505","USA7","8106683","2ec45a7d-b7cf-43a9-87bf-223cac410234","Agency Contractor","02/08/2021 - 08/08/2021","United States of America","29091628@sittest.com","Lyndsy, Hatfield 29091628 29091628@sittest.com","","HPWO00091548","","",""
"COMPASS","29091628","","Approved","04/08/2021","CA1-DMOC1.25.05","USA7524376","","","8106683","","431","","5.00","Double Time","93263","","","COMPASS WBS","","","","","","","","","C","","X1-00003.505","USA7","8106683","6b4151bd-0c06-445e-80f8-60e8acd7d094","Agency Contractor","02/08/2021 - 08/08/2021","United States of America","29091628@sittest.com","Lyndsy, Hatfield 29091628 29091628@sittest.com","","HPWO00091548","","",""
"COMPASS","29091628","","Approved","04/08/2021","CA1-DMOC1.25.05","USA7524376","","","8106683","","433","","1.00","Straight Time","93261","","","COMPASS WBS","","","","","","","","","C","","X1-00003.505","USA7","8106683","e1090795-471f-4fc2-8ea7-e5d1cfce3474","Agency Contractor","02/08/2021 - 08/08/2021","United States of America","29091628@sittest.com","Lyndsy, Hatfield 29091628 29091628@sittest.com","","HPWO00091548","","",""
"COMPASS","29091628","","Approved","04/08/2021","DE1-DMOC1.25.01","USA7524376","","","","","414","","2.00","Straight Time","93279","","","COMPASS WBS","","","","","","","","","C","","","USA7","","5fc75e1a-28b0-486a-a3f1-6484d049b6b1","Agency Contractor","02/08/2021 - 08/08/2021","United States of America","29091628@sittest.com","Lyndsy, Hatfield 29091628 29091628@sittest.com","","HPWO00091548","","",""
"COMPASS","29091628","","Approved","05/08/2021","US1-DMOC1.25.07","USA7524376","","","TEST 2","","799","","0.00","Overtime","93290","","","COMPASS WBS","Attribute 1","","","","","","","","C","","","USA7","TEST 2","c80e97f1-91ab-49fb-8c89-ce6c30a9d515","Agency Contractor","02/08/2021 - 08/08/2021","United States of America","29091628@sittest.com","Lyndsy, Hatfield 29091628 29091628@sittest.com","","HPWO00091548","","",""
"COMPASS","29091634","","Approved","26/07/2021","AU1-DMOC1.25.06","AUES500011","","","","","400","","4.00","Straight Time","98455","","1","COMPASS WBS","","","","","","","","","C","","","AUES","","d85bb08e-ae8d-45b5-9d08-6378bb4d1369","Agency Contractor","26/07/2021 - 01/08/2021","Australia","29091634@sittest.com","Robert, Henson 29091634 29091634@sittest.com","","HPWO00091540","","",""
"COMPASS","29091634","","Approved","27/07/2021","AU1-DMOC1.25.06","AUES500011","","","","","400","","4.00","Straight Time","98456","","1","COMPASS WBS","","","","","","","","","C","","","AUES","","911142b2-8360-41cf-bf68-e82cbcae0e7d","Agency Contractor","26/07/2021 - 01/08/2021","Australia","29091634@sittest.com","Robert, Henson 29091634 29091634@sittest.com","","HPWO00091540","","",""
"COMPASS","29091634","","Approved","02/08/2021","RU1-AN001.10.01.02","AUES500011","","","","","401","","2.00","Straight Time","98650","","","COMPASS WBS","","","","","","","","","C","","","AUES","","2174f495-b2b1-4f67-b982-d8972f38fb74","Agency Contractor","02/08/2021 - 08/08/2021","Australia","29091634@sittest.com","Robert, Henson 29091634 29091634@sittest.com","","HPWO00091540","","",""
"COMPASS","29091634","","Approved","03/08/2021","RU1-AN001.10.01.02","AUES500011","","","","","401","","2.00","Straight Time","98651","","","COMPASS WBS","","","","","","","","","C","","","AUES","","c80f9169-14cb-4144-9ff4-0ba4ea5b84a7","Agency Contractor","02/08/2021 - 08/08/2021","Australia","29091634@sittest.com","Robert, Henson 29091634 29091634@sittest.com","","HPWO00091540","","",""
"COMPASS","29091634","","Approved","30/08/2021","AU1-DMOC1.25.01","AUES500011","","","08012","","400","","2.00","Straight Time","100544","","","COMPASS WBS","Attribute 1","","","","","","","","C","","","AUES","08012","5fbda21f-ac23-47cd-8284-9382e493c127","Agency Contractor","30/08/2021 - 05/09/2021","Australia","29091634@sittest.com","Robert, Henson 29091634 29091634@sittest.com","","HPWO00091540","","",""
"COMPASS","29091634","","Approved","06/09/2021","AU1-DMOC1.25.01","AUES500011","","","0811","","400","","1.00","Straight Time","100547","","","COMPASS WBS","Attribute 1","","","","","","","","C","","","AUES","0811","3fdc8dbe-6a1c-4ca8-a349-29beca04cbbe","Agency Contractor","06/09/2021 - 12/09/2021","Australia","29091634@sittest.com","Robert, Henson 29091634 29091634@sittest.com","","HPWO00091540","","",""
"COMPASS","29091634","","Approved","06/09/2021","AU1-DMOC1.25.01","AUES500011","","","ES-614865-42055788","","400","","0.00","Straight Time","100548","","","COMPASS WBS","PPMC Project & Task","","","","","","","","C","","","AUES","08012 / ES-614865-42055788","fc6844e6-f42d-4ea8-bfb0-dc07dc3b710b","Agency Contractor","06/09/2021 - 12/09/2021","Australia","29091634@sittest.com","Robert, Henson 29091634 29091634@sittest.com","","HPWO00091540","","",""
"COMPASS","29091634","","Approved","07/09/2021","AU1-DMOC1.25.01","AUES500011","","","ES-614865-42055788","","400","","2.00","Straight Time","100549","","testing PPMC update","COMPASS WBS","PPMC Project & Task","","","","","","","","C","","","AUES","08012 / ES-614865-42055788","66612399-9b7e-43a9-8f85-b69a6b36a8a7","Agency Contractor","06/09/2021 - 12/09/2021","Australia","29091634@sittest.com","Robert, Henson 29091634 29091634@sittest.com","","HPWO00091540","","",""
"COMPASS","29091634","","Approved","08/09/2021","AU1-DMOC1.25.01","AUES500011","","","ES-614865-42055788","","400","","0.00","Straight Time","100997","","","COMPASS WBS","PPMC Project & Task","","","","","","","","C","","","AUES","08012 / ES-614865-42055788","575b3e3d-3d3f-4492-98fe-e857afc70973","Agency Contractor","06/09/2021 - 12/09/2021","Australia","29091634@sittest.com","Robert, Henson 29091634 29091634@sittest.com","","HPWO00091540","","",""
"COMPASS","29091634","","Approved","20/09/2021","AU1-DMOC1.25.07","AUES500011","","","TEST1","","400","","3.00","Straight Time","102836","","","COMPASS WBS","Attribute 1","","","","","","","","C","","","AUES","TEST1","80a100d2-47f2-4abd-bf46-e9e8d1cca34f","Agency Contractor","20/09/2021 - 26/09/2021","Australia","29091634@sittest.com","Robert, Henson 29091634 29091634@sittest.com","","HPWO00091540","","",""
"COMPASS","29091634","","Approved","21/09/2021","AU1-DMOC1.25.07","AUES500011","","","TEST1","","400","","4.00","Straight Time","102837","","","COMPASS WBS","Attribute 1","","","","","","","","C","","","AUES","TEST1","89e14e9f-7c75-483b-aeac-f196edcc5e1d","Agency Contractor","20/09/2021 - 26/09/2021","Australia","29091634@sittest.com","Robert, Henson 29091634 29091634@sittest.com","","HPWO00091540","","",""
"COMPASS","29091634","","Approved","22/09/2021","AU1-DMOC1.25.07","AUES500011","","","TEST1","","400","","4.00","Straight Time","102838","","","COMPASS WBS","Attribute 1","","","","","","","","C","","","AUES","TEST1","fc57538d-9a87-4723-bc58-cf6b508f8912","Agency Contractor","20/09/2021 - 26/09/2021","Australia","29091634@sittest.com","Robert, Henson 29091634 29091634@sittest.com","","HPWO00091540","","",""
"COMPASS","29091634","","Approved","23/09/2021","AU1-DMOC1.25.07","AUES500011","","","TEST1","","400","","4.00","Straight Time","102839","","","COMPASS WBS","Attribute 1","","","","","","","","C","","","AUES","TEST1","55554a91-a9be-49aa-9b4c-f91338ddde0a","Agency Contractor","20/09/2021 - 26/09/2021","Australia","29091634@sittest.com","Robert, Henson 29091634 29091634@sittest.com","","HPWO00091540","","",""
"COMPASS","29091634","","Approved","24/09/2021","AU1-DMOC1.25.07","AUES500011","","","TEST1","","400","","4.00","Straight Time","102840","","","COMPASS WBS","Attribute 1","","","","","","","","C","","","AUES","TEST1","b9bad8cf-868d-4dce-a7ea-f177c4ee2c7f","Agency Contractor","20/09/2021 - 26/09/2021","Australia","29091634@sittest.com","Robert, Henson 29091634 29091634@sittest.com","","HPWO00091540","","",""
"COMPASS","29091634","","Approved","20/12/2021","AU1-DMOC1.25.01","AUES500011","","","ES-614865-42055788","","400","","1.00","Straight Time","149172","","","COMPASS WBS","PPMC Project & Task","","","","","","","","C","","","AUES","08012 / ES-614865-42055788","b704b291-aaf5-48de-99db-ed2055b2080d","Agency Contractor","20/12/2021 - 26/12/2021","Australia","29091634@sittest.com","Robert, Henson 29091634 29091634@sittest.com","","HPWO00091540","","",""
"COMPASS","29091642","","Approved","09/08/2021","ES1-1AT01.10.27.01","DEET509239","","","ST1","","400","","8.00","Double Time","98161","","","COMPASS WBS","Attribute 2","","","","","","","","","","","DEET","T1 / ST1","4cbc1a3b-12e4-4e57-ba84-07181de0bef0","Agency Contractor","09/08/2021 - 15/08/2021","Germany","29091642@sittest.com","Corey, Raudenbush 29091642 29091642@sittest.com","","HPWO00091556","","",""
"COMPASS","29091642","","Approved","10/08/2021","ES1-1AT01.10.27.01","DEET509239","","","ST1","","400","","4.00","Double Time","98162","","","COMPASS WBS","Attribute 2","","","","","","","","","","","DEET","T1 / ST1","50b38608-2fa7-4577-b7dc-ea209c8f09aa","Agency Contractor","09/08/2021 - 15/08/2021","Germany","29091642@sittest.com","Corey, Raudenbush 29091642 29091642@sittest.com","","HPWO00091556","","",""
"COMPASS","29091642","","Approved","11/08/2021","ES1-1AT01.10.27.01","DEET509239","","","ST1","","400","","4.00","Double Time","98163","","","COMPASS WBS","Attribute 2","","","","","","","","","","","DEET","T1 / ST1","b5a30a23-681c-4f5f-bc9a-ac3c801b7686","Agency Contractor","09/08/2021 - 15/08/2021","Germany","29091642@sittest.com","Corey, Raudenbush 29091642 29091642@sittest.com","","HPWO00091556","","",""
"COMPASS","29091642","","Approved","12/08/2021","ES1-1AT01.10.27.01","DEET509239","","","ST1","","400","","4.00","Double Time","98164","","","COMPASS WBS","Attribute 2","","","","","","","","","","","DEET","T1 / ST1","7f0398d4-7d01-464b-a2c2-a0300e36aa4c","Agency Contractor","09/08/2021 - 15/08/2021","Germany","29091642@sittest.com","Corey, Raudenbush 29091642 29091642@sittest.com","","HPWO00091556","","",""
"COMPASS","29091642","","Approved","13/08/2021","ES1-1AT01.10.27.01","DEET509239","","","ST1","","400","","4.00","Double Time","98165","","","COMPASS WBS","Attribute 2","","","","","","","","","","","DEET","T1 / ST1","44ef42f2-bc91-431f-9207-cd44c69c7465","Agency Contractor","09/08/2021 - 15/08/2021","Germany","29091642@sittest.com","Corey, Raudenbush 29091642 29091642@sittest.com","","HPWO00091556","","",""
"COMPASS","29091642","","Approved","16/08/2021","DE1-DMOC1.41.01","DEET509239","","","test","","414","","4.00","Straight Time","98873","","","COMPASS WBS","","","","","","","","","C","","X1-00003.001","DEET","test","dd7c6d60-2db9-45ec-9b67-96db040d317b","Agency Contractor","16/08/2021 - 22/08/2021","Germany","29091642@sittest.com","Corey, Raudenbush 29091642 29091642@sittest.com","","HPWO00091556","","",""
"COMPASS","29091642","","Approved","16/08/2021","ES1-1AT01.10.27.01","DEET509239","","","ST1","","400","","4.00","Straight Time","98156","","","COMPASS WBS","Attribute 2","","","","","","","","","","","DEET","T1 / ST1","5706d6f4-c85c-4752-97b5-f1d720819ef6","Agency Contractor","16/08/2021 - 22/08/2021","Germany","29091642@sittest.com","Corey, Raudenbush 29091642 29091642@sittest.com","","HPWO00091556","","",""
"COMPASS","29091642","","Approved","17/08/2021","DE1-DMOC1.41.01","DEET509239","","","test","","414","","4.00","Straight Time","98874","","","COMPASS WBS","","","","","","","","","C","","X1-00003.001","DEET","test","cf0263b6-ff32-4be7-ba37-3c2e34aa1cb3","Agency Contractor","16/08/2021 - 22/08/2021","Germany","29091642@sittest.com","Corey, Raudenbush 29091642 29091642@sittest.com","","HPWO00091556","","",""
"COMPASS","29091642","","Approved","17/08/2021","ES1-1AT01.10.27.01","DEET509239","","","ST1","","400","","4.00","Straight Time","98157","","","COMPASS WBS","Attribute 2","","","","","","","","","","","DEET","T1 / ST1","1572d12d-d5cf-4810-b2a7-bb3948c9beab","Agency Contractor","16/08/2021 - 22/08/2021","Germany","29091642@sittest.com","Corey, Raudenbush 29091642 29091642@sittest.com","","HPWO00091556","","",""
"COMPASS","29091642","","Approved","18/08/2021","DE1-DMOC1.41.01","DEET509239","","","test","","414","","4.00","Straight Time","98875","","","COMPASS WBS","","","","","","","","","C","","X1-00003.001","DEET","test","22aa989d-6f85-4625-8681-4e18cfe79f06","Agency Contractor","16/08/2021 - 22/08/2021","Germany","29091642@sittest.com","Corey, Raudenbush 29091642 29091642@sittest.com","","HPWO00091556","","",""
"COMPASS","29091642","","Approved","18/08/2021","ES1-1AT01.10.27.01","DEET509239","","","ST1","","400","","4.00","Straight Time","98158","","","COMPASS WBS","Attribute 2","","","","","","","","","","","DEET","T1 / ST1","58934259-c5dc-46eb-b70f-a7c0dcaa3343","Agency Contractor","16/08/2021 - 22/08/2021","Germany","29091642@sittest.com","Corey, Raudenbush 29091642 29091642@sittest.com","","HPWO00091556","","",""
"COMPASS","29091642","","Approved","19/08/2021","DE1-DMOC1.41.01","DEET509239","","","test","","414","","4.00","Straight Time","98876","","","COMPASS WBS","","","","","","","","","C","","X1-00003.001","DEET","test","d1daee12-0155-4b7a-b33c-42248c3fcb85","Agency Contractor","16/08/2021 - 22/08/2021","Germany","29091642@sittest.com","Corey, Raudenbush 29091642 29091642@sittest.com","","HPWO00091556","","",""
"COMPASS","29091642","","Approved","19/08/2021","ES1-1AT01.10.27.01","DEET509239","","","ST1","","400","","4.00","Straight Time","98159","","","COMPASS WBS","Attribute 2","","","","","","","","","","","DEET","T1 / ST1","3e6c48cf-a995-4e47-b96b-a47193e95f41","Agency Contractor","16/08/2021 - 22/08/2021","Germany","29091642@sittest.com","Corey, Raudenbush 29091642 29091642@sittest.com","","HPWO00091556","","",""
"COMPASS","29091642","","Approved","20/08/2021","DE1-DMOC1.41.01","DEET509239","","","test","","414","","4.00","Straight Time","98877","","","COMPASS WBS","","","","","","","","","C","","X1-00003.001","DEET","test","07fcd489-6905-4c40-8f68-ed3d836aabeb","Agency Contractor","16/08/2021 - 22/08/2021","Germany","29091642@sittest.com","Corey, Raudenbush 29091642 29091642@sittest.com","","HPWO00091556","","",""
"COMPASS","29091642","","Approved","20/08/2021","ES1-1AT01.10.27.01","DEET509239","","","ST1","","400","","4.00","Straight Time","98160","","","COMPASS WBS","Attribute 2","","","","","","","","","","","DEET","T1 / ST1","22057c9c-fb65-4cbe-a285-28db95f2ccd3","Agency Contractor","16/08/2021 - 22/08/2021","Germany","29091642@sittest.com","Corey, Raudenbush 29091642 29091642@sittest.com","","HPWO00091556","","",""
"COMPASS","29091642","","Approved","23/08/2021","DE1-DMOC1.25.01","DEET509239","","","","","400","","4.00","Straight Time","98176","","","COMPASS WBS","","","","","","","","","C","","","DEET","","4dde5a1a-2e0f-480c-96be-52945fb91cea","Agency Contractor","23/08/2021 - 29/08/2021","Germany","29091642@sittest.com","Corey, Raudenbush 29091642 29091642@sittest.com","","HPWO00091556","","",""
"COMPASS","29091642","","Approved","23/08/2021","DE1-DMOC1.25.14","DEET509239","","","","","414","","3.00","Straight Time","98180","","","COMPASS WBS","","","","","","","","","C","","","DEET","","e60ab296-c180-4635-aae7-64c853d4c14c","Agency Contractor","23/08/2021 - 29/08/2021","Germany","29091642@sittest.com","Corey, Raudenbush 29091642 29091642@sittest.com","","HPWO00091556","","",""
"COMPASS","29091642","","Approved","24/08/2021","DE1-DMOC1.25.01","DEET509239","","","","","400","","4.00","Straight Time","98177","","","COMPASS WBS","","","","","","","","","C","","","DEET","","0be42b16-dfdf-43e2-97f0-16a869893e23","Agency Contractor","23/08/2021 - 29/08/2021","Germany","29091642@sittest.com","Corey, Raudenbush 29091642 29091642@sittest.com","","HPWO00091556","","",""
"COMPASS","29091642","","Approved","25/08/2021","DE1-DMOC1.25.01","DEET509239","","","","","400","","4.00","Straight Time","98178","","","COMPASS WBS","","","","","","","","","C","","","DEET","","18337375-5d1a-4797-95a2-3a15938606a3","Agency Contractor","23/08/2021 - 29/08/2021","Germany","29091642@sittest.com","Corey, Raudenbush 29091642 29091642@sittest.com","","HPWO00091556","","",""
"COMPASS","29091642","","Approved","26/08/2021","","DEET509239","","","","","799","","6.00","","98179","","","","","","","","","","","","","","","DEET","","2cd49960-0ddd-40a2-aa91-b18678c9b1d2","Agency Contractor","23/08/2021 - 29/08/2021","Germany","29091642@sittest.com","Corey, Raudenbush 29091642 29091642@sittest.com","","HPWO00091556","","",""
"","","","Approved","30/11/2020","","","","","","","","","8.00","","133046","1","","","","","","","","","Sick","","","","","","","","Contractor","","","user.canada","Canada, User","","","","",""
"","","","Approved","25/12/2020","","","","","","","","","8.00","","133081","238","","","","","","","","","Sick","","","","","","","","Contractor","","","user.canada","Canada, User","","","","",""
"","","","Approved","01/01/2021","","","","","","","","","8.00","","133105","272","","","","","","","","","Sick","","","","","","","","Contractor","","","user.canada","Canada, User","","","","",""
"C1","29091050","","Approved","03/05/2021","4099920","C110299951","LEGACY BILLING|Non-Billable","","4099920","","","","2.50","Straight Time","59261","","","C1 WBS","","","","","","","","SO","RV","","R-010020403.0050","1102","4099920","c2f089b5-a4c4-4ad8-8f67-bf3e9149c9dd","Agency Contractor","01/05/2021 - 07/05/2021","","29091050@sittest.com","Vader, Darth 29091050 29091050@sittest.com","0041072668","HPWO00091465","","99748600",""
"C1","29091050","","Approved","03/05/2021","R-010106878.0020","C110299951","","","R-010106878.0020","","","","4.50","Straight Time","59263","","","C1 WBS","","","","","","","","WBS","RV","","","1102","R-010106878.0020","ad58f920-1b34-4474-82cf-c9850c6f5690","Agency Contractor","01/05/2021 - 07/05/2021","","29091050@sittest.com","Vader, Darth 29091050 29091050@sittest.com","0000000000","HPWO00091465","","99748600",""
"C1","29091050","","Approved","03/05/2021","","C110299951","","","","","799","","1.50","","59256","","","","","","","","","","","","","","","1102","","0dc68cb9-a03a-41fd-9e42-d6eded4c4759","Agency Contractor","01/05/2021 - 07/05/2021","","29091050@sittest.com","Vader, Darth 29091050 29091050@sittest.com","","HPWO00091465","","99748600",""
"C1","29091050","","Approved","05/05/2021","","C110299951","","","","","799","","1.00","","59264","",".","","","","","","","","","","","","","1102","","6033309a-9f77-4023-bbb7-a07fe59255d1","Agency Contractor","01/05/2021 - 07/05/2021","","29091050@sittest.com","Vader, Darth 29091050 29091050@sittest.com","","HPWO00091465","","99748600",""
"C1","29091050","","Approved","17/05/2021","4099920","C110299951","LEGACY BILLING|Non-Billable","","4099920","","","","2.00","Straight Time","60564","","","C1 WBS","","","","","","","","SO","RV","","R-010020403.0050","1102","4099920","9030f483-0773-42c7-af91-b079eff8ea15","Agency Contractor","15/05/2021 - 21/05/2021","","29091050@sittest.com","Vader, Darth 29091050 29091050@sittest.com","0041072668","HPWO00091465","","99748600",""
"C1","29091050","","Approved","17/05/2021","R-010106878.0020","C110299951","","","R-010106878.0020","","","","2.00","Straight Time","60565","","","C1 WBS","","","","","","","","WBS","RV","","","1102","R-010106878.0020","cfb04026-7e36-401f-81ee-886aa938da0d","Agency Contractor","15/05/2021 - 21/05/2021","","29091050@sittest.com","Vader, Darth 29091050 29091050@sittest.com","0000000000","HPWO00091465","","99748600",""
"C1","29091050","","Approved","17/05/2021","S-010123312.0010","C110299951","","","S-010123312.0010","","","","4.00","Straight Time","60566","","","C1 WBS","","","","","","","","WBS","ST","","","1102","S-010123312.0010","5f693cff-2603-422e-afc6-42221d86eca9","Agency Contractor","15/05/2021 - 21/05/2021","","29091050@sittest.com","Vader, Darth 29091050 29091050@sittest.com","0000000000","HPWO00091465","","99748600",""
"C1","29091050","","Approved","18/05/2021","4099920","C110299951","LEGACY BILLING|Non-Billable","","4099920","","","","2.00","Straight Time","60567","","","C1 WBS","","","","","","","","SO","RV","","R-010020403.0050","1102","4099920","e1b047d7-e7f2-4861-9000-cd27d0d8b39a","Agency Contractor","15/05/2021 - 21/05/2021","","29091050@sittest.com","Vader, Darth 29091050 29091050@sittest.com","0041072668","HPWO00091465","","99748600",""
"C1","29091050","","Approved","18/05/2021","R-010106878.0020","C110299951","","","R-010106878.0020","","","","2.00","Straight Time","60568","","","C1 WBS","","","","","","","","WBS","RV","","","1102","R-010106878.0020","099d494f-d54e-4d1c-bf97-50025d508b15","Agency Contractor","15/05/2021 - 21/05/2021","","29091050@sittest.com","Vader, Darth 29091050 29091050@sittest.com","0000000000","HPWO00091465","","99748600",""
"C1","29091050","","Approved","18/05/2021","S-010123312.0010","C110299951","","","S-010123312.0010","","","","4.00","Straight Time","60569","","","C1 WBS","","","","","","","","WBS","ST","","","1102","S-010123312.0010","34ebb829-8888-423b-920f-e1eb7a7b0f37","Agency Contractor","15/05/2021 - 21/05/2021","","29091050@sittest.com","Vader, Darth 29091050 29091050@sittest.com","0000000000","HPWO00091465","","99748600",""
"C1","29091050","","Approved","19/05/2021","4099920","C110299951","LEGACY BILLING|Non-Billable","","4099920","","","","4.00","Straight Time","60570","","","C1 WBS","","","","","","","","SO","RV","","R-010020403.0050","1102","4099920","ff36f17a-ddd6-4a1c-ac35-e25b709a4fab","Agency Contractor","15/05/2021 - 21/05/2021","","29091050@sittest.com","Vader, Darth 29091050 29091050@sittest.com","0041072668","HPWO00091465","","99748600",""
"C1","29091050","","Approved","19/05/2021","R-010106878.0020","C110299951","","","R-010106878.0020","","","","2.00","Straight Time","60571","","","C1 WBS","","","","","","","","WBS","RV","","","1102","R-010106878.0020","c54f050f-75e1-4a33-88ef-335c79364a1d","Agency Contractor","15/05/2021 - 21/05/2021","","29091050@sittest.com","Vader, Darth 29091050 29091050@sittest.com","0000000000","HPWO00091465","","99748600",""
"C1","29091050","","Approved","19/05/2021","S-010123312.0010","C110299951","","","S-010123312.0010","","","","2.00","Straight Time","60572","","","C1 WBS","","","","","","","","WBS","ST","","","1102","S-010123312.0010","c179c06f-3e71-4d6a-a5a7-6e4009f63ec2","Agency Contractor","15/05/2021 - 21/05/2021","","29091050@sittest.com","Vader, Darth 29091050 29091050@sittest.com","0000000000","HPWO00091465","","99748600",""
"C1","29091050","","Approved","20/05/2021","4099920","C110299951","LEGACY BILLING|Non-Billable","","4099920","","","","6.00","Straight Time","60573","","","C1 WBS","","","","","","","","SO","RV","","R-010020403.0050","1102","4099920","d50deb66-5623-4817-93c8-6085ecacf0b8","Agency Contractor","15/05/2021 - 21/05/2021","","29091050@sittest.com","Vader, Darth 29091050 29091050@sittest.com","0041072668","HPWO00091465","","99748600",""
"C1","29091050","","Approved","20/05/2021","R-010106878.0020","C110299951","","","R-010106878.0020","","","","2.00","Straight Time","60574","","","C1 WBS","","","","","","","","WBS","RV","","","1102","R-010106878.0020","70b9fd74-577b-4a2d-b931-22b0d4f9cd0c","Agency Contractor","15/05/2021 - 21/05/2021","","29091050@sittest.com","Vader, Darth 29091050 29091050@sittest.com","0000000000","HPWO00091465","","99748600",""
"C1","29091050","","Approved","20/05/2021","S-010123312.0010","C110299951","","","S-010123312.0010","","","","2.00","Straight Time","60575","","","C1 WBS","","","","","","","","WBS","ST","","","1102","S-010123312.0010","c8b963bf-e610-41d7-892f-b86c4f676786","Agency Contractor","15/05/2021 - 21/05/2021","","29091050@sittest.com","Vader, Darth 29091050 29091050@sittest.com","0000000000","HPWO00091465","","99748600",""
"C1","29091050","","Approved","24/05/2021","4099920","C110299951","LEGACY BILLING|Non-Billable","","4099920","","","","5.00","Straight Time","80365","","","C1 WBS","","","","","","","","SO","RV","","R-010020403.0050","1102","4099920","215902e9-c292-40fb-9b8d-c32393f00250","Agency Contractor","22/05/2021 - 28/05/2021","","29091050@sittest.com","Vader, Darth 29091050 29091050@sittest.com","0041072668","HPWO00091465","","99748600",""
"C1","29091050","","Approved","24/05/2021","R-010106878.0020","C110299951","","","R-010106878.0020","","","","2.00","Straight Time","80366","","","C1 WBS","","","","","","","","WBS","RV","","","1102","R-010106878.0020","49267981-df52-43b6-97a2-23297845e8f8","Agency Contractor","22/05/2021 - 28/05/2021","","29091050@sittest.com","Vader, Darth 29091050 29091050@sittest.com","0000000000","HPWO00091465","","99748600",""
"C1","29091050","","Approved","24/05/2021","S-010123312.0010","C110299951","","","S-010123312.0010","","","","1.00","Straight Time","80367","","","C1 WBS","","","","","","","","WBS","ST","","","1102","S-010123312.0010","d88cdb0e-a1c4-47cb-8416-b61aae38a12f","Agency Contractor","22/05/2021 - 28/05/2021","","29091050@sittest.com","Vader, Darth 29091050 29091050@sittest.com","0000000000","HPWO00091465","","99748600",""
"C1","29091050","","Approved","25/05/2021","","C110299951","","","","","799","","8.00","","80368","","","","","","","","","","","","","","","1102","","d004b398-65f2-4f25-97be-99af3f63d6fb","Agency Contractor","22/05/2021 - 28/05/2021","","29091050@sittest.com","Vader, Darth 29091050 29091050@sittest.com","","HPWO00091465","","99748600",""
"C1","29091057","","Approved","10/05/2021","4095583","C110299951","LEGACY BILLING|Billable","","4095583","","","","3.00","Straight Time","59390","","Roe 5/19 to C1","C1 WBS","","","","","","","","SO","RV","","R-010020413.0050","1102","4095583","5cb62be6-5249-447b-bac8-eaa362c8176c","Agency Contractor","08/05/2021 - 14/05/2021","","29091057@sittest.com","Tarkin, Wilhuff 29091057 29091057@sittest.com","0000000000","HPWO00091470","","99748605",""
"C1","29091057","","Approved","10/05/2021","R-010106878.0020","C110299951","","","R-010106878.0020","","","","5.00","Straight Time","59389","","Roe 5/19 to C1","C1 WBS","","","","","","","","WBS","RV","","","1102","R-010106878.0020","15750c96-5d38-4a05-8ea2-b93a51d60e25","Agency Contractor","08/05/2021 - 14/05/2021","","29091057@sittest.com","Tarkin, Wilhuff 29091057 29091057@sittest.com","0000000000","HPWO00091470","","99748605",""
"C1","29091057","","Approved","11/05/2021","4095583","C110299951","LEGACY BILLING|Billable","","4095583","","","","3.00","Straight Time","59392","","Roe 5/19 to C1","C1 WBS","","","","","","","","SO","RV","","R-010020413.0050","1102","4095583","643501fa-c1a4-4d36-8fde-680dc51f8781","Agency Contractor","08/05/2021 - 14/05/2021","","29091057@sittest.com","Tarkin, Wilhuff 29091057 29091057@sittest.com","0000000000","HPWO00091470","","99748605",""
"C1","29091057","","Approved","11/05/2021","R-010106878.0020","C110299951","","","R-010106878.0020","","","","5.00","Straight Time","59391","","29091057","C1 WBS","","","","","","","","WBS","RV","","","1102","R-010106878.0020","75518f56-014f-47a8-9431-7e36cff8e084","Agency Contractor","08/05/2021 - 14/05/2021","","29091057@sittest.com","Tarkin, Wilhuff 29091057 29091057@sittest.com","0000000000","HPWO00091470","","99748605",""
"C1","29091057","","Approved","12/05/2021","4095583","C110299951","LEGACY BILLING|Billable","","4095583","","","","5.00","Straight Time","59394","","Roe 5/19 to C1","C1 WBS","","","","","","","","SO","RV","","R-010020413.0050","1102","4095583","69de279e-ce2d-4d22-9e1c-e70ddde82092","Agency Contractor","08/05/2021 - 14/05/2021","","29091057@sittest.com","Tarkin, Wilhuff 29091057 29091057@sittest.com","0000000000","HPWO00091470","","99748605",""
"C1","29091057","","Approved","12/05/2021","R-010106878.0020","C110299951","","","R-010106878.0020","","","","3.00","Straight Time","59393","","Roe 5/19 to C1","C1 WBS","","","","","","","","WBS","RV","","","1102","R-010106878.0020","9f835568-69db-48b9-b6d3-a3817151d297","Agency Contractor","08/05/2021 - 14/05/2021","","29091057@sittest.com","Tarkin, Wilhuff 29091057 29091057@sittest.com","0000000000","HPWO00091470","","99748605",""
"C1","29091057","","Approved","13/05/2021","4095583","C110299951","LEGACY BILLING|Billable","","4095583","","","","5.00","Straight Time","59396","","Roe 5/19 to C1","C1 WBS","","","","","","","","SO","RV","","R-010020413.0050","1102","4095583","ec4555ea-9e25-4174-98f6-a1b40cdc5ac1","Agency Contractor","08/05/2021 - 14/05/2021","","29091057@sittest.com","Tarkin, Wilhuff 29091057 29091057@sittest.com","0000000000","HPWO00091470","","99748605",""
"C1","29091057","","Approved","13/05/2021","R-010106878.0020","C110299951","","","R-010106878.0020","","","","3.00","Straight Time","59395","","Roe 5/19 to C1","C1 WBS","","","","","","","","WBS","RV","","","1102","R-010106878.0020","a34a0c74-b39a-4b44-bfcd-221ba41d874e","Agency Contractor","08/05/2021 - 14/05/2021","","29091057@sittest.com","Tarkin, Wilhuff 29091057 29091057@sittest.com","0000000000","HPWO00091470","","99748605",""
"C1","29091057","","Approved","14/05/2021","4095583","C110299951","LEGACY BILLING|Billable","","4095583","","","","4.00","Straight Time","59398","","Roe 5/19 to C1","C1 WBS","","","","","","","","SO","RV","","R-010020413.0050","1102","4095583","8fc8915f-f22b-441a-abbb-5e65f2c0c6f5","Agency Contractor","08/05/2021 - 14/05/2021","","29091057@sittest.com","Tarkin, Wilhuff 29091057 29091057@sittest.com","0000000000","HPWO00091470","","99748605",""
"C1","29091057","","Approved","14/05/2021","R-010106878.0020","C110299951","","","R-010106878.0020","","","","4.00","Straight Time","59397","","Roe 5/19 to C1","C1 WBS","","","","","","","","WBS","RV","","","1102","R-010106878.0020","6b92262c-8055-4c56-ad13-4f8f914d5dde","Agency Contractor","08/05/2021 - 14/05/2021","","29091057@sittest.com","Tarkin, Wilhuff 29091057 29091057@sittest.com","0000000000","HPWO00091470","","99748605",""
"C1","29091057","","Approved","31/05/2021","4095583","C110299951","LEGACY BILLING|Billable","","4095583","","","","3.00","Straight Time","84552","","","C1 WBS","","","","","","","","SO","RV","","R-010020413.0050","1102","4095583","1c35fdde-3a90-4409-a70a-9804d758388a","Agency Contractor","29/05/2021 - 04/06/2021","","29091057@sittest.com","Tarkin, Wilhuff 29091057 29091057@sittest.com","0000000000","HPWO00091470","","99748605",""
"C1","29091057","","Approved","31/05/2021","R-010110700.0300","C110299951","PROJMGR|Billable","","R-010110700.0300","","","","5.00","Straight Time","84551","","","C1 WBS","","","","","","","","WBS","RV","","","1102","R-010110700.0300","93c816c8-8156-4877-bb99-4b8e2aa2f014","Agency Contractor","29/05/2021 - 04/06/2021","","29091057@sittest.com","Tarkin, Wilhuff 29091057 29091057@sittest.com","0000000000","HPWO00091470","","99748605",""
"C1","29091058","","Approved","17/05/2021","R-010106878.0020","C110299951","","","R-010106878.0020","","","","9.00","Straight Time","60668","","","C1 WBS","","","","","","","","WBS","RV","","","1102","R-010106878.0020","cb45f931-7e2c-4a60-8551-11484c1455f5","Agency Contractor","15/05/2021 - 21/05/2021","","29091058@sittest.com","Solo, Han 29091058 29091058@sittest.com","0000000000","HPWO00091471","","99748606",""
"C1","29091059","","Approved","01/05/2021","R-010106878.0020","C110299951","","","R-010106878.0020","","","","2.00","Double Time","59431","","Repush for CWF testing","C1 WBS","","","","","","","","WBS","RV","","","1102","R-010106878.0020","61dd9158-26d8-4a0d-b1c1-5f47deee3623","Agency Contractor","01/05/2021 - 07/05/2021","","29091059@sittest.com","Desilijic Tiure, Jabba 29091059 29091059@sittest.com","0000000000","HPWO00091472","","99748607",""
"C1","29091059","","Approved","03/05/2021","4095583","C110299951","LEGACY BILLING|Billable","","4095583","","","","5.00","Straight Time","59422","","Repush for CWF testing","C1 WBS","","","","","","","","SO","RV","","R-010020413.0050","1102","4095583","1be77cec-9586-4b88-92ff-ba208347b6f6","Agency Contractor","01/05/2021 - 07/05/2021","","29091059@sittest.com","Desilijic Tiure, Jabba 29091059 29091059@sittest.com","0000000000","HPWO00091472","","99748607",""
"C1","29091059","","Approved","03/05/2021","R-010106878.0020","C110299951","","","R-010106878.0020","","","","3.00","Straight Time","59423","","Repush for CWF testing","C1 WBS","","","","","","","","WBS","RV","","","1102","R-010106878.0020","2e810af4-7f43-446d-aaf1-1a5799737dd0","Agency Contractor","01/05/2021 - 07/05/2021","","29091059@sittest.com","Desilijic Tiure, Jabba 29091059 29091059@sittest.com","0000000000","HPWO00091472","","99748607",""
"C1","29091059","","Approved","04/05/2021","4095583","C110299951","LEGACY BILLING|Billable","","4095583","","","","6.00","Straight Time","59425","","Repush for CWF testing","C1 WBS","","","","","","","","SO","RV","","R-010020413.0050","1102","4095583","7ce37526-301f-4c3c-937f-080250b3f36c","Agency Contractor","01/05/2021 - 07/05/2021","","29091059@sittest.com","Desilijic Tiure, Jabba 29091059 29091059@sittest.com","0000000000","HPWO00091472","","99748607",""
"C1","29091059","","Approved","04/05/2021","R-010106878.0020","C110299951","","","R-010106878.0020","","","","3.00","Straight Time","59424","","Repush for CWF testing","C1 WBS","","","","","","","","WBS","RV","","","1102","R-010106878.0020","5e950092-2b3c-4c59-97a3-50bccf3a227b","Agency Contractor","01/05/2021 - 07/05/2021","","29091059@sittest.com","Desilijic Tiure, Jabba 29091059 29091059@sittest.com","0000000000","HPWO00091472","","99748607",""
"C1","29091059","","Approved","05/05/2021","4095583","C110299951","LEGACY BILLING|Billable","","4095583","","","","6.00","Straight Time","59426","","Repush for CWF testing","C1 WBS","","","","","","","","SO","RV","","R-010020413.0050","1102","4095583","884bd0f2-fa81-409c-91c6-8b30351e1a8b","Agency Contractor","01/05/2021 - 07/05/2021","","29091059@sittest.com","Desilijic Tiure, Jabba 29091059 29091059@sittest.com","0000000000","HPWO00091472","","99748607",""
"C1","29091059","","Approved","05/05/2021","R-010106878.0020","C110299951","","","R-010106878.0020","","","","3.00","Straight Time","59421","","Repush for CWF testing","C1 WBS","","","","","","","","WBS","RV","","","1102","R-010106878.0020","850a668a-7a26-4964-b198-c79fe84b5d0f","Agency Contractor","01/05/2021 - 07/05/2021","","29091059@sittest.com","Desilijic Tiure, Jabba 29091059 29091059@sittest.com","0000000000","HPWO00091472","","99748607",""
"C1","29091059","","Approved","06/05/2021","4095583","C110299951","LEGACY BILLING|Billable","","4095583","","","","6.00","Straight Time","59429","","Repush for CWF testing","C1 WBS","","","","","","","","SO","RV","","R-010020413.0050","1102","4095583","0d1e3966-a766-453f-b908-816788bc550f","Agency Contractor","01/05/2021 - 07/05/2021","","29091059@sittest.com","Desilijic Tiure, Jabba 29091059 29091059@sittest.com","0000000000","HPWO00091472","","99748607",""
"C1","29091059","","Approved","06/05/2021","R-010106878.0020","C110299951","","","R-010106878.0020","","","","3.00","Straight Time","59427","","Repush for CWF testing","C1 WBS","","","","","","","","WBS","RV","","","1102","R-010106878.0020","c932e504-a3c8-46a2-8f08-98dbda142709","Agency Contractor","01/05/2021 - 07/05/2021","","29091059@sittest.com","Desilijic Tiure, Jabba 29091059 29091059@sittest.com","0000000000","HPWO00091472","","99748607",""
"C1","29091059","","Approved","07/05/2021","4095583","C110299951","LEGACY BILLING|Billable","","4095583","","","","2.00","Straight Time","59430","","Repush for CWF testing","C1 WBS","","","","","","","","SO","RV","","R-010020413.0050","1102","4095583","053ffe57-1e74-47dd-987b-d35e6596220d","Agency Contractor","01/05/2021 - 07/05/2021","","29091059@sittest.com","Desilijic Tiure, Jabba 29091059 29091059@sittest.com","0000000000","HPWO00091472","","99748607",""
"C1","29091059","","Approved","07/05/2021","R-010106878.0020","C110299951","","","R-010106878.0020","","","","3.00","Straight Time","59428","","Repush for CWF testing","C1 WBS","","","","","","","","WBS","RV","","","1102","R-010106878.0020","5d9b7501-bad9-465c-95e0-29530f852be3","Agency Contractor","01/05/2021 - 07/05/2021","","29091059@sittest.com","Desilijic Tiure, Jabba 29091059 29091059@sittest.com","0000000000","HPWO00091472","","99748607",""
"C1","29091059","","Approved","24/05/2021","4095583","C110299951","LEGACY BILLING|Billable","","4095583","","","","9.00","Straight Time","85119","","","C1 WBS","","","","","","","","SO","RV","","R-010020413.0050","1102","4095583","7ef9c8b2-4686-49fa-8a2d-d7bc1bf6655f","Agency Contractor","22/05/2021 - 28/05/2021","","29091059@sittest.com","Desilijic Tiure, Jabba 29091059 29091059@sittest.com","0000000000","HPWO00091472","","99748607",""
"C1","29091059","","Approved","25/05/2021","4095583","C110299951","LEGACY BILLING|Billable","","4095583","","","","9.00","Straight Time","85120","","","C1 WBS","","","","","","","","SO","RV","","R-010020413.0050","1102","4095583","75a3949e-8861-4933-8cbd-d9d4d1d229fb","Agency Contractor","22/05/2021 - 28/05/2021","","29091059@sittest.com","Desilijic Tiure, Jabba 29091059 29091059@sittest.com","0000000000","HPWO00091472","","99748607",""
"C1","29091059","","Approved","26/05/2021","4095583","C110299951","LEGACY BILLING|Billable","","4095583","","","","9.00","Straight Time","85121","","","C1 WBS","","","","","","","","SO","RV","","R-010020413.0050","1102","4095583","c1fca9d8-5209-4d70-b2a8-d14902dbb29b","Agency Contractor","22/05/2021 - 28/05/2021","","29091059@sittest.com","Desilijic Tiure, Jabba 29091059 29091059@sittest.com","0000000000","HPWO00091472","","99748607",""
"C1","29091059","","Approved","27/05/2021","4095583","C110299951","LEGACY BILLING|Billable","","4095583","","","","9.00","Straight Time","85122","","","C1 WBS","","","","","","","","SO","RV","","R-010020413.0050","1102","4095583","84816851-725a-4971-9dd2-fc6e42ccd45f","Agency Contractor","22/05/2021 - 28/05/2021","","29091059@sittest.com","Desilijic Tiure, Jabba 29091059 29091059@sittest.com","0000000000","HPWO00091472","","99748607",""
"C1","29091059","","Approved","28/05/2021","4095583","C110299951","LEGACY BILLING|Billable","","4095583","","","","9.00","Straight Time","85123","","","C1 WBS","","","","","","","","SO","RV","","R-010020413.0050","1102","4095583","aa66e80e-71fb-4bfb-ae03-0ab8a10ade61","Agency Contractor","22/05/2021 - 28/05/2021","","29091059@sittest.com","Desilijic Tiure, Jabba 29091059 29091059@sittest.com","0000000000","HPWO00091472","","99748607",""
"C1","29091059","","Approved","31/05/2021","4095583","C110299951","LEGACY BILLING|Billable","","4095583","","","","9.00","Straight Time","85124","","","C1 WBS","","","","","","","","SO","RV","","R-010020413.0050","1102","4095583","64240908-303d-47e6-a1ed-309e750acefe","Agency Contractor","29/05/2021 - 04/06/2021","","29091059@sittest.com","Desilijic Tiure, Jabba 29091059 29091059@sittest.com","0000000000","HPWO00091472","","99748607",""
"C1","29091059","","Approved","01/06/2021","4095583","C110299951","LEGACY BILLING|Billable","","4095583","","","","9.00","Straight Time","85125","","","C1 WBS","","","","","","","","SO","RV","","R-010020413.0050","1102","4095583","cfcae549-631e-4a82-bb37-cd7a0b18f6b5","Agency Contractor","29/05/2021 - 04/06/2021","","29091059@sittest.com","Desilijic Tiure, Jabba 29091059 29091059@sittest.com","0000000000","HPWO00091472","","99748607",""
"C1","29091059","","Approved","02/06/2021","4095583","C110299951","LEGACY BILLING|Billable","","4095583","","","","9.00","Straight Time","85126","","","C1 WBS","","","","","","","","SO","RV","","R-010020413.0050","1102","4095583","d9d0132c-398d-43f5-9a59-41e8d0266d88","Agency Contractor","29/05/2021 - 04/06/2021","","29091059@sittest.com","Desilijic Tiure, Jabba 29091059 29091059@sittest.com","0000000000","HPWO00091472","","99748607",""
"C1","29091059","","Approved","03/06/2021","4095583","C110299951","LEGACY BILLING|Billable","","4095583","","","","9.00","Straight Time","85127","","","C1 WBS","","","","","","","","SO","RV","","R-010020413.0050","1102","4095583","08cbdc31-6b07-47f5-b7c5-8c2e92f67c80","Agency Contractor","29/05/2021 - 04/06/2021","","29091059@sittest.com","Desilijic Tiure, Jabba 29091059 29091059@sittest.com","0000000000","HPWO00091472","","99748607",""
"C1","29091059","","Approved","04/06/2021","4095583","C110299951","LEGACY BILLING|Billable","","4095583","","","","9.00","Straight Time","85128","","","C1 WBS","","","","","","","","SO","RV","","R-010020413.0050","1102","4095583","6726e91e-b093-44dd-9ece-a8eb9ce840c8","Agency Contractor","29/05/2021 - 04/06/2021","","29091059@sittest.com","Desilijic Tiure, Jabba 29091059 29091059@sittest.com","0000000000","HPWO00091472","","99748607",""
"C1","29091157","","Approved","10/05/2021","S-010104783.0040","C110299951","","","S-010104783.0040","","","","8.00","Straight Time","60441","","","C1 WBS","","","","","","","","WBS","ST","","","1102","S-010104783.0040","99682867-6d64-45d9-a847-1af4a588c588","Agency Contractor","08/05/2021 - 14/05/2021","","29091157@sittest.com","STGuru, CANAC 29091157 29091157@sittest.com","0000000000","HPWO00091489","","99748622",""
"C1","29091157","","Approved","11/05/2021","S-010104783.0040","C110299951","","","S-010104783.0040","","","","8.00","Straight Time","80150","","","C1 WBS","","","","","","","","WBS","ST","","","1102","S-010104783.0040","290662ea-8039-4559-8440-2366a6c71081","Agency Contractor","08/05/2021 - 14/05/2021","","29091157@sittest.com","STGuru, CANAC 29091157 29091157@sittest.com","0000000000","HPWO00091489","","99748622",""
"C1","29091730","","Approved","24/07/2021","4083920","C120099951","LEGACY BILLING|Non-Billable","","","","","","1.00","Double Time","93173","","","C1 WBS","","","","","","","","SO","GB","","R-010020383.0004","1200","","3e256c43-0d36-4af7-90a2-c91e2a03a45f","Agency Contractor","24/07/2021 - 30/07/2021","","29091730@sittest.com","Roe AC_A 1200, Convert to CSC SOW 29091730 29091730@sittest.com","","HPWO00091570","","99748657",""
"C1","29091730","","Approved","24/07/2021","4083920","C120099951","LEGACY BILLING|Non-Billable","","","","","","1.00","Straight Time","93166","","","C1 WBS","","","","","","","","SO","GB","","R-010020383.0004","1200","","05ffd6b3-90d7-4dd4-8973-a8a094dc424b","Agency Contractor","24/07/2021 - 30/07/2021","","29091730@sittest.com","Roe AC_A 1200, Convert to CSC SOW 29091730 29091730@sittest.com","","HPWO00091570","","99748657",""
"C1","29091730","","Approved","25/07/2021","4083920","C120099951","LEGACY BILLING|Non-Billable","","","","","","1.00","Double Time","93174","","","C1 WBS","","","","","","","","SO","GB","","R-010020383.0004","1200","","9e27f51a-b74d-463e-8a12-2ce81dc300d1","Agency Contractor","24/07/2021 - 30/07/2021","","29091730@sittest.com","Roe AC_A 1200, Convert to CSC SOW 29091730 29091730@sittest.com","","HPWO00091570","","99748657",""
"C1","29091730","","Approved","25/07/2021","4083920","C120099951","LEGACY BILLING|Non-Billable","","","","","","2.00","Straight Time","93167","","","C1 WBS","","","","","","","","SO","GB","","R-010020383.0004","1200","","6e1c8d3e-f0c1-41a8-a02b-f16a41973183","Agency Contractor","24/07/2021 - 30/07/2021","","29091730@sittest.com","Roe AC_A 1200, Convert to CSC SOW 29091730 29091730@sittest.com","","HPWO00091570","","99748657",""
"C1","29091730","","Approved","26/07/2021","4083920","C120099951","LEGACY BILLING|Non-Billable","","","","","","1.00","Double Time","93175","","","C1 WBS","","","","","","","","SO","GB","","R-010020383.0004","1200","","3ae39c46-6ec9-4b12-bf37-9a14d6334205","Agency Contractor","24/07/2021 - 30/07/2021","","29091730@sittest.com","Roe AC_A 1200, Convert to CSC SOW 29091730 29091730@sittest.com","","HPWO00091570","","99748657",""
"C1","29091730","","Approved","26/07/2021","4083920","C120099951","LEGACY BILLING|Non-Billable","","","","","","3.00","Straight Time","93168","","","C1 WBS","","","","","","","","SO","GB","","R-010020383.0004","1200","","4299e21c-8307-4520-be48-96511188e90b","Agency Contractor","24/07/2021 - 30/07/2021","","29091730@sittest.com","Roe AC_A 1200, Convert to CSC SOW 29091730 29091730@sittest.com","","HPWO00091570","","99748657",""
"C1","29091730","","Approved","27/07/2021","4083920","C120099951","LEGACY BILLING|Non-Billable","","","","","","1.00","Double Time","93176","","","C1 WBS","","","","","","","","SO","GB","","R-010020383.0004","1200","","b6fc8167-80b0-4466-bf4c-b24e1b4639ea","Agency Contractor","24/07/2021 - 30/07/2021","","29091730@sittest.com","Roe AC_A 1200, Convert to CSC SOW 29091730 29091730@sittest.com","","HPWO00091570","","99748657",""
"C1","29091730","","Approved","27/07/2021","4083920","C120099951","LEGACY BILLING|Non-Billable","","","","","","4.00","Straight Time","93169","","","C1 WBS","","","","","","","","SO","GB","","R-010020383.0004","1200","","dc52615b-2410-49c8-8198-5c944c64439e","Agency Contractor","24/07/2021 - 30/07/2021","","29091730@sittest.com","Roe AC_A 1200, Convert to CSC SOW 29091730 29091730@sittest.com","","HPWO00091570","","99748657",""
"C1","29091730","","Approved","28/07/2021","4083920","C120099951","LEGACY BILLING|Non-Billable","","","","","","1.00","Double Time","93177","","","C1 WBS","","","","","","","","SO","GB","","R-010020383.0004","1200","","a2db221e-227e-4754-87c5-cd8c463d3be0","Agency Contractor","24/07/2021 - 30/07/2021","","29091730@sittest.com","Roe AC_A 1200, Convert to CSC SOW 29091730 29091730@sittest.com","","HPWO00091570","","99748657",""
"C1","29091730","","Approved","28/07/2021","4083920","C120099951","LEGACY BILLING|Non-Billable","","","","","","5.00","Straight Time","93170","","","C1 WBS","","","","","","","","SO","GB","","R-010020383.0004","1200","","d66b06a4-effd-4a0b-8bcb-ca50688a1fff","Agency Contractor","24/07/2021 - 30/07/2021","","29091730@sittest.com","Roe AC_A 1200, Convert to CSC SOW 29091730 29091730@sittest.com","","HPWO00091570","","99748657",""
"C1","29091730","","Approved","29/07/2021","4083920","C120099951","LEGACY BILLING|Non-Billable","","","","","","1.00","Double Time","93178","","","C1 WBS","","","","","","","","SO","GB","","R-010020383.0004","1200","","1553927b-bc32-4a46-86f3-76e0607bdff6","Agency Contractor","24/07/2021 - 30/07/2021","","29091730@sittest.com","Roe AC_A 1200, Convert to CSC SOW 29091730 29091730@sittest.com","","HPWO00091570","","99748657",""
"C1","29091730","","Approved","29/07/2021","4083920","C120099951","LEGACY BILLING|Non-Billable","","","","","","6.00","Straight Time","93171","","","C1 WBS","","","","","","","","SO","GB","","R-010020383.0004","1200","","bde94150-7291-437a-a09f-87dfa36cf99f","Agency Contractor","24/07/2021 - 30/07/2021","","29091730@sittest.com","Roe AC_A 1200, Convert to CSC SOW 29091730 29091730@sittest.com","","HPWO00091570","","99748657",""
"C1","29091730","","Approved","30/07/2021","4083920","C120099951","LEGACY BILLING|Non-Billable","","","","","","1.00","Double Time","93179","","","C1 WBS","","","","","","","","SO","GB","","R-010020383.0004","1200","","8a5d159f-c33a-4515-ae24-766ac804cbc5","Agency Contractor","24/07/2021 - 30/07/2021","","29091730@sittest.com","Roe AC_A 1200, Convert to CSC SOW 29091730 29091730@sittest.com","","HPWO00091570","","99748657",""
"C1","29091730","","Approved","30/07/2021","4083920","C120099951","LEGACY BILLING|Non-Billable","","","","","","7.00","Straight Time","93172","","","C1 WBS","","","","","","","","SO","GB","","R-010020383.0004","1200","","d8fe8ca0-d468-4f0d-96f7-6b0d2fc9dfc8","Agency Contractor","24/07/2021 - 30/07/2021","","29091730@sittest.com","Roe AC_A 1200, Convert to CSC SOW 29091730 29091730@sittest.com","","HPWO00091570","","99748657",""
"C1","29091730","","Approved","31/07/2021","4083920","C120099951","LEGACY BILLING|Billable","","","","","","1.00","Straight Time","101340","","","C1 WBS","","","","","","","","SO","GB","","R-010020383.0004","1200","","aa24e755-07d9-43f1-8787-4046c5cf2b0a","Agency Contractor","31/07/2021 - 06/08/2021","","29091730@sittest.com","Roe AC_A 1200, Convert to CSC SOW 29091730 29091730@sittest.com","","HPWO00091570","","99748657",""
"C1","29091730","","Approved","01/08/2021","4083920","C120099951","LEGACY BILLING|Billable","","","","","","0.00","Straight Time","100575","","","C1 WBS","","","","","","","","SO","GB","","R-010020383.0004","1200","","f05b95b0-7c50-4c9c-8f1d-44049b5547ed","Agency Contractor","31/07/2021 - 06/08/2021","","29091730@sittest.com","Roe AC_A 1200, Convert to CSC SOW 29091730 29091730@sittest.com","","HPWO00091570","","99748657",""
"C1","29091730","","Approved","01/08/2021","4083920","C120099951","LEGACY BILLING|Billable","","","","","","1.00","Straight Time","101341","","","C1 WBS","","","","","","","","SO","GB","","R-010020383.0004","1200","","2e06d563-f891-47b2-97e7-6e3a3172a1f6","Agency Contractor","31/07/2021 - 06/08/2021","","29091730@sittest.com","Roe AC_A 1200, Convert to CSC SOW 29091730 29091730@sittest.com","","HPWO00091570","","99748657",""
"C1","29091730","","Approved","02/08/2021","4083920","C120099951","LEGACY BILLING|Billable","","","","","","0.00","Straight Time","100576","","","C1 WBS","","","","","","","","SO","GB","","R-010020383.0004","1200","","c4d15e57-66e1-4009-b403-4d8838ba3850","Agency Contractor","31/07/2021 - 06/08/2021","","29091730@sittest.com","Roe AC_A 1200, Convert to CSC SOW 29091730 29091730@sittest.com","","HPWO00091570","","99748657",""
"C1","29091730","","Approved","02/08/2021","4083920","C120099951","LEGACY BILLING|Billable","","","","","","2.00","Straight Time","101342","","","C1 WBS","","","","","","","","SO","GB","","R-010020383.0004","1200","","83f794e3-ce77-4c4e-949b-9f05166de9c2","Agency Contractor","31/07/2021 - 06/08/2021","","29091730@sittest.com","Roe AC_A 1200, Convert to CSC SOW 29091730 29091730@sittest.com","","HPWO00091570","","99748657",""
"C1","29091730","","Approved","03/08/2021","4083920","C120099951","LEGACY BILLING|Billable","","","","","","0.00","Straight Time","100577","","","C1 WBS","","","","","","","","SO","GB","","R-010020383.0004","1200","","b09480f5-918e-4cfb-820c-31cd45199c0b","Agency Contractor","31/07/2021 - 06/08/2021","","29091730@sittest.com","Roe AC_A 1200, Convert to CSC SOW 29091730 29091730@sittest.com","","HPWO00091570","","99748657",""
"C1","29091754","","Approved","28/08/2021","S-010122545.0001","C122199951","DBA|Billable","","20180601","","","","0.00","Straight Time","101399","","","C1 WBS","","","","","","","","WBS","ST","","","1221","20180601","314dfde7-77fe-4b66-8478-5d1b701ef6aa","Agency Contractor","28/08/2021 - 03/09/2021","","29091754@sittest.com","Bob AC, General time entry Testing 29091754 29091754@sittest.com","0000000000","HPWO00091658","","99748680",""
"C1","29091754","","Approved","28/08/2021","US1-DMOC1.25.07","C122199951","","","TEST 2","","400","","0.00","Straight Time","101392","","","COMPASS WBS","Attribute 2","","","","","","","","C","","","1221","TEST1 / TEST 2","5aadd26f-22e5-4d19-b5f7-5e14566df910","Agency Contractor","28/08/2021 - 03/09/2021","","29091754@sittest.com","Bob AC, General time entry Testing 29091754 29091754@sittest.com","","HPWO00091658","","99748680",""
"C1","29091754","","Approved","29/08/2021","S-010122545.0001","C122199951","DBA|Billable","","20180601","","","","0.00","Straight Time","101400","","","C1 WBS","","","","","","","","WBS","ST","","","1221","20180601","56178afd-cd96-4845-a79a-8564c5c3d4ca","Agency Contractor","28/08/2021 - 03/09/2021","","29091754@sittest.com","Bob AC, General time entry Testing 29091754 29091754@sittest.com","0000000000","HPWO00091658","","99748680",""
"C1","29091754","","Approved","29/08/2021","US1-DMOC1.25.07","C122199951","","","TEST 2","","400","","0.00","Straight Time","101393","","","COMPASS WBS","Attribute 2","","","","","","","","C","","","1221","TEST1 / TEST 2","52996c3d-a6ec-4699-9cd2-8a126ffada6e","Agency Contractor","28/08/2021 - 03/09/2021","","29091754@sittest.com","Bob AC, General time entry Testing 29091754 29091754@sittest.com","","HPWO00091658","","99748680",""
"C1","29091754","","Approved","30/08/2021","S-010122545.0001","C122199951","DBA|Billable","","20180601","","","","0.00","Straight Time","101401","","","C1 WBS","","","","","","","","WBS","ST","","","1221","20180601","a4b3b798-2dcc-4719-8c57-15f377221589","Agency Contractor","28/08/2021 - 03/09/2021","United States of America","29091754@sittest.com","Bob AC, General time entry Testing 29091754 29091754@sittest.com","0000000000","HPWO00091658","","99748680",""
"C1","29091754","","Approved","30/08/2021","US1-DMOC1.25.07","C122199951","","","TEST 2","","400","","2.00","Straight Time","101394","","","COMPASS WBS","Attribute 2","","","","","","","","C","","","1221","TEST1 / TEST 2","590b9959-df83-45ff-a670-139e23155dae","Agency Contractor","28/08/2021 - 03/09/2021","United States of America","29091754@sittest.com","Bob AC, General time entry Testing 29091754 29091754@sittest.com","","HPWO00091658","","99748680",""
"C1","29091754","","Approved","31/08/2021","S-010122545.0001","C122199951","DBA|Billable","","20180601","","","","0.00","Straight Time","101402","","","C1 WBS","","","","","","","","WBS","ST","","","1221","20180601","fe78b6ed-0100-414d-b1b3-3e87e3086342","Agency Contractor","28/08/2021 - 03/09/2021","United States of America","29091754@sittest.com","Bob AC, General time entry Testing 29091754 29091754@sittest.com","0000000000","HPWO00091658","","99748680",""
"C1","29091754","","Approved","31/08/2021","US1-DMOC1.25.07","C122199951","","","TEST 2","","400","","2.00","Straight Time","101395","","","COMPASS WBS","Attribute 2","","","","","","","","C","","","1221","TEST1 / TEST 2","ffd65b6c-f94a-48a9-bbc4-6fc308915e99","Agency Contractor","28/08/2021 - 03/09/2021","United States of America","29091754@sittest.com","Bob AC, General time entry Testing 29091754 29091754@sittest.com","","HPWO00091658","","99748680",""
"C1","29091754","","Approved","01/09/2021","S-010122545.0001","C122199951","DBA|Billable","","20180601","","","","0.00","Straight Time","101403","","","C1 WBS","","","","","","","","WBS","ST","","","1221","20180601","cffc5827-53b0-442b-af92-639b163ba2b8","Agency Contractor","28/08/2021 - 03/09/2021","United States of America","29091754@sittest.com","Bob AC, General time entry Testing 29091754 29091754@sittest.com","0000000000","HPWO00091658","","99748680",""
"C1","29091754","","Approved","01/09/2021","US1-DMOC1.25.07","C122199951","","","TEST 2","","400","","2.00","Straight Time","101396","","","COMPASS WBS","Attribute 2","","","","","","","","C","","","1221","TEST1 / TEST 2","7af9b604-3b90-4c70-9034-0c41dcab557b","Agency Contractor","28/08/2021 - 03/09/2021","United States of America","29091754@sittest.com","Bob AC, General time entry Testing 29091754 29091754@sittest.com","","HPWO00091658","","99748680",""
"C1","29091754","","Approved","02/09/2021","S-010122545.0001","C122199951","DBA|Billable","","20180601","","","","0.00","Straight Time","101404","","","C1 WBS","","","","","","","","WBS","ST","","","1221","20180601","9d2e750f-1a07-4c6f-94cd-91f0f3535237","Agency Contractor","28/08/2021 - 03/09/2021","United States of America","29091754@sittest.com","Bob AC, General time entry Testing 29091754 29091754@sittest.com","0000000000","HPWO00091658","","99748680",""
"C1","29091754","","Approved","02/09/2021","US1-DMOC1.25.07","C122199951","","","TEST 2","","400","","2.00","Straight Time","101397","","","COMPASS WBS","Attribute 2","","","","","","","","C","","","1221","TEST1 / TEST 2","50d7bf5a-9b77-41e6-9424-1a3d7250fbbb","Agency Contractor","28/08/2021 - 03/09/2021","United States of America","29091754@sittest.com","Bob AC, General time entry Testing 29091754 29091754@sittest.com","","HPWO00091658","","99748680",""
"COMPASS","29090113","","Approved","12/04/2021","IE1-REP10.02.20.05","","","","IE1-REP10.02.20.05","","400","","4.00","Straight Time","2483","","","COMPASS WBS","","","","","","","","","B","","","IEEU","IE1-REP10.02.20.05","87d82e83-e4f1-4fb1-9761-05f42ca418c3","Agency Contractor","12/04/2021 - 18/04/2021","Ireland","29090113@sittest.com","Langdon, Donna 29090113 29090113@sittest.com","","HPWO00091284","","",""
"COMPASS","29090113","","Approved","12/04/2021","IE1-REP10.02.20.05","","","","IE1-REP10.02.20.05","","432","","4.00","Straight Time","2476","","","COMPASS WBS","","","","","","","","","B","","","IEEU","IE1-REP10.02.20.05","1e364a31-eacf-42c8-a9cb-30e545c9ffcc","Agency Contractor","12/04/2021 - 18/04/2021","Ireland","29090113@sittest.com","Langdon, Donna 29090113 29090113@sittest.com","","HPWO00091284","","",""
"COMPASS","29090113","","Approved","13/04/2021","IE1-REP10.02.20.05","","","","IE1-REP10.02.20.05","","432","","8.00","Straight Time","3696","","","COMPASS WBS","","","","","","","","","B","","","IEEU","IE1-REP10.02.20.05","a323611d-5bb1-4238-89d2-8cc65a94ee9f","Agency Contractor","12/04/2021 - 18/04/2021","Ireland","29090113@sittest.com","Langdon, Donna 29090113 29090113@sittest.com","","HPWO00091284","","",""
"COMPASS","29090113","","Approved","14/04/2021","IE1-REP10.02.20.05","","","","IE1-REP10.02.20.05","","400","","8.00","Straight Time","3697","","","COMPASS WBS","","","","","","","","","B","","","IEEU","IE1-REP10.02.20.05","72d2b39b-2d54-45cd-989c-03078057a3e1","Agency Contractor","12/04/2021 - 18/04/2021","Ireland","29090113@sittest.com","Langdon, Donna 29090113 29090113@sittest.com","","HPWO00091284","","",""
"COMPASS","29090113","","Approved","15/04/2021","IE1-REP10.02.20.05","","","","IE1-REP10.02.20.05","","400","","6.00","Straight Time","3698","","","COMPASS WBS","","","","","","","","","B","","","IEEU","IE1-REP10.02.20.05","d6a9b73b-7ebd-4572-87e7-dbf163dd44db","Agency Contractor","12/04/2021 - 18/04/2021","Ireland","29090113@sittest.com","Langdon, Donna 29090113 29090113@sittest.com","","HPWO00091284","","",""
"COMPASS","29090113","","Approved","15/04/2021","IE1-REP10.02.20.05","","","","IE1-REP10.02.20.05","","432","","2.00","Straight Time","2482","","","COMPASS WBS","","","","","","","","","B","","","IEEU","IE1-REP10.02.20.05","7cf0b017-1351-4fc6-aa91-a79a18886260","Agency Contractor","12/04/2021 - 18/04/2021","Ireland","29090113@sittest.com","Langdon, Donna 29090113 29090113@sittest.com","","HPWO00091284","","",""
"COMPASS","29090113","","Approved","16/04/2021","IE1-REP10.02.20.05","","","","IE1-REP10.02.20.05","","400","","3.00","Straight Time","3699","","","COMPASS WBS","","","","","","","","","B","","","IEEU","IE1-REP10.02.20.05","f80a8f0e-1752-44a8-bfa2-3ed6a1a37844","Agency Contractor","12/04/2021 - 18/04/2021","Ireland","29090113@sittest.com","Langdon, Donna 29090113 29090113@sittest.com","","HPWO00091284","","",""
"COMPASS","29090113","","Approved","16/04/2021","IE1-REP10.02.20.05","","","","IE1-REP10.02.20.05","","432","","3.00","Straight Time","2477","","","COMPASS WBS","","","","","","","","","B","","","IEEU","IE1-REP10.02.20.05","25f5c3ea-6cfc-40f9-a676-642b5b86c30a","Agency Contractor","12/04/2021 - 18/04/2021","Ireland","29090113@sittest.com","Langdon, Donna 29090113 29090113@sittest.com","","HPWO00091284","","",""
"COMPASS","29090113","","Approved","16/04/2021","","","","","","","799","","2.00","Straight Time","3700","","","","","","","","","","","","","","","IEEU","","d7b4197e-b9a8-49ee-9f6a-0c3b33e84833","Agency Contractor","12/04/2021 - 18/04/2021","Ireland","29090113@sittest.com","Langdon, Donna 29090113 29090113@sittest.com","","HPWO00091284","","",""
"COMPASS","29090115","","Approved","05/04/2021","IE1-DMOC1.25.05","","","","IE1-DMOC1.25.05","","400","","2.00","Straight Time","4074","","","COMPASS WBS","","","","","","","","","C","","","IEEU","IE1-DMOC1.25.05","cd469b3c-b0e8-4a36-bd66-a2871f760739","Agency Contractor","05/04/2021 - 11/04/2021","Ireland","29090115@sittest.com","Underwood, James 29090115 29090115@sittest.com","","HPWO00091291","","",""
"COMPASS","29090115","","Approved","05/04/2021","IE1-REP01.02.05.01","","","","ATT01_4","","414","","8.00","Straight Time","3754","","","COMPASS WBS","Attribute 1","","","","","","","","C","","","IEEU","ATT01_4","3919de45-3ab5-4995-94ae-ab37744440f6","Agency Contractor","05/04/2021 - 11/04/2021","Ireland","29090115@sittest.com","Underwood, James 29090115 29090115@sittest.com","","HPWO00091291","","",""
"COMPASS","29090115","","Approved","06/04/2021","IE1-DMOC1.25.05","","","","IE1-DMOC1.25.05","","400","","0.00","Straight Time","4080","","","COMPASS WBS","","","","","","","","","C","","","IEEU","IE1-DMOC1.25.05","5549849f-8f47-4620-a9b4-d9ebefed7b51","Agency Contractor","05/04/2021 - 11/04/2021","Ireland","29090115@sittest.com","Underwood, James 29090115 29090115@sittest.com","","HPWO00091291","","",""
"COMPASS","29090115","","Approved","06/04/2021","IE1-REP01.02.05.01","","","","ATT01_4","","414","","4.00","Straight Time","3755","","","COMPASS WBS","Attribute 1","","","","","","","","C","","","IEEU","ATT01_4","c4576f69-a970-4c83-84e9-e19a6de10798","Agency Contractor","05/04/2021 - 11/04/2021","Ireland","29090115@sittest.com","Underwood, James 29090115 29090115@sittest.com","","HPWO00091291","","",""
"COMPASS","29090115","","Approved","07/04/2021","IE1-REP01.02.05.01","","","","ATT01_4","","414","","7.00","Straight Time","3756","","","COMPASS WBS","Attribute 1","","","","","","","","C","","","IEEU","ATT01_4","d9fe1d5f-104f-442e-b2d6-f758505f16a3","Agency Contractor","05/04/2021 - 11/04/2021","Ireland","29090115@sittest.com","Underwood, James 29090115 29090115@sittest.com","","HPWO00091291","","",""
"COMPASS","29090115","","Approved","08/04/2021","IE1-REP01.02.05.01","","","","ATT01_4","","414","","2.00","Straight Time","3757","","","COMPASS WBS","Attribute 1","","","","","","","","C","","","IEEU","ATT01_4","471806a9-af72-47de-a203-bd910c423c88","Agency Contractor","05/04/2021 - 11/04/2021","Ireland","29090115@sittest.com","Underwood, James 29090115 29090115@sittest.com","","HPWO00091291","","",""
"COMPASS","29090115","","Approved","08/04/2021","","","","","","","799","","2.00","Straight Time","3758","","","","","","","","","","","","","","","IEEU","","61eca3cd-c325-4902-8c86-9eb6536354df","Agency Contractor","05/04/2021 - 11/04/2021","Ireland","29090115@sittest.com","Underwood, James 29090115 29090115@sittest.com","","HPWO00091291","","",""
"COMPASS","29090115","","Approved","13/04/2021","","","","","","","799","","0.00","Overtime","4067","","","","","","","","","","","","","","","IEEU","","d575eca8-0f9c-42dd-b054-f9708d053d70","Agency Contractor","12/04/2021 - 18/04/2021","Ireland","29090115@sittest.com","Underwood, James 29090115 29090115@sittest.com","","HPWO00091291","","",""
"COMPASS","29090115","","Approved","14/04/2021","IE1-RUAT5.25.05","","","","IE1-RUAT5.25.05","","413","","0.00","Overtime","4068","","","COMPASS WBS","","","","","","","","","C","X","","IEEU","IE1-RUAT5.25.05","932aecf1-5862-4952-80b3-ffbed7f99365","Agency Contractor","12/04/2021 - 18/04/2021","Ireland","29090115@sittest.com","Underwood, James 29090115 29090115@sittest.com","","HPWO00091291","","",""
"COMPASS","29090115","","Approved","14/04/2021","","","","","","","799","","0.00","Straight Time","4091","","","","","","","","","","","","","","","IEEU","","dfaa7eb5-050b-4664-acba-da365ce2f964","Agency Contractor","12/04/2021 - 18/04/2021","Ireland","29090115@sittest.com","Underwood, James 29090115 29090115@sittest.com","","HPWO00091291","","",""
"COMPASS","29090115","","Approved","15/04/2021","IE1-RUAT5.25.05","","","","IE1-RUAT5.25.05","","413","","0.00","Overtime","4092","","","COMPASS WBS","","","","","","","","","C","X","","IEEU","IE1-RUAT5.25.05","a049cdec-7a17-4552-9d5c-dcdfcc6d4300","Agency Contractor","12/04/2021 - 18/04/2021","Ireland","29090115@sittest.com","Underwood, James 29090115 29090115@sittest.com","","HPWO00091291","","",""
"COMPASS","29090115","","Approved","16/04/2021","IE1-RUAT5.25.05","","","","IE1-RUAT5.25.05","","413","","0.00","Overtime","4093","","","COMPASS WBS","","","","","","","","","C","X","","IEEU","IE1-RUAT5.25.05","30b2a8b1-5a13-473e-98ad-fc3c084dbdbd","Agency Contractor","12/04/2021 - 18/04/2021","Ireland","29090115@sittest.com","Underwood, James 29090115 29090115@sittest.com","","HPWO00091291","","",""
"COMPASS","29090115","","Approved","19/04/2021","IE1-DMOC1.25.05","USA7114826","","","IE1-DMOC1.25.05","","400","","2.00","Overtime","4071","","","COMPASS WBS","","","","","","","","","C","","","IEEU","IE1-DMOC1.25.05","cca50f8b-869c-44e6-aa2d-b6f5d8e43d54","Agency Contractor","19/04/2021 - 25/04/2021","Ireland","29090115@sittest.com","Underwood, James 29090115 29090115@sittest.com","","HPWO00091291","","",""
"COMPASS","29090115","","Approved","20/04/2021","IE1-DMOC1.25.05","USA7114826","","","IE1-DMOC1.25.05","","400","","0.90","Overtime","4072","","","COMPASS WBS","","","","","","","","","C","","","IEEU","IE1-DMOC1.25.05","9832952e-f159-4821-8cec-335aa21dcd93","Agency Contractor","19/04/2021 - 25/04/2021","Ireland","29090115@sittest.com","Underwood, James 29090115 29090115@sittest.com","","HPWO00091291","","",""
"COMPASS","29090118","","Approved","19/04/2021","IE1-RUAT3.25.05","USA7114826","","","IE1-RUAT3.25.05","","411","","5.00","Straight Time","4568","","","COMPASS WBS","","","","","","","","","","X","","IEEU","IE1-RUAT3.25.05","28874b33-4407-4b71-b616-e13daf1324b7","Agency Contractor","19/04/2021 - 25/04/2021","Ireland","29090118@sittest.com","Short, Emily 29090118 29090118@sittest.com","","HPWO00091287","","",""
"COMPASS","29090118","","Approved","20/04/2021","","USA7114826","","","","","799","","8.00","Straight Time","5028","","","","","","","","","","","","","","","IEEU","","35053475-17db-4b51-9523-94b456c34b62","Agency Contractor","19/04/2021 - 25/04/2021","Ireland","29090118@sittest.com","Short, Emily 29090118 29090118@sittest.com","","HPWO00091287","","",""
"COMPASS","29090118","","Approved","21/04/2021","IE1-RUAT3.25.05","USA7114826","","","IE1-RUAT3.25.05","","444","","0.00","Overtime","5029","","","COMPASS WBS","","","","","","","","","","X","","IEEU","IE1-RUAT3.25.05","d78f6fe6-c022-465f-ab7f-7a782893d1c3","Agency Contractor","19/04/2021 - 25/04/2021","Ireland","29090118@sittest.com","Short, Emily 29090118 29090118@sittest.com","","HPWO00091287","","",""
"COMPASS","29090118","","Approved","22/04/2021","IE1-RUAT3.25.05","USA7114826","","","IE1-RUAT3.25.05","","433","","7.00","Double Time","5037","","","COMPASS WBS","","","","","","","","","","X","","IEEU","IE1-RUAT3.25.05","9ff0c49e-1fb8-4583-9f61-5f303a160501","Agency Contractor","19/04/2021 - 25/04/2021","Ireland","29090118@sittest.com","Short, Emily 29090118 29090118@sittest.com","","HPWO00091287","","",""
"COMPASS","29090118","","Approved","23/04/2021","IE1-RUAT3.25.05","USA7114826","","","IE1-RUAT3.25.05","","405","","1.00","Straight Time","5050","","","COMPASS WBS","","","","","","","","","","X","","IEEU","IE1-RUAT3.25.05","bf89a01f-9886-4c79-83b3-d50eb8c8b4db","Agency Contractor","19/04/2021 - 25/04/2021","Ireland","29090118@sittest.com","Short, Emily 29090118 29090118@sittest.com","","HPWO00091287","","",""
"COMPASS","29090118","","Approved","23/04/2021","IE1-RUAT3.25.05","USA7114826","","","IE1-RUAT3.25.05","","406","","1.00","Straight Time","5051","","","COMPASS WBS","","","","","","","","","","X","","IEEU","IE1-RUAT3.25.05","adbeb37b-6fab-45fe-8f5c-34fd4b8c9e7a","Agency Contractor","19/04/2021 - 25/04/2021","Ireland","29090118@sittest.com","Short, Emily 29090118 29090118@sittest.com","","HPWO00091287","","",""
"COMPASS","29090121","","Approved","26/04/2021","CA1-DMO01.03.06","","","","CA1-DMO01.03.06","","400","","8.00","Straight Time","6833","","","COMPASS WBS","","","","","","","","","","X","","IEES","CA1-DMO01.03.06","ac577462-2d63-423e-b12f-92437f8e06e6","Agency Contractor","26/04/2021 - 02/05/2021","Ireland","29090121@sittest.com","MacLeod, Ella 29090121 29090121@sittest.com","","HPWO00091377","","",""
"COMPASS","29090121","","Approved","27/04/2021","IE1-RUAT2.25.06","","","","IE1-RUAT2.25.06","","400","","6.00","Straight Time","6834","","","COMPASS WBS","","","","","","","","","","X","","IEES","IE1-RUAT2.25.06","035bb790-b96d-442a-9ede-ae340903b61f","Agency Contractor","26/04/2021 - 02/05/2021","Ireland","29090121@sittest.com","MacLeod, Ella 29090121 29090121@sittest.com","","HPWO00091377","","",""
"COMPASS","29090121","","Approved","28/04/2021","CA1-DMO01.03.06","","","","CA1-DMO01.03.06","","400","","0.00","Straight Time","6830","","","COMPASS WBS","","","","","","","","","","X","","IEES","CA1-DMO01.03.06","16bc1ed3-6897-40ed-96a8-0fd1405568b7","Agency Contractor","26/04/2021 - 02/05/2021","Ireland","29090121@sittest.com","MacLeod, Ella 29090121 29090121@sittest.com","","HPWO00091377","","",""
"COMPASS","29090121","","Approved","28/04/2021","","","","","","","799","","8.00","Straight Time","6835","","","","","","","","","","","","","","","IEES","","a29b5df7-9e23-458b-8b08-d3396312ab99","Agency Contractor","26/04/2021 - 02/05/2021","Ireland","29090121@sittest.com","MacLeod, Ella 29090121 29090121@sittest.com","","HPWO00091377","","",""
"COMPASS","29090121","","Approved","29/04/2021","IE1-RUAT2.25.06","","","","IE1-RUAT2.25.06","","400","","9.00","Double Time","6853","","","COMPASS WBS","","","","","","","","","","X","","IEES","IE1-RUAT2.25.06","04de7c6a-6bd9-43cf-b24e-dd698485ee35","Agency Contractor","26/04/2021 - 02/05/2021","Ireland","29090121@sittest.com","MacLeod, Ella 29090121 29090121@sittest.com","","HPWO00091377","","",""
"COMPASS","29090300","99110979","Approved","13/04/2021","IE1-IW777.01.01.01.05","","","","IE1-IW777.01.01.01.05","","411","","0.00","","5122","","","COMPASS WBS","","","","","","","","","C","X","","IEES","IE1-IW777.01.01.01.05","26dc754c-5190-4218-98f6-97f004aa4d20","Agency Contractor","12/04/2021 - 18/04/2021","Ireland","29090300@sittest.com","Marshall, Amelia 29090300 29090300@sittest.com","","HPWO00091384","4096630","",""
"COMPASS","29090300","99110979","Approved","19/04/2021","IE1-IW777.01.01.01.05","USA7114826","","","IE1-IW777.01.01.01.05","","400","","0.00","","5024","","","COMPASS WBS","","","","","","","","","C","X","","IEES","IE1-IW777.01.01.01.05","a46e6cb2-1aea-4eb2-b4e6-c3de233aa832","Agency Contractor","19/04/2021 - 25/04/2021","Ireland","29090300@sittest.com","Marshall, Amelia 29090300 29090300@sittest.com","","HPWO00091384","4096630","",""
"COMPASS","29090300","99110979","Approved","20/04/2021","IE1-IW777.01.01.01.05","USA7114826","","","IE1-IW777.01.01.01.05","","400","","0.00","","5025","","","COMPASS WBS","","","","","","","","","C","X","","IEES","IE1-IW777.01.01.01.05","4080555e-90c7-4b7a-9034-4524bcd6ac78","Agency Contractor","19/04/2021 - 25/04/2021","Ireland","29090300@sittest.com","Marshall, Amelia 29090300 29090300@sittest.com","","HPWO00091384","4096630","",""
"COMPASS","29090300","99110979","Approved","21/04/2021","IE1-IW777.01.01.01.05","USA7114826","","","IE1-IW777.01.01.01.05","","400","","0.00","","5026","","","COMPASS WBS","","","","","","","","","C","X","","IEES","IE1-IW777.01.01.01.05","5f7a3f8b-707a-48a6-99eb-5da29c7f74ad","Agency Contractor","19/04/2021 - 25/04/2021","Ireland","29090300@sittest.com","Marshall, Amelia 29090300 29090300@sittest.com","","HPWO00091384","4096630","",""
"COMPASS","29090300","99110979","Approved","26/04/2021","IE1-IW777.01.01.01.05","USA7114826","LEGACY BILLING|Billable","","IE1-IW777.01.01.01.05","","400","","8.00","Straight Time","6584","","","COMPASS WBS","","","","","","","","","C","X","","IEES","IE1-IW777.01.01.01.05","21a98239-bd68-4f68-b0d0-967fec9d4a40","Agency Contractor","26/04/2021 - 02/05/2021","Ireland","29090300@sittest.com","Marshall, Amelia 29090300 29090300@sittest.com","","HPWO00091384","4096630","",""
"COMPASS","29090300","99110979","Approved","27/04/2021","IE1-IW777.01.01.01.05","USA7114826","LEGACY BILLING|Billable","","IE1-IW777.01.01.01.05","","400","","0.00","Straight Time","6585","","","COMPASS WBS","","","","","","","","","C","X","","IEES","IE1-IW777.01.01.01.05","9b24070e-e1d9-4546-9be3-a8a16b0d01d1","Agency Contractor","26/04/2021 - 02/05/2021","Ireland","29090300@sittest.com","Marshall, Amelia 29090300 29090300@sittest.com","","HPWO00091384","4096630","",""
"COMPASS","29090300","99110979","Approved","28/04/2021","IE1-IW777.01.01.01.05","USA7114826","LEGACY BILLING|Billable","","IE1-IW777.01.01.01.05","","400","","8.00","Straight Time","6587","","","COMPASS WBS","","","","","","","","","C","X","","IEES","IE1-IW777.01.01.01.05","04dc7225-8d90-4919-9668-591259e0e9e3","Agency Contractor","26/04/2021 - 02/05/2021","Ireland","29090300@sittest.com","Marshall, Amelia 29090300 29090300@sittest.com","","HPWO00091384","4096630","",""
"COMPASS","29090479","","Approved","22/03/2021","","","","","","","799","","1.00","","4678","","","","","","","","","","","","","","","IEEU","","43b9b49d-a979-4245-bbf2-2d58badd0576","Agency Contractor","22/03/2021 - 28/03/2021","","29090479","Parsons, Max 29090479 29090479@sittest.com","","","","",""
"COMPASS","29090479","","Approved","23/03/2021","IE1-RUAT2.25.05","","","","test","","400","","1.00","","5078","","","COMPASS WBS","","","","","","","","","C","","","IEEU","test","e894f7db-757f-4ea9-b073-a47e839b55c3","Agency Contractor","22/03/2021 - 28/03/2021","","29090479","Parsons, Max 29090479 29090479@sittest.com","","","","",""
"COMPASS","29090483","","Approved","01/03/2021","IE1-RUAT2.01","","","","IE1-RUAT2.01","","400","","0.00","","4747","","","COMPASS WBS","","","","","","","","","","X","","IEEU","IE1-RUAT2.01","a0c3a3aa-3acc-4489-8340-a2d1dbab079f","Agency Contractor","01/03/2021 - 07/03/2021","","29090483@sittest.com","Powell, Adam 29090483 29090483@sittest.com","","","","",""
"COMPASS","29090483","","Approved","01/03/2021","IE1-RUAT2.25.06","","","","IE1-RUAT2.25.06","","400","","8.00","","5191","","","COMPASS WBS","","","","","","","","","","X","","IEEU","IE1-RUAT2.25.06","f0dad1b5-4104-40be-8f35-acb8b80ccfdd","Agency Contractor","01/03/2021 - 07/03/2021","","29090483@sittest.com","Powell, Adam 29090483 29090483@sittest.com","","","","",""
"COMPASS","29090483","","Approved","29/03/2021","CA1-DMO01.03.06","","","","CA1-DMO01.03.06","","400","","7.00","","4950","","","COMPASS WBS","","","","","","","","","","X","","IEEU","CA1-DMO01.03.06","564dba9a-ae96-48eb-9d5c-b0608c3fbd43","Agency Contractor","29/03/2021 - 04/04/2021","","29090483@sittest.com","Powell, Adam 29090483 29090483@sittest.com","","","","",""
"COMPASS","29090483","","Approved","30/03/2021","IE1-RUAT2.25.06","","","","IE1-RUAT2.25.06","","400","","7.00","","4951","","","COMPASS WBS","","","","","","","","","","X","","IEEU","IE1-RUAT2.25.06","02188cb5-0845-4ab0-b663-b9c0d32aee74","Agency Contractor","29/03/2021 - 04/04/2021","","29090483@sittest.com","Powell, Adam 29090483 29090483@sittest.com","","","","",""
"COMPASS","29090636","","Approved","05/04/2021","IE1-SCM01.02.10","","","","IE1-SCM01.02.10","","400","","1.00","Straight Time","6913","","","COMPASS WBS","","","","","","","","","","X","","IEES","IE1-SCM01.02.10","b5419669-01ed-4d6d-945b-fc663c77730b","Agency Contractor","05/04/2021 - 11/04/2021","Ireland","29090636@sittest.com","IESTOT, SLII TEST 29090636 29090636@sittest.com","","HPWO00091430","","",""
"COMPASS","29090636","","Approved","05/04/2021","IE1-SCM01.02.10","","","","IE1-SCM01.02.10","","400","","2.00","Overtime","6914","","","COMPASS WBS","","","","","","","","","","X","","IEES","IE1-SCM01.02.10","3dc9ebd8-55e7-4344-a766-03709217d917","Agency Contractor","05/04/2021 - 11/04/2021","Ireland","29090636@sittest.com","IESTOT, SLII TEST 29090636 29090636@sittest.com","","HPWO00091430","","",""
"COMPASS","29090636","","Approved","05/04/2021","IE1-SCM01.02.10","","","","IE1-SCM01.02.10","","400","","3.00","Double Time","6915","","","COMPASS WBS","","","","","","","","","","X","","IEES","IE1-SCM01.02.10","2d991114-f686-4b10-9b08-5be5c8e22c6f","Agency Contractor","05/04/2021 - 11/04/2021","Ireland","29090636@sittest.com","IESTOT, SLII TEST 29090636 29090636@sittest.com","","HPWO00091430","","",""
"COMPASS","29090636","","Approved","06/04/2021","IE1-SCM01.02.10","","","","IE1-SCM01.02.10","","400","","1.00","Straight Time","6916","","","COMPASS WBS","","","","","","","","","","X","","IEES","IE1-SCM01.02.10","cff697b8-3fa5-47d8-a419-619a42552c88","Agency Contractor","05/04/2021 - 11/04/2021","Ireland","29090636@sittest.com","IESTOT, SLII TEST 29090636 29090636@sittest.com","","HPWO00091430","","",""
"COMPASS","29090636","","Approved","06/04/2021","IE1-SCM01.02.10","","","","IE1-SCM01.02.10","","400","","2.00","Overtime","6917","","","COMPASS WBS","","","","","","","","","","X","","IEES","IE1-SCM01.02.10","2f409344-57f9-4378-afd0-ee69eb94b76e","Agency Contractor","05/04/2021 - 11/04/2021","Ireland","29090636@sittest.com","IESTOT, SLII TEST 29090636 29090636@sittest.com","","HPWO00091430","","",""
"COMPASS","29090636","","Approved","06/04/2021","IE1-SCM01.02.10","","","","IE1-SCM01.02.10","","400","","3.00","Double Time","6918","","","COMPASS WBS","","","","","","","","","","X","","IEES","IE1-SCM01.02.10","b2a78d1f-d54a-47cc-98cd-1ca119b37161","Agency Contractor","05/04/2021 - 11/04/2021","Ireland","29090636@sittest.com","IESTOT, SLII TEST 29090636 29090636@sittest.com","","HPWO00091430","","",""
"COMPASS","29090636","","Approved","07/04/2021","IE1-SCM01.02.10","","","","IE1-SCM01.02.10","","400","","1.00","Straight Time","6919","","","COMPASS WBS","","","","","","","","","","X","","IEES","IE1-SCM01.02.10","475716f7-cb5e-44b6-b716-619c006e5438","Agency Contractor","05/04/2021 - 11/04/2021","Ireland","29090636@sittest.com","IESTOT, SLII TEST 29090636 29090636@sittest.com","","HPWO00091430","","",""
"COMPASS","29090636","","Approved","07/04/2021","IE1-SCM01.02.10","","","","IE1-SCM01.02.10","","400","","2.00","Overtime","6920","","","COMPASS WBS","","","","","","","","","","X","","IEES","IE1-SCM01.02.10","75651e53-95c9-4195-a415-b696fb01cea3","Agency Contractor","05/04/2021 - 11/04/2021","Ireland","29090636@sittest.com","IESTOT, SLII TEST 29090636 29090636@sittest.com","","HPWO00091430","","",""
"COMPASS","29090636","","Approved","07/04/2021","IE1-SCM01.02.10","","","","IE1-SCM01.02.10","","400","","3.00","Double Time","6921","","","COMPASS WBS","","","","","","","","","","X","","IEES","IE1-SCM01.02.10","78d8468a-cd3d-4586-8875-d798ea7002e7","Agency Contractor","05/04/2021 - 11/04/2021","Ireland","29090636@sittest.com","IESTOT, SLII TEST 29090636 29090636@sittest.com","","HPWO00091430","","",""
"COMPASS","29090636","","Approved","08/04/2021","IE1-SCM01.02.10","","","","IE1-SCM01.02.10","","400","","1.00","Straight Time","6922","","","COMPASS WBS","","","","","","","","","","X","","IEES","IE1-SCM01.02.10","383c3940-a198-487c-954d-ceb2b118070f","Agency Contractor","05/04/2021 - 11/04/2021","Ireland","29090636@sittest.com","IESTOT, SLII TEST 29090636 29090636@sittest.com","","HPWO00091430","","",""
"COMPASS","29090636","","Approved","08/04/2021","IE1-SCM01.02.10","","","","IE1-SCM01.02.10","","400","","2.00","Overtime","6923","","","COMPASS WBS","","","","","","","","","","X","","IEES","IE1-SCM01.02.10","7310e0cf-d462-4f5b-85d8-aee9244927af","Agency Contractor","05/04/2021 - 11/04/2021","Ireland","29090636@sittest.com","IESTOT, SLII TEST 29090636 29090636@sittest.com","","HPWO00091430","","",""
"COMPASS","29090636","","Approved","08/04/2021","IE1-SCM01.02.10","","","","IE1-SCM01.02.10","","400","","3.00","Double Time","6924","","","COMPASS WBS","","","","","","","","","","X","","IEES","IE1-SCM01.02.10","29d95d27-6c8a-4c66-8fcf-6595cf084558","Agency Contractor","05/04/2021 - 11/04/2021","Ireland","29090636@sittest.com","IESTOT, SLII TEST 29090636 29090636@sittest.com","","HPWO00091430","","",""
"COMPASS","29090636","","Approved","09/04/2021","IE1-SCM01.02.10","","","","IE1-SCM01.02.10","","400","","1.00","Straight Time","6925","","","COMPASS WBS","","","","","","","","","","X","","IEES","IE1-SCM01.02.10","a8e7f2aa-bd80-4fbe-865a-202379cf1595","Agency Contractor","05/04/2021 - 11/04/2021","Ireland","29090636@sittest.com","IESTOT, SLII TEST 29090636 29090636@sittest.com","","HPWO00091430","","",""
"COMPASS","29090636","","Approved","09/04/2021","IE1-SCM01.02.10","","","","IE1-SCM01.02.10","","400","","2.00","Overtime","6926","","","COMPASS WBS","","","","","","","","","","X","","IEES","IE1-SCM01.02.10","c769559d-9d10-474b-94cb-79c67eb9d5b8","Agency Contractor","05/04/2021 - 11/04/2021","Ireland","29090636@sittest.com","IESTOT, SLII TEST 29090636 29090636@sittest.com","","HPWO00091430","","",""
"COMPASS","29090636","","Approved","09/04/2021","IE1-SCM01.02.10","","","","IE1-SCM01.02.10","","400","","3.00","Double Time","6927","","","COMPASS WBS","","","","","","","","","","X","","IEES","IE1-SCM01.02.10","ac4b2629-2e8c-4d88-a16e-46d5651ebed7","Agency Contractor","05/04/2021 - 11/04/2021","Ireland","29090636@sittest.com","IESTOT, SLII TEST 29090636 29090636@sittest.com","","HPWO00091430","","",""
"COMPASS","29090636","","Approved","12/04/2021","IE1-SCM01.02.10","","","","IE1-SCM01.02.10","","400","","1.00","Double Time","6869","","","COMPASS WBS","","","","","","","","","","X","","IEES","IE1-SCM01.02.10","b5722a76-cf73-4f8e-af3e-b681e13cfe97","Agency Contractor","12/04/2021 - 18/04/2021","Ireland","29090636@sittest.com","IESTOT, SLII TEST 29090636 29090636@sittest.com","","HPWO00091430","","",""
"COMPASS","29090636","","Approved","12/04/2021","IE1-SCM01.02.10","","","","IE1-SCM01.02.10","","400","","1.00","Straight Time","6864","","","COMPASS WBS","","","","","","","","","","X","","IEES","IE1-SCM01.02.10","fa951878-24eb-453a-b61b-ee97804a85a6","Agency Contractor","12/04/2021 - 18/04/2021","Ireland","29090636@sittest.com","IESTOT, SLII TEST 29090636 29090636@sittest.com","","HPWO00091430","","",""
"COMPASS","29090636","","Approved","13/04/2021","IE1-SCM01.02.10","","","","IE1-SCM01.02.10","","400","","2.00","Double Time","6870","","","COMPASS WBS","","","","","","","","","","X","","IEES","IE1-SCM01.02.10","4e680065-2c84-424f-a5da-ae4054b06d23","Agency Contractor","12/04/2021 - 18/04/2021","Ireland","29090636@sittest.com","IESTOT, SLII TEST 29090636 29090636@sittest.com","","HPWO00091430","","",""
"COMPASS","29090636","","Approved","13/04/2021","IE1-SCM01.02.10","","","","IE1-SCM01.02.10","","400","","2.00","Straight Time","6865","","","COMPASS WBS","","","","","","","","","","X","","IEES","IE1-SCM01.02.10","6a686e9c-feba-43ca-943c-e4d177cbc3a1","Agency Contractor","12/04/2021 - 18/04/2021","Ireland","29090636@sittest.com","IESTOT, SLII TEST 29090636 29090636@sittest.com","","HPWO00091430","","",""
"COMPASS","29090636","","Approved","14/04/2021","IE1-SCM01.02.10","","","","IE1-SCM01.02.10","","400","","3.00","Double Time","6871","","","COMPASS WBS","","","","","","","","","","X","","IEES","IE1-SCM01.02.10","86d2cff0-3207-4f48-875e-dc6ea87a7127","Agency Contractor","12/04/2021 - 18/04/2021","Ireland","29090636@sittest.com","IESTOT, SLII TEST 29090636 29090636@sittest.com","","HPWO00091430","","",""
"COMPASS","29090636","","Approved","14/04/2021","IE1-SCM01.02.10","","","","IE1-SCM01.02.10","","400","","3.00","Straight Time","6866","","","COMPASS WBS","","","","","","","","","","X","","IEES","IE1-SCM01.02.10","6d384793-283b-46b3-a58b-091078c15251","Agency Contractor","12/04/2021 - 18/04/2021","Ireland","29090636@sittest.com","IESTOT, SLII TEST 29090636 29090636@sittest.com","","HPWO00091430","","",""
"COMPASS","29090636","","Approved","15/04/2021","IE1-SCM01.02.10","","","","IE1-SCM01.02.10","","400","","4.00","Straight Time","6867","","","COMPASS WBS","","","","","","","","","","X","","IEES","IE1-SCM01.02.10","88fd7024-d48d-4f27-82c2-e4f91a8a2c28","Agency Contractor","12/04/2021 - 18/04/2021","Ireland","29090636@sittest.com","IESTOT, SLII TEST 29090636 29090636@sittest.com","","HPWO00091430","","",""
"COMPASS","29090636","","Approved","16/04/2021","IE1-SCM01.02.10","","","","IE1-SCM01.02.10","","400","","5.00","Straight Time","6868","","","COMPASS WBS","","","","","","","","","","X","","IEES","IE1-SCM01.02.10","a7a81417-374c-4938-9dfc-ca8510a9154d","Agency Contractor","12/04/2021 - 18/04/2021","Ireland","29090636@sittest.com","IESTOT, SLII TEST 29090636 29090636@sittest.com","","HPWO00091430","","",""
"COMPASS","29090636","","Approved","19/04/2021","IE1-DMO01.03.05","","","","TEST FOR IE00","","400","","2.00","Overtime","7192","","","COMPASS WBS","Attribute 1","","","","","","","","","X","","IEES","TEST FOR IE00","743821b8-3ff5-4d35-8d35-dedc0d4da5b1","Agency Contractor","19/04/2021 - 25/04/2021","Ireland","29090636@sittest.com","IESTOT, SLII TEST 29090636 29090636@sittest.com","","HPWO00091430","","",""
"COMPASS","29090636","","Approved","26/04/2021","IE1-DMO01.03.05","","","","TEST FOR IE00","","400","","0.00","","6854","","","COMPASS WBS","Attribute 1","","","","","","","","","X","","IEES","TEST FOR IE00","ab4c64c9-5369-4621-9116-69c450c3a0c3","Agency Contractor","26/04/2021 - 02/05/2021","Ireland","29090636@sittest.com","IESTOT, SLII TEST 29090636 29090636@sittest.com","","HPWO00091430","","",""
"COMPASS","29090636","","Approved","26/04/2021","IE1-DMO01.03.05","","","","TEST FOR IE00","","400","","2.00","Straight Time","7288","","","COMPASS WBS","Attribute 1","","","","","","","","","X","","IEES","TEST FOR IE00","de831861-4b91-46b4-b22d-a3606bb95389","Agency Contractor","26/04/2021 - 02/05/2021","Ireland","29090636@sittest.com","IESTOT, SLII TEST 29090636 29090636@sittest.com","","HPWO00091430","","",""
"COMPASS","29090636","","Approved","27/04/2021","IE1-DMO01.03.05","","","","TEST FOR IE00","","400","","0.00","Straight Time","7289","","","COMPASS WBS","Attribute 1","","","","","","","","","X","","IEES","TEST FOR IE00","f625839e-7bfa-460d-8e28-a5e60a067525","Agency Contractor","26/04/2021 - 02/05/2021","Ireland","29090636@sittest.com","IESTOT, SLII TEST 29090636 29090636@sittest.com","","HPWO00091430","","",""
"COMPASS","29090636","","Approved","27/04/2021","IE1-DMO01.03.05","","","","TEST FOR IE00","","400","","0.00","","6855","","","COMPASS WBS","Attribute 1","","","","","","","","","X","","IEES","TEST FOR IE00","aa0fdf20-bbd0-4be4-a741-08bf32d1634e","Agency Contractor","26/04/2021 - 02/05/2021","Ireland","29090636@sittest.com","IESTOT, SLII TEST 29090636 29090636@sittest.com","","HPWO00091430","","",""
"COMPASS","29090636","","Approved","27/04/2021","","","","","","","799","","2.00","","7293","","","","","","","","","","","","","","","IEES","","dafea56f-527c-4798-9a26-0da2df2b647b","Agency Contractor","26/04/2021 - 02/05/2021","Ireland","29090636@sittest.com","IESTOT, SLII TEST 29090636 29090636@sittest.com","","HPWO00091430","","",""
"COMPASS","29090636","","Approved","28/04/2021","IE1-DMO01.03.05","","","","TEST FOR IE00","","400","","0.00","","6856","","","COMPASS WBS","Attribute 1","","","","","","","","","X","","IEES","TEST FOR IE00","7d0c631f-d061-4083-87c2-b016f69ab765","Agency Contractor","26/04/2021 - 02/05/2021","Ireland","29090636@sittest.com","IESTOT, SLII TEST 29090636 29090636@sittest.com","","HPWO00091430","","",""
"COMPASS","29090636","","Approved","28/04/2021","IE1-DMO01.03.05","","","","TEST FOR IE00","","400","","2.00","Straight Time","7290","","","COMPASS WBS","Attribute 1","","","","","","","","","X","","IEES","TEST FOR IE00","03114640-ee40-4f62-a6e6-892616ef35d2","Agency Contractor","26/04/2021 - 02/05/2021","Ireland","29090636@sittest.com","IESTOT, SLII TEST 29090636 29090636@sittest.com","","HPWO00091430","","",""
"COMPASS","29090636","","Approved","29/04/2021","IE1-DMO01.03.05","","","","TEST FOR IE00","","400","","0.00","","6857","","","COMPASS WBS","Attribute 1","","","","","","","","","X","","IEES","TEST FOR IE00","91aa7151-c94b-4e7a-bd27-8fa26162d7d9","Agency Contractor","26/04/2021 - 02/05/2021","Ireland","29090636@sittest.com","IESTOT, SLII TEST 29090636 29090636@sittest.com","","HPWO00091430","","",""
"COMPASS","29090636","","Approved","29/04/2021","IE1-DMO01.03.05","","","","TEST FOR IE00","","400","","2.00","Straight Time","7291","","","COMPASS WBS","Attribute 1","","","","","","","","","X","","IEES","TEST FOR IE00","ab220943-583f-40ac-aebe-ee2a36186d9b","Agency Contractor","26/04/2021 - 02/05/2021","Ireland","29090636@sittest.com","IESTOT, SLII TEST 29090636 29090636@sittest.com","","HPWO00091430","","",""
"COMPASS","29090636","","Approved","30/04/2021","IE1-DMO01.03.05","","","","TEST FOR IE00","","400","","0.00","","6858","","","COMPASS WBS","Attribute 1","","","","","","","","","X","","IEES","TEST FOR IE00","03acdeda-d2cc-414b-ad81-d57b711c2a6c","Agency Contractor","26/04/2021 - 02/05/2021","Ireland","29090636@sittest.com","IESTOT, SLII TEST 29090636 29090636@sittest.com","","HPWO00091430","","",""
"COMPASS","29090636","","Approved","30/04/2021","IE1-DMO01.03.05","","","","TEST FOR IE00","","400","","1.00","Straight Time","7292","","","COMPASS WBS","Attribute 1","","","","","","","","","X","","IEES","TEST FOR IE00","f7b0302a-cb50-4f69-a12a-c244ecdbc78f","Agency Contractor","26/04/2021 - 02/05/2021","Ireland","29090636@sittest.com","IESTOT, SLII TEST 29090636 29090636@sittest.com","","HPWO00091430","","",""
"COMPASS","29090636","","Approved","03/05/2021","IE1-SCM01.02.10","","","","IE1-SCM01.02.10","","400","","1.00","Straight Time","7193","","","COMPASS WBS","","","","","","","","","","X","","IEES","IE1-SCM01.02.10","fc88e77b-ba37-4daa-a6dd-ced7bd00d2c4","Agency Contractor","03/05/2021 - 09/05/2021","Ireland","29090636@sittest.com","IESTOT, SLII TEST 29090636 29090636@sittest.com","","HPWO00091430","","",""
"COMPASS","29090636","","Approved","04/05/2021","IE1-SCM01.02.10","","","","IE1-SCM01.02.10","","400","","1.00","Straight Time","7194","","","COMPASS WBS","","","","","","","","","","X","","IEES","IE1-SCM01.02.10","c1d027c6-e5a3-4557-8bd7-8c399246754f","Agency Contractor","03/05/2021 - 09/05/2021","Ireland","29090636@sittest.com","IESTOT, SLII TEST 29090636 29090636@sittest.com","","HPWO00091430","","",""
"COMPASS","29090636","","Approved","05/05/2021","IE1-SCM01.02.10","","","","IE1-SCM01.02.10","","400","","1.00","Straight Time","7195","","","COMPASS WBS","","","","","","","","","","X","","IEES","IE1-SCM01.02.10","05970b1b-8b87-418b-ac71-aa09333ac8e9","Agency Contractor","03/05/2021 - 09/05/2021","Ireland","29090636@sittest.com","IESTOT, SLII TEST 29090636 29090636@sittest.com","","HPWO00091430","","",""
"COMPASS","29090636","","Approved","06/05/2021","IE1-SCM01.02.10","","","","IE1-SCM01.02.10","","400","","1.00","Straight Time","7198","","","COMPASS WBS","","","","","","","","","","X","","IEES","IE1-SCM01.02.10","08a36a1b-4a18-43c7-831f-471ea9a8e9b4","Agency Contractor","03/05/2021 - 09/05/2021","Ireland","29090636@sittest.com","IESTOT, SLII TEST 29090636 29090636@sittest.com","","HPWO00091430","","",""
"COMPASS","29090636","","Approved","07/05/2021","IE1-SCM01.02.10","","","","IE1-SCM01.02.10","","400","","1.00","Straight Time","7196","","","COMPASS WBS","","","","","","","","","","X","","IEES","IE1-SCM01.02.10","eace193e-587e-4be3-9e16-af2aa629c749","Agency Contractor","03/05/2021 - 09/05/2021","Ireland","29090636@sittest.com","IESTOT, SLII TEST 29090636 29090636@sittest.com","","HPWO00091430","","",""
"COMPASS","29090636","","Approved","08/05/2021","IE1-SCM01.02.10","","","","IE1-SCM01.02.10","","400","","1.00","Straight Time","7197","","","COMPASS WBS","","","","","","","","","","X","","IEES","IE1-SCM01.02.10","57097822-141c-487c-9153-a77346173b9a","Agency Contractor","03/05/2021 - 09/05/2021","Ireland","29090636@sittest.com","IESTOT, SLII TEST 29090636 29090636@sittest.com","","HPWO00091430","","",""
"COMPASS","29090636","","Approved","09/05/2021","IE1-SCM01.02.10","","","","IE1-SCM01.02.10","","400","","0.00","Straight Time","7199","","","COMPASS WBS","","","","","","","","","","X","","IEES","IE1-SCM01.02.10","37fb8a15-4f89-4191-a58f-8a819bb47e11","Agency Contractor","03/05/2021 - 09/05/2021","Ireland","29090636@sittest.com","IESTOT, SLII TEST 29090636 29090636@sittest.com","","HPWO00091430","","",""
"COMPASS","29090640","","Approved","03/05/2021","IE1-DMO01.03.05","","","","TEST","","400","","0.00","Straight Time","7547","","","COMPASS WBS","Attribute 1","","","","","","","","","X","","IEES","TEST","270409ed-dba3-4b32-8a81-9ecb1320941a","Agency Contractor","03/05/2021 - 09/05/2021","Ireland","29090640@sittest.com","IERetroactiveChange, SLII TEST 29090640 29090640@sittest.com","","HPWO00091434","","",""
"COMPASS","29090640","","Approved","03/05/2021","IE1-DMO01.03.05","","","","TEST","","400","","2.00","Straight Time","7556","","","COMPASS WBS","Attribute 1","","","","","","","","","X","","IEES","TEST","76117059-fe80-4cd6-bcc3-65d2fd223dc0","Agency Contractor","03/05/2021 - 09/05/2021","Ireland","29090640@sittest.com","IERetroactiveChange, SLII TEST 29090640 29090640@sittest.com","","HPWO00091434","","",""
"COMPASS","29090640","","Approved","03/05/2021","IE1-DMO01.03.05","","","","TEST FOR IE00","","400","","0.00","Double Time","7546","","","COMPASS WBS","Attribute 1","","","","","","","","","X","","IEES","TEST FOR IE00","0f7b3000-36f5-4953-9a43-30e324329923","Agency Contractor","03/05/2021 - 09/05/2021","Ireland","29090640@sittest.com","IERetroactiveChange, SLII TEST 29090640 29090640@sittest.com","","HPWO00091434","","",""
"COMPASS","29090640","","Approved","03/05/2021","IE1-DMO01.03.05","","","","TEST FOR IE00","","400","","2.00","Double Time","7560","","","COMPASS WBS","Attribute 1","","","","","","","","","X","","IEES","TEST FOR IE00","b4c31339-e827-4dfd-9fc9-9ddf9b0b77d3","Agency Contractor","03/05/2021 - 09/05/2021","Ireland","29090640@sittest.com","IERetroactiveChange, SLII TEST 29090640 29090640@sittest.com","","HPWO00091434","","",""
"COMPASS","29090640","","Approved","04/05/2021","IE1-DMO01.03.05","","","","TEST","","400","","2.00","Straight Time","7557","","","COMPASS WBS","Attribute 1","","","","","","","","","X","","IEES","TEST","bc0cb267-82e6-46a6-93e8-ec941b33499e","Agency Contractor","03/05/2021 - 09/05/2021","Ireland","29090640@sittest.com","IERetroactiveChange, SLII TEST 29090640 29090640@sittest.com","","HPWO00091434","","",""
"COMPASS","29090640","","Approved","04/05/2021","IE1-DMO01.03.05","","","","TEST FOR IE00","","400","","1.00","Double Time","7561","","","COMPASS WBS","Attribute 1","","","","","","","","","X","","IEES","TEST FOR IE00","0d0306f1-b2b9-4344-82cb-92eb4293f3c4","Agency Contractor","03/05/2021 - 09/05/2021","Ireland","29090640@sittest.com","IERetroactiveChange, SLII TEST 29090640 29090640@sittest.com","","HPWO00091434","","",""
"COMPASS","29090640","","Approved","05/05/2021","IE1-DMO01.03.05","","","","TEST","","400","","2.00","Straight Time","7558","","","COMPASS WBS","Attribute 1","","","","","","","","","X","","IEES","TEST","729ed286-fac0-4ea6-aebf-4ab1c77116c1","Agency Contractor","03/05/2021 - 09/05/2021","Ireland","29090640@sittest.com","IERetroactiveChange, SLII TEST 29090640 29090640@sittest.com","","HPWO00091434","","",""
"COMPASS","29090640","","Approved","05/05/2021","IE1-DMO01.03.05","","","","TEST FOR IE00","","400","","1.00","Double Time","7562","","","COMPASS WBS","Attribute 1","","","","","","","","","X","","IEES","TEST FOR IE00","51f57028-c62a-4f41-8dcb-2e868c14d527","Agency Contractor","03/05/2021 - 09/05/2021","Ireland","29090640@sittest.com","IERetroactiveChange, SLII TEST 29090640 29090640@sittest.com","","HPWO00091434","","",""
"COMPASS","29090653","","Approved","03/05/2021","","","","","","","799","","8.00","","7911","","","","","","","","","","","","","","","IEES","","bf8903d0-f076-4e1d-9887-eb76488d0449","Agency Contractor","03/05/2021 - 09/05/2021","Ireland","29090653@sittest.com","IE, Compass Expire 29090653 29090653@sittest.com","","HPWO00091438","","",""
"COMPASS","29090653","","Approved","04/05/2021","IE1-DMO01.03.05","","","","TEST FOR IE00","","400","","8.00","Straight Time","7919","","","COMPASS WBS","Attribute 1","","","","","","","","","X","","IEES","TEST FOR IE00","2d7bbd75-7b8d-4bb5-a64c-a421ea5f3181","Agency Contractor","03/05/2021 - 09/05/2021","Ireland","29090653@sittest.com","IE, Compass Expire 29090653 29090653@sittest.com","","HPWO00091438","","",""
"COMPASS","29090653","","Approved","05/05/2021","IE1-DMO01.03.05","","","","TEST FOR IE00","","400","","8.00","Straight Time","7920","","","COMPASS WBS","Attribute 1","","","","","","","","","X","","IEES","TEST FOR IE00","fa7faf03-c563-4b25-a84d-b7442c1e50a9","Agency Contractor","03/05/2021 - 09/05/2021","Ireland","29090653@sittest.com","IE, Compass Expire 29090653 29090653@sittest.com","","HPWO00091438","","",""
"COMPASS","29090653","","Approved","06/05/2021","IE1-DMO01.03.05","","","","TEST FOR IE00","","400","","8.00","Straight Time","7921","","","COMPASS WBS","Attribute 1","","","","","","","","","X","","IEES","TEST FOR IE00","d7ed62b1-736f-4a24-8933-3e9895cde9a2","Agency Contractor","03/05/2021 - 09/05/2021","Ireland","29090653@sittest.com","IE, Compass Expire 29090653 29090653@sittest.com","","HPWO00091438","","",""
"COMPASS","29090653","","Approved","06/05/2021","","","","","","","799","","4.00","","7939","","","","","","","","","","","","","","","IEES","","af82b34c-fd36-4e4a-8b5b-c90c9b93bcb7","Agency Contractor","03/05/2021 - 09/05/2021","Ireland","29090653@sittest.com","IE, Compass Expire 29090653 29090653@sittest.com","","HPWO00091438","","",""
"COMPASS","29090653","","Approved","07/05/2021","IE1-DMO01.03.05","","","","TEST FOR IE00","","400","","0.00","Straight Time","7922","","","COMPASS WBS","Attribute 1","","","","","","","","","X","","IEES","TEST FOR IE00","d799131a-4473-4df0-bda8-722e5c741740","Agency Contractor","03/05/2021 - 09/05/2021","Ireland","29090653@sittest.com","IE, Compass Expire 29090653 29090653@sittest.com","","HPWO00091438","","",""
"COMPASS","29090653","","Approved","07/05/2021","","","","","","","799","","4.00","","7915","","","","","","","","","","","","","","","IEES","","aee51843-ecca-4d9e-85ff-2f8448074ee6","Agency Contractor","03/05/2021 - 09/05/2021","Ireland","29090653@sittest.com","IE, Compass Expire 29090653 29090653@sittest.com","","HPWO00091438","","",""
"COMPASS","29090653","","Approved","08/05/2021","","","","","","","799","","8.00","","7917","","","","","","","","","","","","","","","IEES","","244ad531-4d8e-46cd-94a8-e745f7df1c9e","Agency Contractor","03/05/2021 - 09/05/2021","Ireland","29090653@sittest.com","IE, Compass Expire 29090653 29090653@sittest.com","","HPWO00091438","","",""
"COMPASS","29091104","","Approved","10/05/2021","IE1-DMOC1.25.05","IEEU501028","","","IE1-DMOC1.25.05","","401","","2.00","Overtime","59022","","","COMPASS WBS","","","","","","","","","C","","","IEEU","IE1-DMOC1.25.05","d4929593-7582-4f23-8280-d2e663f26c85","Agency Contractor","10/05/2021 - 16/05/2021","Ireland","29091104@sittest.com","Hill, San 29091104 29091104@sittest.com","","HPWO00091447","","",""
"COMPASS","29091104","","Approved","10/05/2021","IE1-DMOC1.25.05","IEEU501028","","","IE1-DMOC1.25.05","","401","","8.00","Straight Time","59012","","","COMPASS WBS","","","","","","","","","C","","","IEEU","IE1-DMOC1.25.05","ef787dcd-efad-4f29-ba97-fb3bfc216715","Agency Contractor","10/05/2021 - 16/05/2021","Ireland","29091104@sittest.com","Hill, San 29091104 29091104@sittest.com","","HPWO00091447","","",""
"COMPASS","29091104","","Approved","11/05/2021","IE1-DMOC1.25.05","IEEU501028","","","IE1-DMOC1.25.05","","401","","2.00","Overtime","59023","","","COMPASS WBS","","","","","","","","","C","","","IEEU","IE1-DMOC1.25.05","d917c6c3-fda4-435c-8575-b02159a63384","Agency Contractor","10/05/2021 - 16/05/2021","Ireland","29091104@sittest.com","Hill, San 29091104 29091104@sittest.com","","HPWO00091447","","",""
"COMPASS","29091104","","Approved","11/05/2021","IE1-DMOC1.25.05","IEEU501028","","","IE1-DMOC1.25.05","","401","","8.00","Straight Time","59014","","","COMPASS WBS","","","","","","","","","C","","","IEEU","IE1-DMOC1.25.05","cb5c8318-08f6-4be3-a4ec-326078fcc1a7","Agency Contractor","10/05/2021 - 16/05/2021","Ireland","29091104@sittest.com","Hill, San 29091104 29091104@sittest.com","","HPWO00091447","","",""
"COMPASS","29091104","","Approved","12/05/2021","IE1-DMOC1.25.05","IEEU501028","","","IE1-DMOC1.25.05","","401","","2.00","Overtime","59024","","","COMPASS WBS","","","","","","","","","C","","","IEEU","IE1-DMOC1.25.05","882f6732-f888-44e2-9123-7f15ef46d932","Agency Contractor","10/05/2021 - 16/05/2021","Ireland","29091104@sittest.com","Hill, San 29091104 29091104@sittest.com","","HPWO00091447","","",""
"COMPASS","29091104","","Approved","12/05/2021","IE1-DMOC1.25.05","IEEU501028","","","IE1-DMOC1.25.05","","401","","8.00","Straight Time","59015","","","COMPASS WBS","","","","","","","","","C","","","IEEU","IE1-DMOC1.25.05","d76c9e73-dfd2-4323-b7d9-e5eae1257142","Agency Contractor","10/05/2021 - 16/05/2021","Ireland","29091104@sittest.com","Hill, San 29091104 29091104@sittest.com","","HPWO00091447","","",""
"COMPASS","29091104","","Approved","13/05/2021","IE1-DMOC1.25.05","IEEU501028","","","IE1-DMOC1.25.05","","401","","2.00","Overtime","59025","","","COMPASS WBS","","","","","","","","","C","","","IEEU","IE1-DMOC1.25.05","47724133-e286-41f7-8de7-d4daacc9de5a","Agency Contractor","10/05/2021 - 16/05/2021","Ireland","29091104@sittest.com","Hill, San 29091104 29091104@sittest.com","","HPWO00091447","","",""
"COMPASS","29091104","","Approved","13/05/2021","IE1-DMOC1.25.05","IEEU501028","","","IE1-DMOC1.25.05","","401","","8.00","Straight Time","59016","","","COMPASS WBS","","","","","","","","","C","","","IEEU","IE1-DMOC1.25.05","5307fe44-7e77-41ae-a98c-0d2d775cb53b","Agency Contractor","10/05/2021 - 16/05/2021","Ireland","29091104@sittest.com","Hill, San 29091104 29091104@sittest.com","","HPWO00091447","","",""
"COMPASS","29091104","","Approved","14/05/2021","IE1-DMOC1.25.05","IEEU501028","","","IE1-DMOC1.25.05","","401","","2.00","Overtime","59026","","","COMPASS WBS","","","","","","","","","C","","","IEEU","IE1-DMOC1.25.05","32dd0ef2-55c6-42db-95ac-dfb45b3cabc6","Agency Contractor","10/05/2021 - 16/05/2021","Ireland","29091104@sittest.com","Hill, San 29091104 29091104@sittest.com","","HPWO00091447","","",""
"COMPASS","29091104","","Approved","14/05/2021","IE1-DMOC1.25.05","IEEU501028","","","IE1-DMOC1.25.05","","401","","8.00","Straight Time","59018","","","COMPASS WBS","","","","","","","","","C","","","IEEU","IE1-DMOC1.25.05","984696da-ff03-4a41-8271-511f397ee44c","Agency Contractor","10/05/2021 - 16/05/2021","Ireland","29091104@sittest.com","Hill, San 29091104 29091104@sittest.com","","HPWO00091447","","",""
"COMPASS","29091105","","Approved","10/05/2021","IE1-DMOC1.25.05","IEEU501028","","","IE1-DMOC1.25.05","","400","","2.00","Double Time","59032","","","COMPASS WBS","","","","","","","","","C","","","IEEU","IE1-DMOC1.25.05","737487fa-ba93-4d02-a1c6-5cb50f956803","Agency Contractor","10/05/2021 - 16/05/2021","Ireland","29091105@sittest.com","Ti, Shaak 29091105 29091105@sittest.com","","HPWO00091516","","99748644",""
"COMPASS","29091105","","Approved","10/05/2021","IE1-DMOC1.25.05","IEEU501028","","","IE1-DMOC1.25.05","","400","","8.00","Straight Time","59027","","","COMPASS WBS","","","","","","","","","C","","","IEEU","IE1-DMOC1.25.05","56bbe577-9901-4081-88ad-4659c24b37c3","Agency Contractor","10/05/2021 - 16/05/2021","Ireland","29091105@sittest.com","Ti, Shaak 29091105 29091105@sittest.com","","HPWO00091516","","99748644",""
"COMPASS","29091105","","Approved","11/05/2021","IE1-DMOC1.25.05","IEEU501028","","","IE1-DMOC1.25.05","","400","","2.00","Double Time","59033","","","COMPASS WBS","","","","","","","","","C","","","IEEU","IE1-DMOC1.25.05","b4f97363-661f-4f7e-a02f-aa4690eae082","Agency Contractor","10/05/2021 - 16/05/2021","Ireland","29091105@sittest.com","Ti, Shaak 29091105 29091105@sittest.com","","HPWO00091516","","99748644",""
"COMPASS","29091105","","Approved","11/05/2021","IE1-DMOC1.25.05","IEEU501028","","","IE1-DMOC1.25.05","","400","","8.00","Straight Time","59028","","","COMPASS WBS","","","","","","","","","C","","","IEEU","IE1-DMOC1.25.05","efcbfeb8-aa5f-40ed-9831-021fa290b584","Agency Contractor","10/05/2021 - 16/05/2021","Ireland","29091105@sittest.com","Ti, Shaak 29091105 29091105@sittest.com","","HPWO00091516","","99748644",""
"COMPASS","29091105","","Approved","12/05/2021","IE1-DMOC1.25.05","IEEU501028","","","IE1-DMOC1.25.05","","400","","2.00","Double Time","59034","","","COMPASS WBS","","","","","","","","","C","","","IEEU","IE1-DMOC1.25.05","6677499e-c74b-4526-bcca-af1ed2824c39","Agency Contractor","10/05/2021 - 16/05/2021","Ireland","29091105@sittest.com","Ti, Shaak 29091105 29091105@sittest.com","","HPWO00091516","","99748644",""
"COMPASS","29091105","","Approved","12/05/2021","IE1-DMOC1.25.05","IEEU501028","","","IE1-DMOC1.25.05","","400","","8.00","Straight Time","59029","","","COMPASS WBS","","","","","","","","","C","","","IEEU","IE1-DMOC1.25.05","e3960b2a-077f-4dfc-b9b4-202f922d9fab","Agency Contractor","10/05/2021 - 16/05/2021","Ireland","29091105@sittest.com","Ti, Shaak 29091105 29091105@sittest.com","","HPWO00091516","","99748644",""
"COMPASS","29091105","","Approved","13/05/2021","IE1-DMOC1.25.05","IEEU501028","","","IE1-DMOC1.25.05","","400","","2.00","Double Time","59035","","","COMPASS WBS","","","","","","","","","C","","","IEEU","IE1-DMOC1.25.05","577726be-e8e5-476c-9e69-9393ca0e87f6","Agency Contractor","10/05/2021 - 16/05/2021","Ireland","29091105@sittest.com","Ti, Shaak 29091105 29091105@sittest.com","","HPWO00091516","","99748644",""
"COMPASS","29091105","","Approved","13/05/2021","IE1-DMOC1.25.05","IEEU501028","","","IE1-DMOC1.25.05","","400","","8.00","Straight Time","59030","","","COMPASS WBS","","","","","","","","","C","","","IEEU","IE1-DMOC1.25.05","0bd54510-478d-41bf-994a-46322405b1b8","Agency Contractor","10/05/2021 - 16/05/2021","Ireland","29091105@sittest.com","Ti, Shaak 29091105 29091105@sittest.com","","HPWO00091516","","99748644",""
"COMPASS","29091105","","Approved","14/05/2021","IE1-DMOC1.25.05","IEEU501028","","","IE1-DMOC1.25.05","","400","","2.00","Double Time","59036","","","COMPASS WBS","","","","","","","","","C","","","IEEU","IE1-DMOC1.25.05","8068b403-a02b-4ad3-ad95-bdd652301233","Agency Contractor","10/05/2021 - 16/05/2021","Ireland","29091105@sittest.com","Ti, Shaak 29091105 29091105@sittest.com","","HPWO00091516","","99748644",""
"COMPASS","29091105","","Approved","14/05/2021","IE1-DMOC1.25.05","IEEU501028","","","IE1-DMOC1.25.05","","400","","8.00","Straight Time","59031","","","COMPASS WBS","","","","","","","","","C","","","IEEU","IE1-DMOC1.25.05","2a0da886-b274-44bc-ad15-5fbc02a35592","Agency Contractor","10/05/2021 - 16/05/2021","Ireland","29091105@sittest.com","Ti, Shaak 29091105 29091105@sittest.com","","HPWO00091516","","99748644",""
"COMPASS","29091107","","Approved","10/05/2021","IE1-DMOC1.25.05","IEEU501028","","","IE1-DMOC1.25.05","","400","","1.00","Double Time","59054","","","COMPASS WBS","","","","","","","","","C","","","IEEU","IE1-DMOC1.25.05","3f6b1582-0721-458f-989c-558b20773ffa","Agency Contractor","10/05/2021 - 16/05/2021","Ireland","29091107@sittest.com","Moore, Sly 29091107 29091107@sittest.com","","HPWO00091450","","",""
"COMPASS","29091107","","Approved","10/05/2021","IE1-DMOC1.25.05","IEEU501028","","","IE1-DMOC1.25.05","","400","","8.00","Straight Time","59049","","","COMPASS WBS","","","","","","","","","C","","","IEEU","IE1-DMOC1.25.05","8c66a344-022a-471b-8342-bce3c43faaf1","Agency Contractor","10/05/2021 - 16/05/2021","Ireland","29091107@sittest.com","Moore, Sly 29091107 29091107@sittest.com","","HPWO00091450","","",""
"COMPASS","29091107","","Approved","11/05/2021","IE1-DMOC1.25.05","IEEU501028","","","IE1-DMOC1.25.05","","400","","1.00","Double Time","59055","","","COMPASS WBS","","","","","","","","","C","","","IEEU","IE1-DMOC1.25.05","035cf069-ce72-4571-85e3-ca3b9d9ab2f2","Agency Contractor","10/05/2021 - 16/05/2021","Ireland","29091107@sittest.com","Moore, Sly 29091107 29091107@sittest.com","","HPWO00091450","","",""
"COMPASS","29091107","","Approved","11/05/2021","IE1-DMOC1.25.05","IEEU501028","","","IE1-DMOC1.25.05","","400","","8.00","Straight Time","59050","","","COMPASS WBS","","","","","","","","","C","","","IEEU","IE1-DMOC1.25.05","43157858-cf8d-4823-af4f-7de649cd3395","Agency Contractor","10/05/2021 - 16/05/2021","Ireland","29091107@sittest.com","Moore, Sly 29091107 29091107@sittest.com","","HPWO00091450","","",""
"COMPASS","29091107","","Approved","12/05/2021","IE1-DMOC1.25.05","IEEU501028","","","IE1-DMOC1.25.05","","400","","1.00","Double Time","59056","","","COMPASS WBS","","","","","","","","","C","","","IEEU","IE1-DMOC1.25.05","29da6497-5300-4690-9c24-5f05574349d1","Agency Contractor","10/05/2021 - 16/05/2021","Ireland","29091107@sittest.com","Moore, Sly 29091107 29091107@sittest.com","","HPWO00091450","","",""
"COMPASS","29091107","","Approved","12/05/2021","IE1-DMOC1.25.05","IEEU501028","","","IE1-DMOC1.25.05","","400","","8.00","Straight Time","59051","","","COMPASS WBS","","","","","","","","","C","","","IEEU","IE1-DMOC1.25.05","8937cc74-abe0-4ff4-9a77-6a01ef380d52","Agency Contractor","10/05/2021 - 16/05/2021","Ireland","29091107@sittest.com","Moore, Sly 29091107 29091107@sittest.com","","HPWO00091450","","",""
"COMPASS","29091107","","Approved","13/05/2021","IE1-DMOC1.25.05","IEEU501028","","","IE1-DMOC1.25.05","","400","","1.00","Double Time","59057","","","COMPASS WBS","","","","","","","","","C","","","IEEU","IE1-DMOC1.25.05","d3b0d7a4-a9ea-4d87-ad3f-62c2e774b43e","Agency Contractor","10/05/2021 - 16/05/2021","Ireland","29091107@sittest.com","Moore, Sly 29091107 29091107@sittest.com","","HPWO00091450","","",""
"COMPASS","29091107","","Approved","13/05/2021","IE1-DMOC1.25.05","IEEU501028","","","IE1-DMOC1.25.05","","400","","8.00","Straight Time","59052","","","COMPASS WBS","","","","","","","","","C","","","IEEU","IE1-DMOC1.25.05","fee8e503-5410-4b2c-82e6-6d26112a8f0d","Agency Contractor","10/05/2021 - 16/05/2021","Ireland","29091107@sittest.com","Moore, Sly 29091107 29091107@sittest.com","","HPWO00091450","","",""
"COMPASS","29091107","","Approved","14/05/2021","IE1-DMOC1.25.05","IEEU501028","","","IE1-DMOC1.25.05","","400","","1.00","Double Time","59058","","","COMPASS WBS","","","","","","","","","C","","","IEEU","IE1-DMOC1.25.05","6097bf52-1fd0-439f-adb2-752ec3a14cdd","Agency Contractor","10/05/2021 - 16/05/2021","Ireland","29091107@sittest.com","Moore, Sly 29091107 29091107@sittest.com","","HPWO00091450","","",""
"COMPASS","29091107","","Approved","14/05/2021","IE1-DMOC1.25.05","IEEU501028","","","IE1-DMOC1.25.05","","400","","8.00","Straight Time","59053","","","COMPASS WBS","","","","","","","","","C","","","IEEU","IE1-DMOC1.25.05","811e5d87-a673-48de-ad09-02b673c26506","Agency Contractor","10/05/2021 - 16/05/2021","Ireland","29091107@sittest.com","Moore, Sly 29091107 29091107@sittest.com","","HPWO00091450","","",""
"COMPASS","29091107","","Approved","15/05/2021","","IEEU501028","","","","","799","","2.00","","59059","","","","","","","","","","","","","","","IEEU","","3876c063-5e98-4265-9fea-830e217985e3","Agency Contractor","10/05/2021 - 16/05/2021","Ireland","29091107@sittest.com","Moore, Sly 29091107 29091107@sittest.com","","HPWO00091450","","",""
"COMPASS","29091110","","Approved","10/05/2021","IE1-DMOC1.25.05","IEEU501028","","","IE1-DMOC1.25.05","","400","","2.00","Overtime","59089","","","COMPASS WBS","","","","","","","","","C","","","IEEU","IE1-DMOC1.25.05","7152e9a7-ce69-41d1-a553-287e4ad6f075","Agency Contractor","10/05/2021 - 16/05/2021","Ireland","29091110@sittest.com","Potter, Lily 29091110 29091110@sittest.com","","HPWO00091453","","",""
"COMPASS","29091110","","Approved","10/05/2021","IE1-DMOC1.25.05","IEEU501028","","","IE1-DMOC1.25.05","","400","","8.00","Straight Time","59084","","","COMPASS WBS","","","","","","","","","C","","","IEEU","IE1-DMOC1.25.05","edabdcce-1347-458d-9dc0-98ec6fc2637f","Agency Contractor","10/05/2021 - 16/05/2021","Ireland","29091110@sittest.com","Potter, Lily 29091110 29091110@sittest.com","","HPWO00091453","","",""
"COMPASS","29091110","","Approved","11/05/2021","IE1-DMOC1.25.05","IEEU501028","","","IE1-DMOC1.25.05","","400","","2.00","Overtime","59090","","","COMPASS WBS","","","","","","","","","C","","","IEEU","IE1-DMOC1.25.05","f610f222-c308-4e22-9f89-1ab15fa8bddc","Agency Contractor","10/05/2021 - 16/05/2021","Ireland","29091110@sittest.com","Potter, Lily 29091110 29091110@sittest.com","","HPWO00091453","","",""
"COMPASS","29091110","","Approved","11/05/2021","IE1-DMOC1.25.05","IEEU501028","","","IE1-DMOC1.25.05","","400","","8.00","Straight Time","59085","","","COMPASS WBS","","","","","","","","","C","","","IEEU","IE1-DMOC1.25.05","cef6895a-12f2-4244-9725-81156bb624f1","Agency Contractor","10/05/2021 - 16/05/2021","Ireland","29091110@sittest.com","Potter, Lily 29091110 29091110@sittest.com","","HPWO00091453","","",""
"COMPASS","29091110","","Approved","12/05/2021","IE1-DMOC1.25.05","IEEU501028","","","IE1-DMOC1.25.05","","400","","2.00","Overtime","59091","","","COMPASS WBS","","","","","","","","","C","","","IEEU","IE1-DMOC1.25.05","5ce124d2-3e33-464b-a0b7-febf55526c4b","Agency Contractor","10/05/2021 - 16/05/2021","Ireland","29091110@sittest.com","Potter, Lily 29091110 29091110@sittest.com","","HPWO00091453","","",""
"COMPASS","29091110","","Approved","12/05/2021","IE1-DMOC1.25.05","IEEU501028","","","IE1-DMOC1.25.05","","400","","8.00","Straight Time","59086","","","COMPASS WBS","","","","","","","","","C","","","IEEU","IE1-DMOC1.25.05","4e69260b-d276-4945-87d2-a71e727fb1f1","Agency Contractor","10/05/2021 - 16/05/2021","Ireland","29091110@sittest.com","Potter, Lily 29091110 29091110@sittest.com","","HPWO00091453","","",""
"COMPASS","29091110","","Approved","13/05/2021","IE1-DMOC1.25.05","IEEU501028","","","IE1-DMOC1.25.05","","400","","2.00","Overtime","59092","","","COMPASS WBS","","","","","","","","","C","","","IEEU","IE1-DMOC1.25.05","4d13c77b-004c-49d6-b572-497a44bff831","Agency Contractor","10/05/2021 - 16/05/2021","Ireland","29091110@sittest.com","Potter, Lily 29091110 29091110@sittest.com","","HPWO00091453","","",""
"COMPASS","29091110","","Approved","13/05/2021","IE1-DMOC1.25.05","IEEU501028","","","IE1-DMOC1.25.05","","400","","8.00","Straight Time","59087","","","COMPASS WBS","","","","","","","","","C","","","IEEU","IE1-DMOC1.25.05","a87b28fe-e39a-4761-a9cd-2be7861e7ef0","Agency Contractor","10/05/2021 - 16/05/2021","Ireland","29091110@sittest.com","Potter, Lily 29091110 29091110@sittest.com","","HPWO00091453","","",""
"COMPASS","29091110","","Approved","14/05/2021","IE1-DMOC1.25.05","IEEU501028","","","IE1-DMOC1.25.05","","400","","2.00","Overtime","59093","","","COMPASS WBS","","","","","","","","","C","","","IEEU","IE1-DMOC1.25.05","ccf7e7b6-09f1-4a24-91ff-9ebb6448f6c1","Agency Contractor","10/05/2021 - 16/05/2021","Ireland","29091110@sittest.com","Potter, Lily 29091110 29091110@sittest.com","","HPWO00091453","","",""
"COMPASS","29091110","","Approved","14/05/2021","IE1-DMOC1.25.05","IEEU501028","","","IE1-DMOC1.25.05","","400","","8.00","Straight Time","59088","","","COMPASS WBS","","","","","","","","","C","","","IEEU","IE1-DMOC1.25.05","f888b14f-216b-41ce-bed2-3786e06dc5ea","Agency Contractor","10/05/2021 - 16/05/2021","Ireland","29091110@sittest.com","Potter, Lily 29091110 29091110@sittest.com","","HPWO00091453","","",""
"COMPASS","29091116","","Approved","10/05/2021","IE1-DMOC1.25.05","IEEU501028","","","IE1-DMOC1.25.05","","400","","8.00","Straight Time","59172","","","COMPASS WBS","","","","","","","","","C","","","IEEU","IE1-DMOC1.25.05","f20f5acd-820d-4d55-9c49-98381e230d39","Agency Contractor","10/05/2021 - 16/05/2021","Ireland","29091116@sittest.com","Delacour, Fleur 29091116 29091116@sittest.com","","HPWO00091459","","",""
"COMPASS","29091116","","Approved","11/05/2021","IE1-DMOC1.25.05","IEEU501028","","","IE1-DMOC1.25.05","","400","","8.00","Straight Time","59483","","","COMPASS WBS","","","","","","","","","C","","","IEEU","IE1-DMOC1.25.05","6f2434e2-f8be-4577-a57a-054349b52293","Agency Contractor","10/05/2021 - 16/05/2021","Ireland","29091116@sittest.com","Delacour, Fleur 29091116 29091116@sittest.com","","HPWO00091459","","",""
"COMPASS","29091116","","Approved","12/05/2021","IE1-DMOC1.25.05","IEEU501028","","","IE1-DMOC1.25.05","","400","","8.00","Straight Time","59480","","","COMPASS WBS","","","","","","","","","C","","","IEEU","IE1-DMOC1.25.05","2ebd60a3-2874-406b-88ee-de5b150cde05","Agency Contractor","10/05/2021 - 16/05/2021","Ireland","29091116@sittest.com","Delacour, Fleur 29091116 29091116@sittest.com","","HPWO00091459","","",""
"COMPASS","29091116","","Approved","13/05/2021","IE1-DMOC1.25.05","IEEU501028","","","IE1-DMOC1.25.05","","400","","8.00","Straight Time","59481","","","COMPASS WBS","","","","","","","","","C","","","IEEU","IE1-DMOC1.25.05","ffe5ac48-217d-42e3-8a26-6c63cc3986c6","Agency Contractor","10/05/2021 - 16/05/2021","Ireland","29091116@sittest.com","Delacour, Fleur 29091116 29091116@sittest.com","","HPWO00091459","","",""
"COMPASS","29091116","","Approved","14/05/2021","IE1-DMOC1.25.05","IEEU501028","","","IE1-DMOC1.25.05","","400","","8.00","Straight Time","59482","","","COMPASS WBS","","","","","","","","","C","","","IEEU","IE1-DMOC1.25.05","bf6ab480-0e02-49b1-85e4-b682de2cd501","Agency Contractor","10/05/2021 - 16/05/2021","Ireland","29091116@sittest.com","Delacour, Fleur 29091116 29091116@sittest.com","","HPWO00091459","","",""
"COMPASS","29091644","","Approved","28/06/2021","DE1-DMOC1.25.09","DEET509239","","","TEST09_3","","400","","4.00","Straight Time","90966","","z","COMPASS WBS","Attribute 1","","","","","","","","C","","","DEET","TEST09_3","906fe9d2-b7dd-4026-a0c5-94a3f8b0c794","Agency Contractor","28/06/2021 - 04/07/2021","Germany","29091644@sittest.com","Jeffrey, Rodebaugh 29091644 29091644@sittest.com","","HPWO00091558","","",""
"COMPASS","29091644","","Approved","29/06/2021","DE1-DMOC1.25.09","DEET509239","","","TEST09_3","","400","","4.00","Straight Time","90967","","f","COMPASS WBS","Attribute 1","","","","","","","","C","","","DEET","TEST09_3","a1079b75-9f79-4fe3-8610-30b719933c99","Agency Contractor","28/06/2021 - 04/07/2021","Germany","29091644@sittest.com","Jeffrey, Rodebaugh 29091644 29091644@sittest.com","","HPWO00091558","","",""
"COMPASS","29091644","","Approved","30/06/2021","DE1-DMOC1.25.09","DEET509239","","","TEST09_3","","400","","4.00","Straight Time","90968","","test","COMPASS WBS","Attribute 1","","","","","","","","C","","","DEET","TEST09_3","cc6770f0-302a-4e1e-987f-6491da9ff5f6","Agency Contractor","28/06/2021 - 04/07/2021","Germany","29091644@sittest.com","Jeffrey, Rodebaugh 29091644 29091644@sittest.com","","HPWO00091558","","",""
"COMPASS","29091644","","Approved","01/07/2021","DE1-DMOC1.25.09","DEET509239","","","TEST09_3","","400","","4.00","Straight Time","90969","","test","COMPASS WBS","Attribute 1","","","","","","","","C","","","DEET","TEST09_3","c2de4c6c-3776-4538-921f-0e0f57746459","Agency Contractor","28/06/2021 - 04/07/2021","Germany","29091644@sittest.com","Jeffrey, Rodebaugh 29091644 29091644@sittest.com","","HPWO00091558","","",""
"COMPASS","29091644","","Approved","02/07/2021","DE1-DMOC1.25.09","DEET509239","","","TEST09_3","","400","","4.00","Straight Time","90970","","test","COMPASS WBS","Attribute 1","","","","","","","","C","","","DEET","TEST09_3","944ce22a-87ff-4ea4-b4fb-d8419060d7e8","Agency Contractor","28/06/2021 - 04/07/2021","Germany","29091644@sittest.com","Jeffrey, Rodebaugh 29091644 29091644@sittest.com","","HPWO00091558","","",""
"COMPASS","29091646","","Approved","28/06/2021","DE1-DMOC1.25.13","DEET509239","","","TEST13_1","","400","","12.00","Straight Time","86377","","","COMPASS WBS","Attribute 1","","","","","","","","C","","","DEET","TEST13_1","8beeb796-de88-488e-b379-30a339f59118","Agency Contractor","28/06/2021 - 04/07/2021","Germany","29091646@sittest.com","Michael, Reiter 29091646 29091646@sittest.com","","HPWO00091560","","",""
"COMPASS","29091646","","Approved","28/06/2021","DE1-DMOC1.25.15","DEET509239","","","TEST15_31","","400","","2.00","Straight Time","86382","","","COMPASS WBS","Attribute 2","","","","","","","","C","","","DEET","TEST15_1 / TEST15_31","1f329110-e5c0-4bcd-9973-a6e5a750d838","Agency Contractor","28/06/2021 - 04/07/2021","Germany","29091646@sittest.com","Michael, Reiter 29091646 29091646@sittest.com","","HPWO00091560","","",""
"COMPASS","29091646","","Approved","29/06/2021","DE1-DMOC1.25.13","DEET509239","","","TEST13_1","","400","","12.00","Straight Time","86378","","","COMPASS WBS","Attribute 1","","","","","","","","C","","","DEET","TEST13_1","d9d96546-f2e7-4d8b-87f8-babb879f4581","Agency Contractor","28/06/2021 - 04/07/2021","Germany","29091646@sittest.com","Michael, Reiter 29091646 29091646@sittest.com","","HPWO00091560","","",""
"COMPASS","29091646","","Approved","29/06/2021","DE1-DMOC1.25.15","DEET509239","","","TEST15_31","","400","","2.00","Straight Time","86383","","","COMPASS WBS","Attribute 2","","","","","","","","C","","","DEET","TEST15_1 / TEST15_31","360264f6-fe82-43b9-b49a-9dd4a3dd5dd3","Agency Contractor","28/06/2021 - 04/07/2021","Germany","29091646@sittest.com","Michael, Reiter 29091646 29091646@sittest.com","","HPWO00091560","","",""
"COMPASS","29091646","","Approved","30/06/2021","DE1-DMOC1.25.13","DEET509239","","","TEST13_1","","400","","12.00","Straight Time","86379","","","COMPASS WBS","Attribute 1","","","","","","","","C","","","DEET","TEST13_1","cd1a1fba-15da-44b2-b2b9-c8b0c929169b","Agency Contractor","28/06/2021 - 04/07/2021","Germany","29091646@sittest.com","Michael, Reiter 29091646 29091646@sittest.com","","HPWO00091560","","",""
"COMPASS","29091646","","Approved","30/06/2021","DE1-DMOC1.25.15","DEET509239","","","TEST15_31","","400","","2.00","Straight Time","86384","","","COMPASS WBS","Attribute 2","","","","","","","","C","","","DEET","TEST15_1 / TEST15_31","3c5e7a0f-22a8-4628-bef3-33aa52a95532","Agency Contractor","28/06/2021 - 04/07/2021","Germany","29091646@sittest.com","Michael, Reiter 29091646 29091646@sittest.com","","HPWO00091560","","",""
"COMPASS","29091646","","Approved","01/07/2021","DE1-DMOC1.25.13","DEET509239","","","TEST13_1","","400","","12.00","Straight Time","86380","","","COMPASS WBS","Attribute 1","","","","","","","","C","","","DEET","TEST13_1","60ac6d90-91e7-4b2d-82e3-493da12d25e9","Agency Contractor","28/06/2021 - 04/07/2021","Germany","29091646@sittest.com","Michael, Reiter 29091646 29091646@sittest.com","","HPWO00091560","","",""
"COMPASS","29091646","","Approved","01/07/2021","DE1-DMOC1.25.15","DEET509239","","","TEST15_31","","400","","2.00","Straight Time","86385","","","COMPASS WBS","Attribute 2","","","","","","","","C","","","DEET","TEST15_1 / TEST15_31","3666b739-37e2-404d-b290-df643816d054","Agency Contractor","28/06/2021 - 04/07/2021","Germany","29091646@sittest.com","Michael, Reiter 29091646 29091646@sittest.com","","HPWO00091560","","",""
"COMPASS","29091646","","Approved","02/07/2021","DE1-DMOC1.25.13","DEET509239","","","TEST13_1","","400","","12.00","Straight Time","86381","","","COMPASS WBS","Attribute 1","","","","","","","","C","","","DEET","TEST13_1","6edf2d4c-bfb5-4e39-8b90-40bd4c37f7a1","Agency Contractor","28/06/2021 - 04/07/2021","Germany","29091646@sittest.com","Michael, Reiter 29091646 29091646@sittest.com","","HPWO00091560","","",""
"COMPASS","29091646","","Approved","02/07/2021","DE1-DMOC1.25.15","DEET509239","","","TEST15_31","","400","","2.00","Straight Time","86386","","","COMPASS WBS","Attribute 2","","","","","","","","C","","","DEET","TEST15_1 / TEST15_31","ebaed2d5-e2f9-4b26-9ce8-80b3dff226fb","Agency Contractor","28/06/2021 - 04/07/2021","Germany","29091646@sittest.com","Michael, Reiter 29091646 29091646@sittest.com","","HPWO00091560","","",""
"COMPASS","29091646","","Approved","05/07/2021","DE1-DMOC1.25.15","DEET509239","","","TEST15_1","","400","","20.00","Straight Time","87108","","","COMPASS WBS","Attribute 1","","","","","","","","C","","","DEET","TEST15_1","6191e4b0-91be-44d1-90c1-3e932f049f14","Agency Contractor","05/07/2021 - 11/07/2021","Germany","29091646@sittest.com","Michael, Reiter 29091646 29091646@sittest.com","","HPWO00091560","","",""
"COMPASS","29091646","","Approved","06/07/2021","DE1-DMOC1.25.15","DEET509239","","","TEST15_1","","400","","20.00","Straight Time","87109","","","COMPASS WBS","Attribute 1","","","","","","","","C","","","DEET","TEST15_1","bdeeeb9f-d56d-40b7-9fe4-95397832b150","Agency Contractor","05/07/2021 - 11/07/2021","Germany","29091646@sittest.com","Michael, Reiter 29091646 29091646@sittest.com","","HPWO00091560","","",""
"COMPASS","29091646","","Approved","07/07/2021","DE1-DMOC1.25.15","DEET509239","","","TEST15_1","","400","","20.00","Straight Time","87110","","","COMPASS WBS","Attribute 1","","","","","","","","C","","","DEET","TEST15_1","b4f054f5-0414-48c5-a4e0-1131d5e21cd5","Agency Contractor","05/07/2021 - 11/07/2021","Germany","29091646@sittest.com","Michael, Reiter 29091646 29091646@sittest.com","","HPWO00091560","","",""
"COMPASS","29091646","","Approved","08/07/2021","DE1-DMOC1.25.15","DEET509239","","","TEST15_1","","400","","20.00","Straight Time","87111","","","COMPASS WBS","Attribute 1","","","","","","","","C","","","DEET","TEST15_1","1d9b6588-4364-4390-8ff9-dc0a547c38ae","Agency Contractor","05/07/2021 - 11/07/2021","Germany","29091646@sittest.com","Michael, Reiter 29091646 29091646@sittest.com","","HPWO00091560","","",""
"COMPASS","29091646","","Approved","09/07/2021","DE1-DMOC1.25.15","DEET509239","","","TEST15_1","","400","","20.00","Straight Time","87112","","","COMPASS WBS","Attribute 1","","","","","","","","C","","","DEET","TEST15_1","7e69ed6d-3f95-4027-8332-a5f805b9ab2a","Agency Contractor","05/07/2021 - 11/07/2021","Germany","29091646@sittest.com","Michael, Reiter 29091646 29091646@sittest.com","","HPWO00091560","","",""
"COMPASS","29091646","","Approved","12/07/2021","DE1-DMOC1.25.18","DEET509239","","","","","401","","10.00","Straight Time","87113","","","COMPASS WBS","","","","","","","","","C","","","DEET","","35c47cc1-47bb-45c8-a9fb-1c0a4270e117","Agency Contractor","12/07/2021 - 18/07/2021","Germany","29091646@sittest.com","Michael, Reiter 29091646 29091646@sittest.com","","HPWO00091560","","",""
"COMPASS","29091646","","Approved","13/07/2021","DE1-DMOC1.25.18","DEET509239","","","","","401","","10.00","Straight Time","87114","","","COMPASS WBS","","","","","","","","","C","","","DEET","","5ef47b05-8a3d-4954-84d6-35a0a68353dd","Agency Contractor","12/07/2021 - 18/07/2021","Germany","29091646@sittest.com","Michael, Reiter 29091646 29091646@sittest.com","","HPWO00091560","","",""
"COMPASS","29091646","","Approved","14/07/2021","DE1-DMOC1.25.18","DEET509239","","","","","401","","10.00","Straight Time","87115","","","COMPASS WBS","","","","","","","","","C","","","DEET","","09c3e731-0fe3-4ab6-9a57-1bb7d724be53","Agency Contractor","12/07/2021 - 18/07/2021","Germany","29091646@sittest.com","Michael, Reiter 29091646 29091646@sittest.com","","HPWO00091560","","",""
"COMPASS","29091646","","Approved","15/07/2021","DE1-DMOC1.25.18","DEET509239","","","","","401","","10.00","Straight Time","87116","","","COMPASS WBS","","","","","","","","","C","","","DEET","","4ff79d08-3cb6-4461-bc0a-526a4740ce97","Agency Contractor","12/07/2021 - 18/07/2021","Germany","29091646@sittest.com","Michael, Reiter 29091646 29091646@sittest.com","","HPWO00091560","","",""
"COMPASS","29091646","","Approved","16/07/2021","DE1-DMOC1.25.18","DEET509239","","","","","401","","10.00","Straight Time","87117","","","COMPASS WBS","","","","","","","","","C","","","DEET","","5ea29814-4b1b-4d35-b117-e3cab84e7542","Agency Contractor","12/07/2021 - 18/07/2021","Germany","29091646@sittest.com","Michael, Reiter 29091646 29091646@sittest.com","","HPWO00091560","","",""
"COMPASS","29091646","","Approved","02/08/2021","RU1-EN001.10.15","DEET509239","","","ATTR2","","400","","0.00","Straight Time","98506","","","COMPASS WBS","Attribute 2","","","","","","","","C","","","DEET","ATTR1 / ATTR2","3c6432fe-6982-4c41-9bc3-9ab3fac8b714","Agency Contractor","02/08/2021 - 08/08/2021","Germany","29091646@sittest.com","Michael, Reiter 29091646 29091646@sittest.com","","HPWO00091560","","",""
"COMPASS","29091646","","Approved","02/08/2021","RU1-EN001.10.15","DEET509239","","","ATTR2","","400","","3.00","Straight Time","98678","","","COMPASS WBS","Attribute 2","","","","","","","","C","","","DEET","ATTR1 / ATTR2","16f4248e-a5b7-4d3d-84a7-23ecd36081f8","Agency Contractor","02/08/2021 - 08/08/2021","Germany","29091646@sittest.com","Michael, Reiter 29091646 29091646@sittest.com","","HPWO00091560","","",""
"COMPASS","29091646","","Approved","09/08/2021","RU1-EN001.10.15","DEET509239","","","ATTR2","","400","","0.00","Straight Time","98507","","","COMPASS WBS","Attribute 2","","","","","","","","C","","","DEET","ATTR1 / ATTR2","93c111b1-f99e-40a4-845f-69ab78aa71a5","Agency Contractor","09/08/2021 - 15/08/2021","Germany","29091646@sittest.com","Michael, Reiter 29091646 29091646@sittest.com","","HPWO00091560","","",""
"COMPASS","29091646","","Approved","09/08/2021","RU1-EN001.10.15","DEET509239","","","ATTR2","","400","","1.00","Straight Time","98676","","","COMPASS WBS","Attribute 2","","","","","","","","C","","","DEET","ATTR1 / ATTR2","a2681627-b498-4e00-9800-de8aa72bad57","Agency Contractor","09/08/2021 - 15/08/2021","Germany","29091646@sittest.com","Michael, Reiter 29091646 29091646@sittest.com","","HPWO00091560","","",""
"COMPASS","29091646","","Approved","16/08/2021","RU1-EN001.10.15","DEET509239","","","ATTR2","","400","","0.00","Straight Time","98509","","","COMPASS WBS","Attribute 2","","","","","","","","C","","","DEET","ATTR1 / ATTR2","4958be1d-54f9-4358-af7a-10af38cf067b","Agency Contractor","16/08/2021 - 22/08/2021","Germany","29091646@sittest.com","Michael, Reiter 29091646 29091646@sittest.com","","HPWO00091560","","",""
"COMPASS","29091646","","Approved","16/08/2021","RU1-EN001.10.15","DEET509239","","","ATTR2","","400","","2.00","Straight Time","98674","","","COMPASS WBS","Attribute 2","","","","","","","","C","","","DEET","ATTR1 / ATTR2","439cc50a-2ca3-4f6f-aa59-7d0bb8e9704d","Agency Contractor","16/08/2021 - 22/08/2021","Germany","29091646@sittest.com","Michael, Reiter 29091646 29091646@sittest.com","","HPWO00091560","","",""
"COMPASS","29091754","","Approved","03/09/2021","S-010122545.0001","USA7524376","DBA|Billable","","20180601","","","","0.00","Straight Time","101405","","","C1 WBS","","","","","","","","WBS","ST","","","USA7","20180601","be6f098a-29ca-49e0-b353-769999721280","Agency Contractor","28/08/2021 - 03/09/2021","United States of America","29091754@sittest.com","Bob AC, General time entry Testing 29091754 29091754@sittest.com","0000000000","HPWO00091658","","99748680",""
"COMPASS","29091754","","Approved","03/09/2021","US1-DMOC1.25.07","USA7524376","","","TEST 2","","400","","2.00","Straight Time","101398","","","COMPASS WBS","Attribute 2","","","","","","","","C","","","USA7","TEST1 / TEST 2","e9606ad2-ab0c-4297-89d6-afd4597f57a1","Agency Contractor","28/08/2021 - 03/09/2021","United States of America","29091754@sittest.com","Bob AC, General time entry Testing 29091754 29091754@sittest.com","","HPWO00091658","","99748680",""
"COMPASS","29091754","","Approved","06/09/2021","US1-DMOC1.25.07","USA7524376","","","TEST1","","400","","2.00","Straight Time","101480","","","COMPASS WBS","Attribute 1","","","","","","","","C","","","USA7","TEST1","fe2db06e-beab-4867-8579-1d4fc43399db","Agency Contractor","04/09/2021 - 12/09/2021","United States of America","29091754@sittest.com","Bob AC, General time entry Testing 29091754 29091754@sittest.com","","HPWO00091658","","99748680",""
"COMPASS","29091754","","Approved","06/09/2021","US1-DMOC1.25.07","USA7524376","","","TEST 2","","400","","4.00","Straight Time","101080","","","COMPASS WBS","Attribute 2","","","","","","","","C","","","USA7","TEST 2 / TEST 2","aa495ec0-3616-4242-9def-70f3b0f6b453","Agency Contractor","04/09/2021 - 12/09/2021","United States of America","29091754@sittest.com","Bob AC, General time entry Testing 29091754 29091754@sittest.com","","HPWO00091658","","99748680",""
"COMPASS","29091754","","Approved","07/09/2021","US1-DMOC1.25.07","USA7524376","","","TEST1","","400","","2.00","Straight Time","101481","","","COMPASS WBS","Attribute 1","","","","","","","","C","","","USA7","TEST1","c7996bee-7a86-46eb-a84f-94406f8cf5e4","Agency Contractor","04/09/2021 - 12/09/2021","United States of America","29091754@sittest.com","Bob AC, General time entry Testing 29091754 29091754@sittest.com","","HPWO00091658","","99748680",""
"COMPASS","29091754","","Approved","07/09/2021","US1-DMOC1.25.07","USA7524376","","","TEST 2","","400","","3.00","Straight Time","101406","","","COMPASS WBS","Attribute 2","","","","","","","","C","","","USA7","TEST 2 / TEST 2","c505135f-2d33-451a-8fbf-efa60b2a99a1","Agency Contractor","04/09/2021 - 12/09/2021","United States of America","29091754@sittest.com","Bob AC, General time entry Testing 29091754 29091754@sittest.com","","HPWO00091658","","99748680",""
"COMPASS","29091754","","Approved","08/09/2021","US1-DMOC1.25.07","USA7524376","","","TEST1","","400","","2.00","Straight Time","101482","","","COMPASS WBS","Attribute 1","","","","","","","","C","","","USA7","TEST1","a0b5652b-05ff-4a7a-9d62-174956f88cdd","Agency Contractor","04/09/2021 - 12/09/2021","United States of America","29091754@sittest.com","Bob AC, General time entry Testing 29091754 29091754@sittest.com","","HPWO00091658","","99748680",""
"COMPASS","29091754","","Approved","08/09/2021","US1-DMOC1.25.07","USA7524376","","","TEST 2","","400","","3.00","Straight Time","101407","","","COMPASS WBS","Attribute 2","","","","","","","","C","","","USA7","TEST 2 / TEST 2","ece34083-ac3e-4a1d-ba64-4ae7d4ae9739","Agency Contractor","04/09/2021 - 12/09/2021","United States of America","29091754@sittest.com","Bob AC, General time entry Testing 29091754 29091754@sittest.com","","HPWO00091658","","99748680",""
"COMPASS","29091754","","Approved","09/09/2021","US1-DMOC1.25.07","USA7524376","","","TEST1","","400","","2.00","Straight Time","101483","","","COMPASS WBS","Attribute 1","","","","","","","","C","","","USA7","TEST1","cad2aef4-a48e-4b60-aa2f-6ba6bc2ef2c8","Agency Contractor","04/09/2021 - 12/09/2021","United States of America","29091754@sittest.com","Bob AC, General time entry Testing 29091754 29091754@sittest.com","","HPWO00091658","","99748680",""
"COMPASS","29091754","","Approved","09/09/2021","US1-DMOC1.25.07","USA7524376","","","TEST 2","","400","","3.00","Straight Time","101408","","","COMPASS WBS","Attribute 2","","","","","","","","C","","","USA7","TEST 2 / TEST 2","18a92edc-91e3-4093-8708-db48d6ffb8ef","Agency Contractor","04/09/2021 - 12/09/2021","United States of America","29091754@sittest.com","Bob AC, General time entry Testing 29091754 29091754@sittest.com","","HPWO00091658","","99748680",""
"COMPASS","29091754","","Approved","10/09/2021","US1-DMOC1.25.07","USA7524376","","","TEST1","","400","","2.00","Straight Time","101484","","","COMPASS WBS","Attribute 1","","","","","","","","C","","","USA7","TEST1","ca070caf-0c8d-4918-a368-3b8e9d672ebd","Agency Contractor","04/09/2021 - 12/09/2021","United States of America","29091754@sittest.com","Bob AC, General time entry Testing 29091754 29091754@sittest.com","","HPWO00091658","","99748680",""
"COMPASS","29091754","","Approved","10/09/2021","US1-DMOC1.25.07","USA7524376","","","TEST 2","","400","","3.00","Straight Time","101409","","","COMPASS WBS","Attribute 2","","","","","","","","C","","","USA7","TEST 2 / TEST 2","87455781-e2af-4f01-8611-cf41c898f666","Agency Contractor","04/09/2021 - 12/09/2021","United States of America","29091754@sittest.com","Bob AC, General time entry Testing 29091754 29091754@sittest.com","","HPWO00091658","","99748680",""
"COMPASS","29091754","","Approved","11/09/2021","US1-DMOC1.25.07","USA7524376","","","TEST1","","400","","2.00","Straight Time","101485","","","COMPASS WBS","Attribute 1","","","","","","","","C","","","USA7","TEST1","9988ba57-a0fe-48c0-a525-052e0ed17c3c","Agency Contractor","04/09/2021 - 12/09/2021","United States of America","29091754@sittest.com","Bob AC, General time entry Testing 29091754 29091754@sittest.com","","HPWO00091658","","99748680",""
"COMPASS","29091754","","Approved","11/09/2021","US1-DMOC1.25.07","USA7524376","","","TEST 2","","400","","3.00","Straight Time","101411","","","COMPASS WBS","Attribute 2","","","","","","","","C","","","USA7","TEST 2 / TEST 2","cd616cfa-dc0e-4f12-bdaf-34cfa9fe8b50","Agency Contractor","04/09/2021 - 12/09/2021","United States of America","29091754@sittest.com","Bob AC, General time entry Testing 29091754 29091754@sittest.com","","HPWO00091658","","99748680",""
"COMPASS","29091754","","Approved","12/09/2021","US1-DMOC1.25.07","USA7524376","","","TEST1","","400","","2.00","Straight Time","101486","","","COMPASS WBS","Attribute 1","","","","","","","","C","","","USA7","TEST1","bd28481e-65a5-4474-9fe3-c40a0d7f3f79","Agency Contractor","04/09/2021 - 12/09/2021","United States of America","29091754@sittest.com","Bob AC, General time entry Testing 29091754 29091754@sittest.com","","HPWO00091658","","99748680",""
"COMPASS","29091754","","Approved","12/09/2021","US1-DMOC1.25.07","USA7524376","","","TEST 2","","400","","3.00","Straight Time","101410","","","COMPASS WBS","Attribute 2","","","","","","","","C","","","USA7","TEST 2 / TEST 2","79547ff7-bc17-4149-bb47-faad36bccb3c","Agency Contractor","04/09/2021 - 12/09/2021","United States of America","29091754@sittest.com","Bob AC, General time entry Testing 29091754 29091754@sittest.com","","HPWO00091658","","99748680",""
"","29090581","","Approved","26/04/2021","","","","","","","799","","0.00","","7167","","","","","","","","","","","","","","","","","4e435f6c-935b-4539-9985-514aceb09cbc","Agency Contractor","24/04/2021 - 30/04/2021","","29090581@sittest.com","SOW 1219, Sri 29090581 29090581@sittest.com","","","","",""
"","29090581","","Approved","26/04/2021","","","","","","","799","","2.00","","7166","","","","","","","","","","","","","","","","","38e13834-ba7b-4c17-826c-b3ec05ad1455","Agency Contractor","24/04/2021 - 30/04/2021","","29090581@sittest.com","SOW 1219, Sri 29090581 29090581@sittest.com","","","","",""
"C1","29090146","","Approved","05/04/2021","R-010000673.0012","C110299951","ZZ00|Billable","","R-010000673.0012","","","","8.00","Straight Time","7553","","","C1 WBS","","","","","","","","WBS","RV","","","1102","R-010000673.0012","da8d7710-d1a6-40d1-b5ea-6f3e2ccd336b","Agency Contractor","03/04/2021 - 09/04/2021","","29090146@sittest.com","Cameron, Jasmine 29090146 29090146@sittest.com","0000000000","HPWO00091298","","99748508",""
"C1","29090146","","Approved","06/04/2021","R-010000673.0012","C110299951","ZZ00|Billable","","R-010000673.0012","","","","8.00","Straight Time","7554","","","C1 WBS","","","","","","","","WBS","RV","","","1102","R-010000673.0012","b929af31-de6c-4b21-879e-f2d88b6ab77f","Agency Contractor","03/04/2021 - 09/04/2021","","29090146@sittest.com","Cameron, Jasmine 29090146 29090146@sittest.com","0000000000","HPWO00091298","","99748508",""
"C1","29090146","","Approved","07/04/2021","R-010000673.0012","C110299951","ZZ00|Billable","","R-010000673.0012","","","","8.00","Straight Time","7555","","","C1 WBS","","","","","","","","WBS","RV","","","1102","R-010000673.0012","2b7eaafd-b1d4-49a2-9324-ab12f15d169b","Agency Contractor","03/04/2021 - 09/04/2021","","29090146@sittest.com","Cameron, Jasmine 29090146 29090146@sittest.com","0000000000","HPWO00091298","","99748508",""
"C1","29090146","","Approved","08/04/2021","R-010000673.0012","C110299951","ZZ00|Billable","","R-010000673.0012","","","","8.00","Straight Time","7559","","","C1 WBS","","","","","","","","WBS","RV","","","1102","R-010000673.0012","e9d8c261-b20c-419f-ae51-b929999624c9","Agency Contractor","03/04/2021 - 09/04/2021","","29090146@sittest.com","Cameron, Jasmine 29090146 29090146@sittest.com","0000000000","HPWO00091298","","99748508",""
"C1","29090146","","Approved","09/04/2021","","C110299951","","","","","799","","8.00","","7563","","","","","","","","","","","","","","","1102","","fa749e74-f702-4a25-9fe1-2f30e594c501","Agency Contractor","03/04/2021 - 09/04/2021","","29090146@sittest.com","Cameron, Jasmine 29090146 29090146@sittest.com","","HPWO00091298","","99748508",""
"C1","29090146","","Approved","03/05/2021","X-092016545.0010","C110299951","","","X-092016545.0010","","","","8.00","Straight Time","7715","","","C1 WBS","","","","","","","","WBS","IC","","","1102","X-092016545.0010","16ecc247-373d-4074-ba43-42b17d092174","Agency Contractor","01/05/2021 - 07/05/2021","","29090146@sittest.com","Cameron, Jasmine 29090146 29090146@sittest.com","32759668","HPWO00091298","","99748508",""
"C1","29090146","","Approved","04/05/2021","X-092016545.0010","C110299951","","","X-092016545.0010","","","","8.00","Straight Time","7716","","","C1 WBS","","","","","","","","WBS","IC","","","1102","X-092016545.0010","83a93c96-ddda-4f47-907c-36bfab53fbe8","Agency Contractor","01/05/2021 - 07/05/2021","","29090146@sittest.com","Cameron, Jasmine 29090146 29090146@sittest.com","32759668","HPWO00091298","","99748508",""
"C1","29090146","","Approved","05/05/2021","X-092016545.0010","C110299951","","","X-092016545.0010","","","","8.00","Straight Time","7717","","","C1 WBS","","","","","","","","WBS","IC","","","1102","X-092016545.0010","b3c0f96a-9048-4419-bd00-5627f07bf01f","Agency Contractor","01/05/2021 - 07/05/2021","","29090146@sittest.com","Cameron, Jasmine 29090146 29090146@sittest.com","32759668","HPWO00091298","","99748508",""
"C1","29090146","","Approved","10/05/2021","X-092016545.0010","C110299951","","","X-092016545.0010","","","","8.00","Straight Time","60065","","","C1 WBS","","","","","","","","WBS","IC","","","1102","X-092016545.0010","5c8e6673-2a75-459c-bf90-df7060512247","Agency Contractor","08/05/2021 - 14/05/2021","","29090146@sittest.com","Cameron, Jasmine 29090146 29090146@sittest.com","32759668","HPWO00091298","","99748508",""
"C1","29090146","","Approved","11/05/2021","X-092016545.0010","C110299951","","","X-092016545.0010","","","","8.00","Straight Time","60066","","","C1 WBS","","","","","","","","WBS","IC","","","1102","X-092016545.0010","d0a729f4-7af3-46f0-baca-350b761e70e6","Agency Contractor","08/05/2021 - 14/05/2021","","29090146@sittest.com","Cameron, Jasmine 29090146 29090146@sittest.com","32759668","HPWO00091298","","99748508",""
"C1","29090146","","Approved","12/05/2021","X-092016545.0010","C110299951","","","X-092016545.0010","","","","8.00","Straight Time","60067","","","C1 WBS","","","","","","","","WBS","IC","","","1102","X-092016545.0010","13d4532d-8264-43d0-b804-0ff84211e9c8","Agency Contractor","08/05/2021 - 14/05/2021","","29090146@sittest.com","Cameron, Jasmine 29090146 29090146@sittest.com","32759668","HPWO00091298","","99748508",""
"C1","29090146","","Approved","13/05/2021","X-092016545.0010","C110299951","","","X-092016545.0010","","","","8.00","Straight Time","60068","","","C1 WBS","","","","","","","","WBS","IC","","","1102","X-092016545.0010","67ee17c2-fce3-45a8-9b64-a18d80337408","Agency Contractor","08/05/2021 - 14/05/2021","","29090146@sittest.com","Cameron, Jasmine 29090146 29090146@sittest.com","32759668","HPWO00091298","","99748508",""
"C1","29090418","","Approved","13/06/2022","test deeraj","C110299951","","","test task","","","","8.00","Straight Time","194889","","","","","","","","","","","","","","","1102","test task","4a205f10-dcbc-424e-8d33-0313111da6dd","Agency Contractor","11/06/2022 - 17/06/2022","","29090418@sittest.com","Hemmings, Sophie 29090418 29090418@sittest.com","","HPWO00091355","","99748544",""
"C1","29090524","","Approved","01/05/2021","R-010124017.0001","C110399951","PROGMGR|Billable","","R-010124017.0001","","","","1.10","Straight Time","7850","","time to 1102 code - LT bill","C1 WBS","","","","","","","","WBS","RV","","","1103","R-010124017.0001","3509bb66-6772-4db6-a90e-7c39dabad688","Agency Contractor","01/05/2021 - 07/05/2021","","29090524@sittest.com","AC 1103, Julia Z 29090524 29090524@sittest.com","AU1-IWO52.01.01.01.64","HPWO00091403","","99748571",""
"C1","29090524","","Approved","02/05/2021","R-010124017.0001","C110399951","PROGMGR|Non-Billable","","R-010124017.0001","","","","1.20","Straight Time","7851","","time to 1102 code - LT no bill","C1 WBS","","","","","","","","WBS","RV","","","1103","R-010124017.0001","baa1ed5b-a1dc-4ef1-8a08-6c84c8ac6011","Agency Contractor","01/05/2021 - 07/05/2021","","29090524@sittest.com","AC 1103, Julia Z 29090524 29090524@sittest.com","AU1-IWO52.01.01.01.64","HPWO00091403","","99748571",""
"C1","29090524","","Approved","03/05/2021","R-010124022.0001","C110399951","APPDEV|Billable","","T3","","","","1.30","Straight Time","7852","","time to 1105 project - LT bill","C1 WBS","","","","","","","","WBS","RV","","","1103","T3","8d4d0cbf-e75a-4d8b-b73e-e91dce0902ef","Agency Contractor","01/05/2021 - 07/05/2021","","29090524@sittest.com","AC 1103, Julia Z 29090524 29090524@sittest.com","","HPWO00091403","","99748571",""
"C1","29090524","","Approved","04/05/2021","R-010124022.0001","C110399951","APPDEV|Non-Billable","","T3","","","","1.40","Straight Time","7853","","time to 1105 project - LT no bill","C1 WBS","","","","","","","","WBS","RV","","","1103","T3","feb848fb-5bc7-4430-be9c-7f8642fbb011","Agency Contractor","01/05/2021 - 07/05/2021","","29090524@sittest.com","AC 1103, Julia Z 29090524 29090524@sittest.com","","HPWO00091403","","99748571",""
"C1","29090524","","Approved","05/05/2021","R-010124017.0001","C110399951","PROGMGR|Billable","","R-010124017.0001","","","","1.50","Overtime","7854","","OT time to 1102 project - LT bill","C1 WBS","","","","","","","","WBS","RV","","","1103","R-010124017.0001","7f18ed13-6aa5-413e-8621-b2d1a5a5b3c1","Agency Contractor","01/05/2021 - 07/05/2021","","29090524@sittest.com","AC 1103, Julia Z 29090524 29090524@sittest.com","AU1-IWO52.01.01.01.64","HPWO00091403","","99748571",""
"C1","29090524","","Approved","06/05/2021","R-010124017.0001","C110399951","PROGMGR|Billable","","R-010124017.0001","","","","1.60","Double Time","7855","","DT time to 1102 project - LT bill","C1 WBS","","","","","","","","WBS","RV","","","1103","R-010124017.0001","6c0b43a3-27ee-4a02-b30f-15909f14c297","Agency Contractor","01/05/2021 - 07/05/2021","","29090524@sittest.com","AC 1103, Julia Z 29090524 29090524@sittest.com","AU1-IWO52.01.01.01.64","HPWO00091403","","99748571",""
"C1","29090525","","Approved","24/05/2021","R-010124018.0001","C110399951","WBS / SO Rate","","R-010124018.0001","","","","8.00","Straight Time","84981","","test","C1 WBS","","","","","","","","WBS","RV","","","1103","R-010124018.0001","27da5aa0-da5c-4afd-9a7a-57fcdcfa88da","Agency Contractor","22/05/2021 - 28/05/2021","","29090525@sittest.com","AC 1103, Roe 29090525 29090525@sittest.com","","HPWO00091404","","99748572",""
"C1","29090525","","Approved","25/05/2021","R-010124018.0001","C110399951","WBS / SO Rate","","R-010124018.0001","","","","8.00","Straight Time","84982","","test","C1 WBS","","","","","","","","WBS","RV","","","1103","R-010124018.0001","0778bbf1-378c-46eb-98be-1b1516eaea2b","Agency Contractor","22/05/2021 - 28/05/2021","","29090525@sittest.com","AC 1103, Roe 29090525 29090525@sittest.com","","HPWO00091404","","99748572",""
"C1","29090525","","Approved","26/05/2021","R-010124018.0001","C110399951","WBS / SO Rate","","R-010124018.0001","","","","8.00","Straight Time","84983","","test","C1 WBS","","","","","","","","WBS","RV","","","1103","R-010124018.0001","d9d13ff5-61db-4c84-8877-624b2174b41b","Agency Contractor","22/05/2021 - 28/05/2021","","29090525@sittest.com","AC 1103, Roe 29090525 29090525@sittest.com","","HPWO00091404","","99748572",""
"C1","29090525","","Approved","27/05/2021","4099920","C110399951","LEGACY BILLING|Billable","","4099920","","","","8.00","Straight Time","84984","","test","C1 WBS","","","","","","","","SO","RV","","R-010020403.0050","1103","4099920","98f00eb5-1b40-4c37-b22a-e5bc8fe6f80d","Agency Contractor","22/05/2021 - 28/05/2021","","29090525@sittest.com","AC 1103, Roe 29090525 29090525@sittest.com","0041072668","HPWO00091404","","99748572",""
"C1","29090525","","Approved","28/05/2021","4099920","C110399951","LEGACY BILLING|Billable","","4099920","","","","8.00","Straight Time","84985","","test","C1 WBS","","","","","","","","SO","RV","","R-010020403.0050","1103","4099920","9fe7ab27-83bf-4c9f-ae3c-3c052504e4e2","Agency Contractor","22/05/2021 - 28/05/2021","","29090525@sittest.com","AC 1103, Roe 29090525 29090525@sittest.com","0041072668","HPWO00091404","","99748572",""
"C1","29090633","","Approved","27/04/2021","4083338","C110299951","","","4083338","","","","3.50","Straight Time","7218","","","C1 WBS","","","","","","","","SO","RV","","R-010020403.0046","1102","4083338","cabfe92e-b332-4d34-8bf2-51e6db65f13c","Agency Contractor","24/04/2021 - 30/04/2021","","29090633@sittest.com","WOExtension, SLII TEST 29090633 29090633@sittest.com","0000000000","HPWO00091427","","99748595",""
"C1","29090633","","Approved","27/04/2021","R-010020408.0085","C110299951","C1PROGTCTSTDEV1ONS|Billable","","R-010020408.0085","","","","2.50","Straight Time","7217","","","C1 WBS","","","","","","","","WBS","RV","","","1102","R-010020408.0085","701c8498-349d-4474-b048-937bcc088a30","Agency Contractor","24/04/2021 - 30/04/2021","","29090633@sittest.com","WOExtension, SLII TEST 29090633 29090633@sittest.com","0000000000","HPWO00091427","","99748595",""
"C1","29090633","","Approved","27/04/2021","","C110299951","","","","","799","","3.00","","7216","","","","","","","","","","","","","","","1102","","5fe72384-9551-4324-891a-adf57047cc12","Agency Contractor","24/04/2021 - 30/04/2021","","29090633@sittest.com","WOExtension, SLII TEST 29090633 29090633@sittest.com","","HPWO00091427","","99748595",""
"C1","29090633","","Approved","28/04/2021","4083338","C110299951","","","4083338","","","","5.50","Straight Time","7324","","","C1 WBS","","","","","","","","SO","RV","","R-010020403.0046","1102","4083338","d9623ce7-ef1b-4a19-994d-ed62eaaf9e0d","Agency Contractor","24/04/2021 - 30/04/2021","","29090633@sittest.com","WOExtension, SLII TEST 29090633 29090633@sittest.com","0000000000","HPWO00091427","","99748595",""
"C1","29090633","","Approved","28/04/2021","R-010020408.0085","C110299951","C1PROGTCTSTDEV1ONS|Billable","","R-010020408.0085","","","","2.50","Straight Time","7321","","","C1 WBS","","","","","","","","WBS","RV","","","1102","R-010020408.0085","5b96d100-a342-4a50-9883-fa8b0bc41646","Agency Contractor","24/04/2021 - 30/04/2021","","29090633@sittest.com","WOExtension, SLII TEST 29090633 29090633@sittest.com","0000000000","HPWO00091427","","99748595",""
"C1","29090633","","Approved","29/04/2021","4083338","C110299951","","","4083338","","","","5.50","Straight Time","7325","","","C1 WBS","","","","","","","","SO","RV","","R-010020403.0046","1102","4083338","6994f1ef-6d3f-4eb9-9818-d2f9e9bf337a","Agency Contractor","24/04/2021 - 30/04/2021","","29090633@sittest.com","WOExtension, SLII TEST 29090633 29090633@sittest.com","0000000000","HPWO00091427","","99748595",""
"C1","29090633","","Approved","29/04/2021","R-010020408.0085","C110299951","C1PROGTCTSTDEV1ONS|Billable","","R-010020408.0085","","","","2.50","Straight Time","7322","","","C1 WBS","","","","","","","","WBS","RV","","","1102","R-010020408.0085","618cb9d6-72d9-48be-80be-03038fae565c","Agency Contractor","24/04/2021 - 30/04/2021","","29090633@sittest.com","WOExtension, SLII TEST 29090633 29090633@sittest.com","0000000000","HPWO00091427","","99748595",""
"C1","29090633","","Approved","29/04/2021","R-010020408.0085","C110299951","C1PROGTCTSTDEV1ONS|Non-Billable","","R-010020408.0085","","","","3.00","Overtime","7327","","","C1 WBS","","","","","","","","WBS","RV","","","1102","R-010020408.0085","6561aa74-4eb6-422b-9239-7c55e73dc3e8","Agency Contractor","24/04/2021 - 30/04/2021","","29090633@sittest.com","WOExtension, SLII TEST 29090633 29090633@sittest.com","0000000000","HPWO00091427","","99748595",""
"C1","29090633","","Approved","30/04/2021","4083338","C110299951","","","4083338","","","","8.00","Straight Time","7326","","","C1 WBS","","","","","","","","SO","RV","","R-010020403.0046","1102","4083338","1f149266-0952-43bb-a602-42109e7f8d52","Agency Contractor","24/04/2021 - 30/04/2021","","29090633@sittest.com","WOExtension, SLII TEST 29090633 29090633@sittest.com","0000000000","HPWO00091427","","99748595",""
"C1","29090633","","Approved","30/04/2021","R-010020408.0085","C110299951","C1PROGTCTSTDEV1ONS|Billable","","R-010020408.0085","","","","2.50","Straight Time","7323","","","C1 WBS","","","","","","","","WBS","RV","","","1102","R-010020408.0085","01b57bf5-9bf3-4aac-8a3d-ea2505899c20","Agency Contractor","24/04/2021 - 30/04/2021","","29090633@sittest.com","WOExtension, SLII TEST 29090633 29090633@sittest.com","0000000000","HPWO00091427","","99748595",""
"C1","29090633","","Approved","01/05/2021","R-010020408.0085","C110299951","C1PROGTCTSTDEV1ONS|Billable","","R-010020408.0085","","","","1.00","Double Time","7343","","","C1 WBS","","","","","","","","WBS","RV","","","1102","R-010020408.0085","126d5a7b-0fa2-4a7c-98eb-6a06cb572628","Agency Contractor","01/05/2021 - 07/05/2021","","29090633@sittest.com","WOExtension, SLII TEST 29090633 29090633@sittest.com","0000000000","HPWO00091427","","99748595",""
"C1","29090633","","Approved","01/05/2021","R-010110700.0300","C110299951","PROJMGR|Billable","","R-010110700.0300","","","","1.00","Straight Time","7341","","","C1 WBS","","","","","","","","WBS","RV","","","1102","R-010110700.0300","fbc4c631-ae0b-4bad-9b9e-6dab19ab46b9","Agency Contractor","01/05/2021 - 07/05/2021","","29090633@sittest.com","WOExtension, SLII TEST 29090633 29090633@sittest.com","0000000000","HPWO00091427","","99748595",""
"C1","29090633","","Approved","01/05/2021","R-010110700.0300","C110299951","PROJMGR|Billable","","R-010110700.0300","","","","2.00","Overtime","7344","","","C1 WBS","","","","","","","","WBS","RV","","","1102","R-010110700.0300","e86a315f-5453-4838-aaf1-dc410698f2cb","Agency Contractor","01/05/2021 - 07/05/2021","","29090633@sittest.com","WOExtension, SLII TEST 29090633 29090633@sittest.com","0000000000","HPWO00091427","","99748595",""
"C1","29090633","","Approved","02/05/2021","R-010110700.0300","C110299951","PROJMGR|Billable","","R-010110700.0300","","","","2.00","Straight Time","7342","","","C1 WBS","","","","","","","","WBS","RV","","","1102","R-010110700.0300","b1030046-0748-4242-b830-9a5ac0b4f076","Agency Contractor","01/05/2021 - 07/05/2021","","29090633@sittest.com","WOExtension, SLII TEST 29090633 29090633@sittest.com","0000000000","HPWO00091427","","99748595",""
"C1","29091060","","Approved","10/05/2021","S-010123312.0010","C110299951","","","S-010123312.0010","","","","0.00","Straight Time","60587","","","C1 WBS","","","","","","","","WBS","ST","","","1102","S-010123312.0010","f5d6cd87-c849-4acf-8687-c7f81794d186","Agency Contractor","08/05/2021 - 14/05/2021","","29091060@sittest.com","Antilles, Wedge 29091060 29091060@sittest.com","0000000000","HPWO00091473","","99748608",""
"C1","29091060","","Approved","11/05/2021","S-010123312.0010","C110299951","","","S-010123312.0010","","","","0.00","Straight Time","60588","","","C1 WBS","","","","","","","","WBS","ST","","","1102","S-010123312.0010","8e5783e1-dc72-4280-be3f-55f0c6ef3e0d","Agency Contractor","08/05/2021 - 14/05/2021","","29091060@sittest.com","Antilles, Wedge 29091060 29091060@sittest.com","0000000000","HPWO00091473","","99748608",""
"C1","29091060","","Approved","12/05/2021","S-010123312.0010","C110299951","","","S-010123312.0010","","","","0.00","Straight Time","60589","","","C1 WBS","","","","","","","","WBS","ST","","","1102","S-010123312.0010","b557fa55-bb67-4864-a715-4a8f49faf9c3","Agency Contractor","08/05/2021 - 14/05/2021","","29091060@sittest.com","Antilles, Wedge 29091060 29091060@sittest.com","0000000000","HPWO00091473","","99748608",""
"C1","29091060","","Approved","13/05/2021","S-010123312.0010","C110299951","","","S-010123312.0010","","","","0.00","Straight Time","60590","","","C1 WBS","","","","","","","","WBS","ST","","","1102","S-010123312.0010","b2d790fc-d196-4fc6-90a2-2bb5b6c73acd","Agency Contractor","08/05/2021 - 14/05/2021","","29091060@sittest.com","Antilles, Wedge 29091060 29091060@sittest.com","0000000000","HPWO00091473","","99748608",""
"C1","29091060","","Approved","14/05/2021","S-010123312.0010","C110299951","","","S-010123312.0010","","","","0.00","Straight Time","60592","","","C1 WBS","","","","","","","","WBS","ST","","","1102","S-010123312.0010","9ca2535a-833b-4e84-aafd-2cda8adc35e0","Agency Contractor","08/05/2021 - 14/05/2021","","29091060@sittest.com","Antilles, Wedge 29091060 29091060@sittest.com","0000000000","HPWO00091473","","99748608",""
"C1","29091144","","Approved","24/05/2021","S-010123312.0010","C110299951","","","S-010123312.0010","","","","1.00","Straight Time","60669","","","C1 WBS","","","","","","","","WBS","ST","","","1102","S-010123312.0010","5d85d86d-b5d0-4789-9bf8-04ea0cb9099f","Agency Contractor","22/05/2021 - 28/05/2021","","29091144@sittest.com","Hofstadter, Leonard 29091144 29091144@sittest.com","0000000000","HPWO00091512","","99748640",""
"C1","29091144","","Approved","24/05/2021","","C110299951","","","","","799","","1.00","","60670","","","","","","","","","","","","","","","1102","","72368c80-8d6a-47b6-a00a-050d5f65b57a","Agency Contractor","22/05/2021 - 28/05/2021","","29091144@sittest.com","Hofstadter, Leonard 29091144 29091144@sittest.com","","HPWO00091512","","99748640",""
"C1","29091144","","Approved","25/05/2021","S-010123312.0010","C110299951","","","S-010123312.0010","","","","2.00","Straight Time","83169","","test validation for missing owner on current timesheet","C1 WBS","","","","","","","","WBS","ST","","","1102","S-010123312.0010","1b491a05-4b76-49b9-a9a0-4ec786137f13","Agency Contractor","22/05/2021 - 28/05/2021","","29091144@sittest.com","Hofstadter, Leonard 29091144 29091144@sittest.com","0000000000","HPWO00091512","","99748640",""
"C1","29091144","","Approved","25/05/2021","","C110299951","","","","","799","","3.00","","83170","","","","","","","","","","","","","","","1102","","53e9caca-9b59-4ab3-bdd0-892457d0070a","Agency Contractor","22/05/2021 - 28/05/2021","","29091144@sittest.com","Hofstadter, Leonard 29091144 29091144@sittest.com","","HPWO00091512","","99748640",""
"C1","29091144","","Approved","31/05/2021","R-010110700.0300","C110299951","PROJMGR|Billable","","R-010110700.0300","","","","5.00","Straight Time","84540","","","C1 WBS","","","","","","","","WBS","RV","","","1102","R-010110700.0300","c4d9065d-17db-40e4-82ec-d6f99e5fd2b5","Agency Contractor","29/05/2021 - 04/06/2021","","29091144@sittest.com","Hofstadter, Leonard 29091144 29091144@sittest.com","0000000000","HPWO00091512","","99748640",""
"C1","29091144","","Approved","31/05/2021","","C110299951","","","","","799","","3.30","","84538","","","","","","","","","","","","","","","1102","","f49cc449-ae76-4f00-9013-fcff3dfba256","Agency Contractor","29/05/2021 - 04/06/2021","","29091144@sittest.com","Hofstadter, Leonard 29091144 29091144@sittest.com","","HPWO00091512","","99748640",""
"C1","29091144","","Approved","01/06/2021","R-010110700.0300","C110299951","PROJMGR|Billable","","R-010110700.0300","","","","8.00","Straight Time","84539","","","C1 WBS","","","","","","","","WBS","RV","","","1102","R-010110700.0300","ab70e0d1-a783-44ac-9441-ec8aa770d5ff","Agency Contractor","29/05/2021 - 04/06/2021","","29091144@sittest.com","Hofstadter, Leonard 29091144 29091144@sittest.com","0000000000","HPWO00091512","","99748640",""
"C1","29091144","","Approved","02/06/2021","R-010110700.0300","C110299951","PROJMGR|Billable","","R-010110700.0300","","","","6.40","Straight Time","84970","","time test for co posting error","C1 WBS","","","","","","","","WBS","RV","","","1102","R-010110700.0300","6bd2c728-32cb-4f0b-92ee-64885c187a8f","Agency Contractor","29/05/2021 - 04/06/2021","","29091144@sittest.com","Hofstadter, Leonard 29091144 29091144@sittest.com","0000000000","HPWO00091512","","99748640",""
"C1","29091724","","Approved","24/07/2021","B-010122851.0001","C120099951","NO BILL|Billable","","","","","","1.00","Straight Time","92294","","ST","C1 WBS","","","","","","","","WBS","BP","","","1200","","5095a13d-19c0-4647-9763-5db62bdb9d52","Agency Contractor","24/07/2021 - 30/07/2021","","29091724@sittest.com","Roe AC_A 1200, Change Cost Centre 29091724 29091724@sittest.com","0000000000","HPWO00091637","","Null",""
"C1","29091724","","Approved","25/07/2021","B-010122851.0001","C120099951","NO BILL|Billable","","","","","","1.35","Overtime","92295","","OT","C1 WBS","","","","","","","","WBS","BP","","","1200","","68a96532-1d6a-45be-b131-681ea894a5cd","Agency Contractor","24/07/2021 - 30/07/2021","","29091724@sittest.com","Roe AC_A 1200, Change Cost Centre 29091724 29091724@sittest.com","0000000000","HPWO00091637","","Null",""
"C1","29091724","","Approved","26/07/2021","B-010122851.0001","C120099951","NO BILL|Billable","","","","","","2.00","Double Time","92296","","DT","C1 WBS","","","","","","","","WBS","BP","","","1200","","ecd835e7-e039-4dd1-a2de-2ee8528350f6","Agency Contractor","24/07/2021 - 30/07/2021","","29091724@sittest.com","Roe AC_A 1200, Change Cost Centre 29091724 29091724@sittest.com","0000000000","HPWO00091637","","Null",""
"C1","29091724","","Approved","27/07/2021","","C120099951","","","","","","","0.00","","93879","","","","","","","","","","","","","","","1200","","8a3585a7-8771-4c3a-9f1b-ceae33e80efd","Agency Contractor","24/07/2021 - 30/07/2021","","29091724@sittest.com","Roe AC_A 1200, Change Cost Centre 29091724 29091724@sittest.com","","HPWO00091637","","Null",""
"C1","29091724","","Approved","28/07/2021","","C120099951","","","","","","","0.00","","93880","","","","","","","","","","","","","","","1200","","947118ef-c050-4bb1-9f8c-0923c85adc41","Agency Contractor","24/07/2021 - 30/07/2021","","29091724@sittest.com","Roe AC_A 1200, Change Cost Centre 29091724 29091724@sittest.com","","HPWO00091637","","Null",""
"C1","29091751","","Approved","26/07/2021","R-010124340.0010","C121899951","PROJMGR|Billable","","T1_RELEASE_A","","","","4.00","Straight Time","96628","","PTA WBS 1","C1 WBS","","","","","","","","WBS","RV","","","1218","T1_RELEASE_A","39a0ed9c-5b5f-457e-8035-07d092b7901c","Agency Contractor","24/07/2021 - 30/07/2021","","29091751@sittest.com","Jenny AC_A 1218, General time entry Testing 29091751 29091751@sittest.com","","HPWO00091591","","99748677",""
"C1","29091751","","Approved","26/07/2021","R-010124341.0010","C121899951","CONSULTANT|Billable","","T2_RELEASE_B","","","","4.00","Straight Time","96632","","PTA WBS 2","C1 WBS","","","","","","","","WBS","RV","","","1218","T2_RELEASE_B","d5b47f3d-4ff9-446d-8b95-a60de7334772","Agency Contractor","24/07/2021 - 30/07/2021","","29091751@sittest.com","Jenny AC_A 1218, General time entry Testing 29091751 29091751@sittest.com","","HPWO00091591","","99748677",""
"C1","29091751","","Approved","27/07/2021","R-010124340.0010","C121899951","PROJMGR|Billable","","T1_RELEASE_A","","","","4.00","Straight Time","96629","","PTA WBS 1","C1 WBS","","","","","","","","WBS","RV","","","1218","T1_RELEASE_A","d6b20882-b7d0-4cd2-a603-97647b4c3918","Agency Contractor","24/07/2021 - 30/07/2021","","29091751@sittest.com","Jenny AC_A 1218, General time entry Testing 29091751 29091751@sittest.com","","HPWO00091591","","99748677",""
"C1","29091751","","Approved","27/07/2021","R-010124341.0010","C121899951","CONSULTANT|Billable","","T2_RELEASE_B","","","","4.00","Straight Time","96634","","PTA WBS 2","C1 WBS","","","","","","","","WBS","RV","","","1218","T2_RELEASE_B","b3b3b2ef-fd5e-42c3-ac55-f857cc64a585","Agency Contractor","24/07/2021 - 30/07/2021","","29091751@sittest.com","Jenny AC_A 1218, General time entry Testing 29091751 29091751@sittest.com","","HPWO00091591","","99748677",""
"C1","29091751","","Approved","28/07/2021","R-010124340.0010","C121899951","PROJMGR|Billable","","T1_RELEASE_A","","","","4.00","Straight Time","96630","","PTA WBS 1","C1 WBS","","","","","","","","WBS","RV","","","1218","T1_RELEASE_A","5a71e816-b532-4147-80a8-3625b2372580","Agency Contractor","24/07/2021 - 30/07/2021","","29091751@sittest.com","Jenny AC_A 1218, General time entry Testing 29091751 29091751@sittest.com","","HPWO00091591","","99748677",""
"C1","29091751","","Approved","28/07/2021","R-010124341.0010","C121899951","CONSULTANT|Billable","","T2_RELEASE_B","","","","4.00","Straight Time","96635","","PTA WBS 2","C1 WBS","","","","","","","","WBS","RV","","","1218","T2_RELEASE_B","37080bc5-e2fe-4a4b-ad5f-712090bae344","Agency Contractor","24/07/2021 - 30/07/2021","","29091751@sittest.com","Jenny AC_A 1218, General time entry Testing 29091751 29091751@sittest.com","","HPWO00091591","","99748677",""
"C1","29091751","","Approved","29/07/2021","R-010124340.0010","C121899951","PROJMGR|Billable","","T1_RELEASE_A","","","","4.00","Straight Time","96631","","PTA WBS 1","C1 WBS","","","","","","","","WBS","RV","","","1218","T1_RELEASE_A","dff79a1b-08ed-491d-87e0-bcbf82dfe17c","Agency Contractor","24/07/2021 - 30/07/2021","","29091751@sittest.com","Jenny AC_A 1218, General time entry Testing 29091751 29091751@sittest.com","","HPWO00091591","","99748677",""
"C1","29091751","","Approved","29/07/2021","R-010124341.0010","C121899951","CONSULTANT|Billable","","T2_RELEASE_B","","","","4.00","Straight Time","96636","","PTA WBS 2","C1 WBS","","","","","","","","WBS","RV","","","1218","T2_RELEASE_B","b99abc48-918d-443b-801c-d91889f50bb0","Agency Contractor","24/07/2021 - 30/07/2021","","29091751@sittest.com","Jenny AC_A 1218, General time entry Testing 29091751 29091751@sittest.com","","HPWO00091591","","99748677",""
"C1","29091751","","Approved","30/07/2021","R-010124340.0010","C121899951","PROJMGR|Billable","","T1_RELEASE_A","","","","4.00","Straight Time","96633","","PTA WBS 1","C1 WBS","","","","","","","","WBS","RV","","","1218","T1_RELEASE_A","b7d7d406-b721-4029-91da-b9693267499b","Agency Contractor","24/07/2021 - 30/07/2021","","29091751@sittest.com","Jenny AC_A 1218, General time entry Testing 29091751 29091751@sittest.com","","HPWO00091591","","99748677",""
"C1","29091751","","Approved","30/07/2021","R-010124341.0010","C121899951","CONSULTANT|Billable","","T2_RELEASE_B","","","","4.00","Straight Time","96637","","PTA WBS 2","C1 WBS","","","","","","","","WBS","RV","","","1218","T2_RELEASE_B","2a8314a0-cd3b-493b-8d69-de4acef87062","Agency Contractor","24/07/2021 - 30/07/2021","","29091751@sittest.com","Jenny AC_A 1218, General time entry Testing 29091751 29091751@sittest.com","","HPWO00091591","","99748677",""
"C1","29091751","","Approved","02/08/2021","R-010124338.0010","C121899951","APPDEV|Billable","","T1_RELEASE_A","","","","0.00","Straight Time","96641","","changed to zero","C1 WBS","","","","","","","","WBS","RV","","","1218","T1_RELEASE_A","21a9a278-62c7-4928-b94f-ade14302c70b","Agency Contractor","31/07/2021 - 06/08/2021","","29091751@sittest.com","Jenny AC_A 1218, General time entry Testing 29091751 29091751@sittest.com","","HPWO00091591","","99748677",""
"C1","29091751","","Approved","02/08/2021","R-010124339.0010","C121899951","CONSULTANT|Non-Billable","","T2_RELEASE_B","","","","0.00","Straight Time","96646","","PTA WBS 2","C1 WBS","","","","","","","","WBS","RV","","","1218","T2_RELEASE_B","7a895029-ebb8-40fc-ae23-b388f7bc554d","Agency Contractor","31/07/2021 - 06/08/2021","","29091751@sittest.com","Jenny AC_A 1218, General time entry Testing 29091751 29091751@sittest.com","","HPWO00091591","","99748677",""
"C1","29091751","","Approved","03/08/2021","R-010124338.0010","C121899951","APPDEV|Billable","","T1_RELEASE_A","","","","1.00","Straight Time","96642","","changed to 1","C1 WBS","","","","","","","","WBS","RV","","","1218","T1_RELEASE_A","8440b190-b173-48ab-ad9c-c5e7b5ee4e36","Agency Contractor","31/07/2021 - 06/08/2021","","29091751@sittest.com","Jenny AC_A 1218, General time entry Testing 29091751 29091751@sittest.com","","HPWO00091591","","99748677",""
"C1","29091751","","Approved","03/08/2021","R-010124339.0010","C121899951","CONSULTANT|Non-Billable","","T2_RELEASE_B","","","","0.00","Straight Time","96647","","PTA WBS 2","C1 WBS","","","","","","","","WBS","RV","","","1218","T2_RELEASE_B","763c7f73-6ce6-4693-967b-8705fc77f7eb","Agency Contractor","31/07/2021 - 06/08/2021","","29091751@sittest.com","Jenny AC_A 1218, General time entry Testing 29091751 29091751@sittest.com","","HPWO00091591","","99748677",""
"C1","29091751","","Approved","04/08/2021","R-010124338.0010","C121899951","APPDEV|Billable","","T1_RELEASE_A","","","","4.00","Straight Time","96643","","PTA","C1 WBS","","","","","","","","WBS","RV","","","1218","T1_RELEASE_A","fe05f5c7-57c2-4f4a-bd25-edf77796b0f4","Agency Contractor","31/07/2021 - 06/08/2021","","29091751@sittest.com","Jenny AC_A 1218, General time entry Testing 29091751 29091751@sittest.com","","HPWO00091591","","99748677",""
"C1","29091751","","Approved","04/08/2021","R-010124339.0010","C121899951","CONSULTANT|Non-Billable","","T2_RELEASE_B","","","","0.00","Straight Time","96648","","PTA WBS 2","C1 WBS","","","","","","","","WBS","RV","","","1218","T2_RELEASE_B","53465fd1-e6e5-412f-b74f-2a1c0717d171","Agency Contractor","31/07/2021 - 06/08/2021","","29091751@sittest.com","Jenny AC_A 1218, General time entry Testing 29091751 29091751@sittest.com","","HPWO00091591","","99748677",""
"C1","29091751","","Approved","05/08/2021","R-010124338.0010","C121899951","APPDEV|Billable","","T1_RELEASE_A","","","","4.00","Straight Time","96644","","PTA","C1 WBS","","","","","","","","WBS","RV","","","1218","T1_RELEASE_A","b96c3b87-9f70-46d1-bace-f811aba2d69a","Agency Contractor","31/07/2021 - 06/08/2021","","29091751@sittest.com","Jenny AC_A 1218, General time entry Testing 29091751 29091751@sittest.com","","HPWO00091591","","99748677",""
"C1","29091751","","Approved","05/08/2021","R-010124339.0010","C121899951","CONSULTANT|Non-Billable","","T2_RELEASE_B","","","","0.00","Straight Time","96649","","PTA WBS 2","C1 WBS","","","","","","","","WBS","RV","","","1218","T2_RELEASE_B","2af5d264-7e53-4551-b72e-40dc75611951","Agency Contractor","31/07/2021 - 06/08/2021","","29091751@sittest.com","Jenny AC_A 1218, General time entry Testing 29091751 29091751@sittest.com","","HPWO00091591","","99748677",""
"C1","29091751","","Approved","06/08/2021","R-010124338.0010","C121899951","APPDEV|Billable","","T1_RELEASE_A","","","","4.00","Straight Time","96645","","PTA","C1 WBS","","","","","","","","WBS","RV","","","1218","T1_RELEASE_A","75eed089-3d22-4f4a-bb9e-2e7382cc7c27","Agency Contractor","31/07/2021 - 06/08/2021","","29091751@sittest.com","Jenny AC_A 1218, General time entry Testing 29091751 29091751@sittest.com","","HPWO00091591","","99748677",""
"C1","29091751","","Approved","06/08/2021","R-010124339.0010","C121899951","CONSULTANT|Non-Billable","","T2_RELEASE_B","","","","0.00","Straight Time","96650","","PTA WBS 2","C1 WBS","","","","","","","","WBS","RV","","","1218","T2_RELEASE_B","28a60168-7518-4d6b-841f-aa5f6f2c3853","Agency Contractor","31/07/2021 - 06/08/2021","","29091751@sittest.com","Jenny AC_A 1218, General time entry Testing 29091751 29091751@sittest.com","","HPWO00091591","","99748677",""
"C1","29091751","","Approved","06/09/2021","4083920","C121899951","LEGACY BILLING|Billable","","","","","","4.00","Straight Time","100920","","","C1 WBS","","","","","","","","SO","GB","","R-010020383.0004","1218","","4884ed5d-aa17-44af-a7b2-a0981d707724","Agency Contractor","04/09/2021 - 10/09/2021","","29091751@sittest.com","Jenny AC_A 1218, General time entry Testing 29091751 29091751@sittest.com","","HPWO00091591","","99748677",""
"C1","29091751","","Approved","06/09/2021","R-010124338.0010","C121899951","APPDEV|Billable","","T1_RELEASE_A","","","","2.00","Straight Time","100922","","","C1 WBS","","","","","","","","WBS","RV","","","1218","T1_RELEASE_A","40322a41-3c73-41fc-8319-26e092219764","Agency Contractor","04/09/2021 - 10/09/2021","","29091751@sittest.com","Jenny AC_A 1218, General time entry Testing 29091751 29091751@sittest.com","","HPWO00091591","","99748677",""
"C1","29091751","","Approved","06/09/2021","R-010124338.0010","C121899951","CONSULTANT|Billable","","T1_RELEASE_A","","","","2.00","Straight Time","100921","","","C1 WBS","","","","","","","","WBS","RV","","","1218","T1_RELEASE_A","7543b8b9-5e2a-4e14-bd11-bf88d88ba0ab","Agency Contractor","04/09/2021 - 10/09/2021","","29091751@sittest.com","Jenny AC_A 1218, General time entry Testing 29091751 29091751@sittest.com","","HPWO00091591","","99748677",""
"C1","29091751","","Approved","07/09/2021","4083920","C121899951","LEGACY BILLING|Billable","","","","","","4.00","Straight Time","100923","","","C1 WBS","","","","","","","","SO","GB","","R-010020383.0004","1218","","aa1aceac-0601-4a09-8d1a-66bff4afc426","Agency Contractor","04/09/2021 - 10/09/2021","","29091751@sittest.com","Jenny AC_A 1218, General time entry Testing 29091751 29091751@sittest.com","","HPWO00091591","","99748677",""
"C1","29091751","","Approved","07/09/2021","R-010124338.0010","C121899951","APPDEV|Billable","","T1_RELEASE_A","","","","2.00","Straight Time","100925","","","C1 WBS","","","","","","","","WBS","RV","","","1218","T1_RELEASE_A","6ee94513-f879-4cf3-99f9-c5e3aa9d4d95","Agency Contractor","04/09/2021 - 10/09/2021","","29091751@sittest.com","Jenny AC_A 1218, General time entry Testing 29091751 29091751@sittest.com","","HPWO00091591","","99748677",""
"C1","29091751","","Approved","07/09/2021","R-010124338.0010","C121899951","CONSULTANT|Billable","","T1_RELEASE_A","","","","2.00","Straight Time","100924","","","C1 WBS","","","","","","","","WBS","RV","","","1218","T1_RELEASE_A","8492484d-b08f-4465-a069-422d74bad1d7","Agency Contractor","04/09/2021 - 10/09/2021","","29091751@sittest.com","Jenny AC_A 1218, General time entry Testing 29091751 29091751@sittest.com","","HPWO00091591","","99748677",""
"C1","29091762","99748688","Approved","26/07/2021","X-092016572.0010","C139599951","","","REPLICON1","","","","6.00","Straight Time","92699","","PTA","C1 WBS","","","","","","","","WBS","IC","","","1395","REPLICON1","fd8a6eaa-2950-4ab2-8d89-d5a83c1a1cda","Agency Contractor","24/07/2021 - 30/07/2021","","29091762@sittest.com","Veena AC_A 1395, IWO Testing B 29091762 29091762@sittest.com","32761861","HPWO00091602","","99748688",""
"C1","29091762","99748688","Approved","27/07/2021","X-092016572.0010","C139599951","","","REPLICON1","","","","8.00","Straight Time","92701","","Re-pushed Timesheet due to GSAP Transfer","C1 WBS","","","","","","","","WBS","IC","","","1395","REPLICON1","e013d2dd-92f8-4d1b-9bbd-3122ee028521","Agency Contractor","24/07/2021 - 30/07/2021","","29091762@sittest.com","Veena AC_A 1395, IWO Testing B 29091762 29091762@sittest.com","32761861","HPWO00091602","","99748688",""
"C1","29091762","99748688","Approved","28/07/2021","X-092016572.0010","C139599951","","","REPLICON1","","","","8.00","Straight Time","92700","","Re-pushed Timesheet due to GSAP Transfer","C1 WBS","","","","","","","","WBS","IC","","","1395","REPLICON1","8174d19a-2187-4fa0-8811-aedb89e2ff57","Agency Contractor","24/07/2021 - 30/07/2021","","29091762@sittest.com","Veena AC_A 1395, IWO Testing B 29091762 29091762@sittest.com","32761861","HPWO00091602","","99748688",""
"C1","29091762","99748688","Approved","29/07/2021","X-092016572.0010","C139599951","","","REPLICON1","","","","8.00","Straight Time","92702","","Re-pushed Timesheet due to GSAP Transfer","C1 WBS","","","","","","","","WBS","IC","","","1395","REPLICON1","16dfcf5c-3920-4d2d-be14-a8a5781599c0","Agency Contractor","24/07/2021 - 30/07/2021","","29091762@sittest.com","Veena AC_A 1395, IWO Testing B 29091762 29091762@sittest.com","32761861","HPWO00091602","","99748688",""
"C1","29091762","99748688","Approved","30/07/2021","X-092016572.0010","C139599951","","","REPLICON1","","","","8.00","Straight Time","92703","","Re-pushed Timesheet due to GSAP Transfer","C1 WBS","","","","","","","","WBS","IC","","","1395","REPLICON1","4c47ea51-de54-4596-80f9-6d710ba1c66d","Agency Contractor","24/07/2021 - 30/07/2021","","29091762@sittest.com","Veena AC_A 1395, IWO Testing B 29091762 29091762@sittest.com","32761861","HPWO00091602","","99748688",""
"C1","29091766","","Approved","24/07/2021","R-010113035.0004","C139599951","PROJMGR|Billable","","02JIRAGEN","","","","1.00","Straight Time","89870","","","C1 WBS","","","","","","","","WBS","RV","","","1395","02JIRAGEN","831279f0-9de8-4d2c-8ea5-d48870d43c91","Agency Contractor","24/07/2021 - 30/07/2021","","29091766@sittest.com","Julia AC_A 1395, Retroactive Termination 29091766 29091766@sittest.com","0000000000","HPWO00091606","","99748692",""
"C1","29091766","","Approved","25/07/2021","R-010113035.0004","C139599951","PROJMGR|Non-Billable","","02JIRAGEN","","","","1.50","Overtime","89871","","","C1 WBS","","","","","","","","WBS","RV","","","1395","02JIRAGEN","6ba00ead-c8ae-4ec5-8565-2696876824e8","Agency Contractor","24/07/2021 - 30/07/2021","","29091766@sittest.com","Julia AC_A 1395, Retroactive Termination 29091766 29091766@sittest.com","0000000000","HPWO00091606","","99748692",""
"C1","29091766","","Approved","26/07/2021","R-010113035.0004","C139599951","PROJMGR|Non-Billable","","02JIRAGEN","","","","2.00","Straight Time","89872","","","C1 WBS","","","","","","","","WBS","RV","","","1395","02JIRAGEN","6c7303b2-61c5-4dbe-8fe6-a00024dfb7ca","Agency Contractor","24/07/2021 - 30/07/2021","","29091766@sittest.com","Julia AC_A 1395, Retroactive Termination 29091766 29091766@sittest.com","0000000000","HPWO00091606","","99748692",""
"C1","29091766","","Approved","31/07/2021","R-010113035.0004","C139599951","PROJMGR|Billable","","02JIRAGEN","","","","1.00","Straight Time","92471","","","C1 WBS","","","","","","","","WBS","RV","","","1395","02JIRAGEN","1a02876b-fbc6-4689-9734-36c8869e2ac6","Agency Contractor","31/07/2021 - 06/08/2021","","29091766@sittest.com","Julia AC_A 1395, Retroactive Termination 29091766 29091766@sittest.com","0000000000","HPWO00091606","","99748692",""
"C1","29091766","","Approved","01/08/2021","R-010113035.0004","C139599951","PROJMGR|Billable","","02JIRAGEN","","","","1.00","Straight Time","92472","","","C1 WBS","","","","","","","","WBS","RV","","","1395","02JIRAGEN","b492f7b8-3065-4204-9234-78cb742f1521","Agency Contractor","31/07/2021 - 06/08/2021","","29091766@sittest.com","Julia AC_A 1395, Retroactive Termination 29091766 29091766@sittest.com","0000000000","HPWO00091606","","99748692",""
"C1","29091766","","Approved","02/08/2021","R-010113035.0004","C139599951","PROJMGR|Billable","","02JIRAGEN","","","","1.00","Straight Time","92473","","","C1 WBS","","","","","","","","WBS","RV","","","1395","02JIRAGEN","0059e45c-2be8-4786-a43c-c1e9b3c71911","Agency Contractor","31/07/2021 - 06/08/2021","","29091766@sittest.com","Julia AC_A 1395, Retroactive Termination 29091766 29091766@sittest.com","0000000000","HPWO00091606","","99748692",""
"C1","29091766","","Approved","03/08/2021","R-010113035.0004","C139599951","PROJMGR|Billable","","02JIRAGEN","","","","1.00","Straight Time","92474","","","C1 WBS","","","","","","","","WBS","RV","","","1395","02JIRAGEN","c3c94db1-e373-4ce0-ad4d-2936093d1edf","Agency Contractor","31/07/2021 - 06/08/2021","","29091766@sittest.com","Julia AC_A 1395, Retroactive Termination 29091766 29091766@sittest.com","0000000000","HPWO00091606","","99748692",""
"C1","29091766","","Approved","04/08/2021","R-010113035.0004","C139599951","PROJMGR|Billable","","02JIRAGEN","","","","1.00","Straight Time","92475","","","C1 WBS","","","","","","","","WBS","RV","","","1395","02JIRAGEN","8fec3ea4-30c2-492f-9532-4a06c3b470ab","Agency Contractor","31/07/2021 - 06/08/2021","","29091766@sittest.com","Julia AC_A 1395, Retroactive Termination 29091766 29091766@sittest.com","0000000000","HPWO00091606","","99748692",""
"C1","29091766","","Approved","30/08/2021","S-010122545.0001","C139599951","DBA|Billable","","20180601","","","","1.00","Straight Time","100442","","","C1 WBS","","","","","","","","WBS","ST","","","1395","20180601","541601c0-8305-442a-9724-68d4f82c7bb1","Agency Contractor","28/08/2021 - 03/09/2021","","29091766@sittest.com","Julia AC_A 1395, Retroactive Termination 29091766 29091766@sittest.com","0000000000","HPWO00091606","","99748692",""
"C1","29091766","","Approved","30/08/2021","S-010122545.0001","C139599951","DBA|Billable","","20180601","","","","1.50","Overtime","100447","","","C1 WBS","","","","","","","","WBS","ST","","","1395","20180601","43a82838-f630-4aeb-a898-7acb988947e0","Agency Contractor","28/08/2021 - 03/09/2021","","29091766@sittest.com","Julia AC_A 1395, Retroactive Termination 29091766 29091766@sittest.com","0000000000","HPWO00091606","","99748692",""
"C1","29091766","","Approved","30/08/2021","S-010122545.0001","C139599951","DBA|Billable","","20180601","","","","2.00","Double Time","100452","","","C1 WBS","","","","","","","","WBS","ST","","","1395","20180601","1c0b957a-ce4d-4c44-b15e-3d43993fe5cd","Agency Contractor","28/08/2021 - 03/09/2021","","29091766@sittest.com","Julia AC_A 1395, Retroactive Termination 29091766 29091766@sittest.com","0000000000","HPWO00091606","","99748692",""
"C1","29091766","","Approved","30/08/2021","S-010122545.0001","C139599951","DBA|Billable","","20180601","","","","2.00","Double Time","100462","","","C1 WBS","","","","","","","","WBS","ST","","","1395","20180601","66897da9-c3b6-48fe-82f8-a76ffecd480c","Agency Contractor","28/08/2021 - 03/09/2021","","29091766@sittest.com","Julia AC_A 1395, Retroactive Termination 29091766 29091766@sittest.com","0000000000","HPWO00091606","","99748692",""
"C1","29091766","","Approved","30/08/2021","S-010122545.0001","C139599951","DBA|Non-Billable","","20180601","","","","0.00","Straight Time","100457","","","C1 WBS","","","","","","","","WBS","ST","","","1395","20180601","b4117ce6-9a13-49d5-a9ef-c294157113e7","Agency Contractor","28/08/2021 - 03/09/2021","","29091766@sittest.com","Julia AC_A 1395, Retroactive Termination 29091766 29091766@sittest.com","0000000000","HPWO00091606","","99748692",""
"C1","29091766","","Approved","31/08/2021","S-010122545.0001","C139599951","DBA|Billable","","20180601","","","","1.00","Straight Time","100443","","","C1 WBS","","","","","","","","WBS","ST","","","1395","20180601","0fe20ece-041c-485a-9662-d3249bb74c1b","Agency Contractor","28/08/2021 - 03/09/2021","","29091766@sittest.com","Julia AC_A 1395, Retroactive Termination 29091766 29091766@sittest.com","0000000000","HPWO00091606","","99748692",""
"C1","29091766","","Approved","31/08/2021","S-010122545.0001","C139599951","DBA|Billable","","20180601","","","","1.50","Overtime","100448","","","C1 WBS","","","","","","","","WBS","ST","","","1395","20180601","6eb34a63-402f-46fa-a2c8-f16842364cb9","Agency Contractor","28/08/2021 - 03/09/2021","","29091766@sittest.com","Julia AC_A 1395, Retroactive Termination 29091766 29091766@sittest.com","0000000000","HPWO00091606","","99748692",""
"C1","29091766","","Approved","31/08/2021","S-010122545.0001","C139599951","DBA|Billable","","20180601","","","","2.00","Double Time","100453","","","C1 WBS","","","","","","","","WBS","ST","","","1395","20180601","3ab4c8dd-c4e9-4d23-9cd3-b35f27455219","Agency Contractor","28/08/2021 - 03/09/2021","","29091766@sittest.com","Julia AC_A 1395, Retroactive Termination 29091766 29091766@sittest.com","0000000000","HPWO00091606","","99748692",""
"C1","29091766","","Approved","31/08/2021","S-010122545.0001","C139599951","DBA|Billable","","20180601","","","","2.00","Double Time","100463","","entered and removed 2 hours for wed and thu","C1 WBS","","","","","","","","WBS","ST","","","1395","20180601","04899553-3e28-425f-a789-ba9b06ed2986","Agency Contractor","28/08/2021 - 03/09/2021","","29091766@sittest.com","Julia AC_A 1395, Retroactive Termination 29091766 29091766@sittest.com","0000000000","HPWO00091606","","99748692",""
"C1","29091766","","Approved","31/08/2021","S-010122545.0001","C139599951","DBA|Non-Billable","","20180601","","","","0.00","Straight Time","100458","","","C1 WBS","","","","","","","","WBS","ST","","","1395","20180601","db1a3c91-e493-4a09-814e-ad6722f51f58","Agency Contractor","28/08/2021 - 03/09/2021","","29091766@sittest.com","Julia AC_A 1395, Retroactive Termination 29091766 29091766@sittest.com","0000000000","HPWO00091606","","99748692",""
"C1","29091766","","Approved","01/09/2021","S-010122545.0001","C139599951","DBA|Billable","","20180601","","","","0.00","Double Time","100464","","","C1 WBS","","","","","","","","WBS","ST","","","1395","20180601","82adf6e3-e87b-4e80-a6d5-540ccaaeacad","Agency Contractor","28/08/2021 - 03/09/2021","","29091766@sittest.com","Julia AC_A 1395, Retroactive Termination 29091766 29091766@sittest.com","0000000000","HPWO00091606","","99748692",""
"C1","29091766","","Approved","01/09/2021","S-010122545.0001","C139599951","DBA|Billable","","20180601","","","","1.00","Straight Time","100444","","","C1 WBS","","","","","","","","WBS","ST","","","1395","20180601","abbd9a7e-61e4-4c6e-8f5e-e9cbfdbecd6a","Agency Contractor","28/08/2021 - 03/09/2021","","29091766@sittest.com","Julia AC_A 1395, Retroactive Termination 29091766 29091766@sittest.com","0000000000","HPWO00091606","","99748692",""
"C1","29091766","","Approved","01/09/2021","S-010122545.0001","C139599951","DBA|Billable","","20180601","","","","1.50","Overtime","100449","","","C1 WBS","","","","","","","","WBS","ST","","","1395","20180601","14b38114-da2d-4337-8758-dfaf2ad377aa","Agency Contractor","28/08/2021 - 03/09/2021","","29091766@sittest.com","Julia AC_A 1395, Retroactive Termination 29091766 29091766@sittest.com","0000000000","HPWO00091606","","99748692",""
"C1","29091766","","Approved","01/09/2021","S-010122545.0001","C139599951","DBA|Billable","","20180601","","","","2.00","Double Time","100454","","","C1 WBS","","","","","","","","WBS","ST","","","1395","20180601","0fc911b0-821e-4fbb-bc73-62b9cf5ab84b","Agency Contractor","28/08/2021 - 03/09/2021","","29091766@sittest.com","Julia AC_A 1395, Retroactive Termination 29091766 29091766@sittest.com","0000000000","HPWO00091606","","99748692",""
"C1","29091766","","Approved","01/09/2021","S-010122545.0001","C139599951","DBA|Non-Billable","","20180601","","","","0.00","Straight Time","100459","","","C1 WBS","","","","","","","","WBS","ST","","","1395","20180601","0965261e-6a5a-4d21-bbf5-48275c5893ae","Agency Contractor","28/08/2021 - 03/09/2021","","29091766@sittest.com","Julia AC_A 1395, Retroactive Termination 29091766 29091766@sittest.com","0000000000","HPWO00091606","","99748692",""
"C1","29091766","","Approved","02/09/2021","S-010122545.0001","C139599951","DBA|Billable","","20180601","","","","0.00","Double Time","100465","","","C1 WBS","","","","","","","","WBS","ST","","","1395","20180601","899b6108-9cfc-4fd9-8953-be027aa27f43","Agency Contractor","28/08/2021 - 03/09/2021","","29091766@sittest.com","Julia AC_A 1395, Retroactive Termination 29091766 29091766@sittest.com","0000000000","HPWO00091606","","99748692",""
"C1","29091766","","Approved","02/09/2021","S-010122545.0001","C139599951","DBA|Billable","","20180601","","","","1.00","Straight Time","100445","","","C1 WBS","","","","","","","","WBS","ST","","","1395","20180601","0cce82fc-6056-4009-82eb-b5ae13d063c1","Agency Contractor","28/08/2021 - 03/09/2021","","29091766@sittest.com","Julia AC_A 1395, Retroactive Termination 29091766 29091766@sittest.com","0000000000","HPWO00091606","","99748692",""
"C1","29091766","","Approved","02/09/2021","S-010122545.0001","C139599951","DBA|Billable","","20180601","","","","1.50","Overtime","100450","","","C1 WBS","","","","","","","","WBS","ST","","","1395","20180601","33a85c5f-c5bf-4668-bbd2-f979d4955a4f","Agency Contractor","28/08/2021 - 03/09/2021","","29091766@sittest.com","Julia AC_A 1395, Retroactive Termination 29091766 29091766@sittest.com","0000000000","HPWO00091606","","99748692",""
"C1","29091766","","Approved","02/09/2021","S-010122545.0001","C139599951","DBA|Billable","","20180601","","","","2.00","Double Time","100455","","","C1 WBS","","","","","","","","WBS","ST","","","1395","20180601","135ba679-4a8e-48b7-83e3-4ffdfa1904b5","Agency Contractor","28/08/2021 - 03/09/2021","","29091766@sittest.com","Julia AC_A 1395, Retroactive Termination 29091766 29091766@sittest.com","0000000000","HPWO00091606","","99748692",""
"C1","29091766","","Approved","02/09/2021","S-010122545.0001","C139599951","DBA|Non-Billable","","20180601","","","","0.00","Straight Time","100460","","","C1 WBS","","","","","","","","WBS","ST","","","1395","20180601","a8dd9504-345d-481c-a00e-19b2edf2cd82","Agency Contractor","28/08/2021 - 03/09/2021","","29091766@sittest.com","Julia AC_A 1395, Retroactive Termination 29091766 29091766@sittest.com","0000000000","HPWO00091606","","99748692",""
"C1","29091766","","Approved","03/09/2021","S-010122545.0001","C139599951","DBA|Billable","","20180601","","","","1.00","Straight Time","100446","","","C1 WBS","","","","","","","","WBS","ST","","","1395","20180601","fdc8f718-09c4-492e-80b6-87459467f7a7","Agency Contractor","28/08/2021 - 03/09/2021","","29091766@sittest.com","Julia AC_A 1395, Retroactive Termination 29091766 29091766@sittest.com","0000000000","HPWO00091606","","99748692",""
"C1","29091766","","Approved","03/09/2021","S-010122545.0001","C139599951","DBA|Billable","","20180601","","","","1.50","Overtime","100451","","","C1 WBS","","","","","","","","WBS","ST","","","1395","20180601","fefa4be8-88f7-47d8-a8b0-2a0379b6c84c","Agency Contractor","28/08/2021 - 03/09/2021","","29091766@sittest.com","Julia AC_A 1395, Retroactive Termination 29091766 29091766@sittest.com","0000000000","HPWO00091606","","99748692",""
"C1","29091766","","Approved","03/09/2021","S-010122545.0001","C139599951","DBA|Billable","","20180601","","","","2.00","Double Time","100456","","","C1 WBS","","","","","","","","WBS","ST","","","1395","20180601","50dc050e-c1c7-4b91-a3e4-74c7e9853965","Agency Contractor","28/08/2021 - 03/09/2021","","29091766@sittest.com","Julia AC_A 1395, Retroactive Termination 29091766 29091766@sittest.com","0000000000","HPWO00091606","","99748692",""
"C1","29091766","","Approved","03/09/2021","S-010122545.0001","C139599951","DBA|Non-Billable","","20180601","","","","0.00","Straight Time","100461","","","C1 WBS","","","","","","","","WBS","ST","","","1395","20180601","6f1ff83a-eff1-468f-8802-5e1ceaf12ec9","Agency Contractor","28/08/2021 - 03/09/2021","","29091766@sittest.com","Julia AC_A 1395, Retroactive Termination 29091766 29091766@sittest.com","0000000000","HPWO00091606","","99748692",""
"COMPASS","29090114","99110971","Approved","13/04/2021","IE1-IW777.01.01.01.05","","LEGACY BILLING|Billable","","IE1-IW777.01.01.01.05","","401","","3.00","Straight Time","7173","","Roe -ReOpen for Veena's IWO Compass - C1 Contractor to Service Order","COMPASS WBS","","","","","","","","","C","X","","IEEU","IE1-IW777.01.01.01.05","93feef2a-e2ca-4237-a438-3cbc211e1d62","Agency Contractor","12/04/2021 - 18/04/2021","Ireland","29090114@sittest.com","Smith, Molly 29090114 29090114@sittest.com","","HPWO00091282","4096630","",""
"COMPASS","29090114","99110971","Approved","13/04/2021","IE1-RUAT2.25.05","","","","IE1-RUAT2.25.05","","432","","0.00","Straight Time","2471","","","COMPASS WBS","","","","","","","","","C","","","IEEU","IE1-RUAT2.25.05","503d635e-01b7-46e0-a373-0611d59767e2","Agency Contractor","12/04/2021 - 18/04/2021","Ireland","29090114@sittest.com","Smith, Molly 29090114 29090114@sittest.com","","HPWO00091282","","",""
"COMPASS","29090114","99110971","Approved","13/04/2021","IE1-RUAT2.25.05","","","","IE1-RUAT2.25.05","","480","","0.00","Straight Time","2228","","","COMPASS WBS","","","","","","","","","C","","","IEEU","IE1-RUAT2.25.05","2ab0bf5f-45e7-4b56-b2f2-400d1831645d","Agency Contractor","12/04/2021 - 18/04/2021","Ireland","29090114@sittest.com","Smith, Molly 29090114 29090114@sittest.com","","HPWO00091282","","",""
"COMPASS","29090114","99110971","Approved","13/04/2021","IE1-RUAT2.25.05","","","","test","","400","","0.00","Straight Time","3000","","test/sara","COMPASS WBS","","","","","","","","","C","","","IEEU","test","f163c659-74d3-4f4f-9b6b-6149ae261afa","Agency Contractor","12/04/2021 - 18/04/2021","Ireland","29090114@sittest.com","Smith, Molly 29090114 29090114@sittest.com","","HPWO00091282","","",""
"COMPASS","29090114","99110971","Approved","13/04/2021","IE1-RUAT2.25.08","","","","IE1-RUAT2.25.08","","414","","0.00","Straight Time","2018","","short text is mandatory","COMPASS WBS","","","","","","","","","","X","","IEEU","IE1-RUAT2.25.08","a537b95f-ca40-4078-b92b-3417fcc22d18","Agency Contractor","12/04/2021 - 18/04/2021","Ireland","29090114@sittest.com","Smith, Molly 29090114 29090114@sittest.com","","HPWO00091282","","",""
"COMPASS","29090114","99110971","Approved","13/04/2021","IE1-RUAT2.25.14","","","","IE1-RUAT2.25.14","","","","0.00","Straight Time","2066","","","COMPASS WBS","","","","","","","","","C","X","","IEEU","IE1-RUAT2.25.14","aca14b9b-2c56-4473-81b6-057ff9fba7fb","Agency Contractor","12/04/2021 - 18/04/2021","Ireland","29090114@sittest.com","Smith, Molly 29090114 29090114@sittest.com","","HPWO00091282","","",""
"COMPASS","29090114","99110971","Approved","13/04/2021","IE1-RUAT3.25.11","","","","T11_2","","411","","1.00","Straight Time","4136","","test","COMPASS WBS","Attribute 2","","","","","","","","","X","","IEEU","T2 / T11_2","b5a8804d-cc27-4900-bf53-b8434c52a5e2","Agency Contractor","12/04/2021 - 18/04/2021","Ireland","29090114@sittest.com","Smith, Molly 29090114 29090114@sittest.com","","HPWO00091282","","",""
"COMPASS","29090114","99110971","Approved","13/04/2021","","","","","","","799","","0.00","","2296","","","","","","","","","","","","","","","IEEU","","6ddc6608-96c4-4904-886c-bb949512621a","Agency Contractor","12/04/2021 - 18/04/2021","Ireland","29090114@sittest.com","Smith, Molly 29090114 29090114@sittest.com","","HPWO00091282","","",""
"COMPASS","29090114","99110971","Approved","13/04/2021","","","","","","","799","","0.00","","2999","","","","","","","","","","","","","","","IEEU","","20ed3c99-993a-40a2-ab5e-8c2445243a6a","Agency Contractor","12/04/2021 - 18/04/2021","Ireland","29090114@sittest.com","Smith, Molly 29090114 29090114@sittest.com","","HPWO00091282","","",""
"COMPASS","29090114","99110971","Approved","14/04/2021","IE1-IW777.01.01.01.05","","LEGACY BILLING|Billable","","IE1-IW777.01.01.01.05","","401","","3.00","Straight Time","7174","","Roe-ReOpen for Veena's IWO Compass - C1 Contractor to Service Order","COMPASS WBS","","","","","","","","","C","X","","IEEU","IE1-IW777.01.01.01.05","4646b8a8-436f-4bad-b3b5-bb595950c406","Agency Contractor","12/04/2021 - 18/04/2021","Ireland","29090114@sittest.com","Smith, Molly 29090114 29090114@sittest.com","","HPWO00091282","4096630","",""
"COMPASS","29090114","99110971","Approved","14/04/2021","IE1-RUAT2.25.05","","","","IE1-RUAT2.25.05","","400","","4.00","Straight Time","4277","","","COMPASS WBS","","","","","","","","","C","","","IEEU","IE1-RUAT2.25.05","97af9712-8f08-44cd-8069-9e167c1acdb9","Agency Contractor","12/04/2021 - 18/04/2021","Ireland","29090114@sittest.com","Smith, Molly 29090114 29090114@sittest.com","","HPWO00091282","","",""
"COMPASS","29090114","99110971","Approved","14/04/2021","IE1-RUAT2.25.05","","","","IE1-RUAT2.25.05","","432","","0.00","Straight Time","2472","","","COMPASS WBS","","","","","","","","","C","","","IEEU","IE1-RUAT2.25.05","32e902c8-e9a3-4aed-aac2-439dad0e5fcd","Agency Contractor","12/04/2021 - 18/04/2021","Ireland","29090114@sittest.com","Smith, Molly 29090114 29090114@sittest.com","","HPWO00091282","","",""
"COMPASS","29090114","99110971","Approved","14/04/2021","IE1-RUAT2.25.05","","","","IE1-RUAT2.25.05","","799","","0.00","Straight Time","2287","","","COMPASS WBS","","","","","","","","","C","","","IEEU","IE1-RUAT2.25.05","874e0157-2f2a-4fd4-9b29-180449118722","Agency Contractor","12/04/2021 - 18/04/2021","Ireland","29090114@sittest.com","Smith, Molly 29090114 29090114@sittest.com","","HPWO00091282","","",""
"COMPASS","29090114","99110971","Approved","14/04/2021","IE1-RUAT2.25.07","","","","IE1-RUAT2.25.07","","414","","0.00","Straight Time","2246","","","COMPASS WBS","","","","","","","","","C","X","","IEEU","IE1-RUAT2.25.07","2e2e8579-beef-4a2d-9f29-11e5c7a948ae","Agency Contractor","12/04/2021 - 18/04/2021","Ireland","29090114@sittest.com","Smith, Molly 29090114 29090114@sittest.com","","HPWO00091282","","",""
"COMPASS","29090114","99110971","Approved","14/04/2021","IE1-RUAT2.25.07","","","","T1","","414","","0.00","Straight Time","2247","","","COMPASS WBS","Attribute 1","","","","","","","","C","X","","IEEU","T1","34586b86-88a8-4bdb-870a-c40cee1af473","Agency Contractor","12/04/2021 - 18/04/2021","Ireland","29090114@sittest.com","Smith, Molly 29090114 29090114@sittest.com","","HPWO00091282","","",""
"COMPASS","29090114","99110971","Approved","14/04/2021","IE1-RUAT2.25.07","","","","","","414","","0.00","Straight Time","2249","","","COMPASS WBS","","","","","","","","","C","X","","IEEU","","212c26ac-a013-4ca8-a05c-bac7ca0e7ff2","Agency Contractor","12/04/2021 - 18/04/2021","Ireland","29090114@sittest.com","Smith, Molly 29090114 29090114@sittest.com","","HPWO00091282","","",""
"COMPASS","29090114","99110971","Approved","14/04/2021","IE1-RUAT2.25.07","","","","","","414","","0.00","Straight Time","2250","","","COMPASS WBS","","","","","","","","","C","X","","IEEU","","6fbe8731-695f-4ee8-b4eb-fef2a2c46bd4","Agency Contractor","12/04/2021 - 18/04/2021","Ireland","29090114@sittest.com","Smith, Molly 29090114 29090114@sittest.com","","HPWO00091282","","",""
"COMPASS","29090114","99110971","Approved","14/04/2021","IE1-RUAT2.25.07","","","","","","414","","0.00","Straight Time","2251","","","COMPASS WBS","","","","","","","","","C","X","","IEEU","","bbafad5a-f6b5-4d26-b057-8810d3280c87","Agency Contractor","12/04/2021 - 18/04/2021","Ireland","29090114@sittest.com","Smith, Molly 29090114 29090114@sittest.com","","HPWO00091282","","",""
"COMPASS","29090114","99110971","Approved","14/04/2021","IE1-RUAT2.25.07","","","","","","414","","0.00","Straight Time","2252","","","COMPASS WBS","","","","","","","","","C","X","","IEEU","","be41dcb2-e378-4595-a10c-3b6441dd74f0","Agency Contractor","12/04/2021 - 18/04/2021","Ireland","29090114@sittest.com","Smith, Molly 29090114 29090114@sittest.com","","HPWO00091282","","",""
"COMPASS","29090114","99110971","Approved","14/04/2021","IE1-RUAT2.25.07","","","","","","414","","0.00","Straight Time","2253","","","COMPASS WBS","","","","","","","","","C","X","","IEEU","","3d773df9-45ca-4b29-aa08-b6079a1720e2","Agency Contractor","12/04/2021 - 18/04/2021","Ireland","29090114@sittest.com","Smith, Molly 29090114 29090114@sittest.com","","HPWO00091282","","",""
"COMPASS","29090114","99110971","Approved","14/04/2021","IE1-RUAT2.25.07","","","","","","414","","0.00","Straight Time","2254","","","COMPASS WBS","","","","","","","","","C","X","","IEEU","","68478a7f-b594-4bc5-9c2d-dde9051d4b8a","Agency Contractor","12/04/2021 - 18/04/2021","Ireland","29090114@sittest.com","Smith, Molly 29090114 29090114@sittest.com","","HPWO00091282","","",""
"COMPASS","29090114","99110971","Approved","14/04/2021","IE1-RUAT2.25.07","","","","","","414","","0.00","Straight Time","2255","","","COMPASS WBS","","","","","","","","","C","X","","IEEU","","4e60c9c7-0b5d-436a-b27d-22c41026c0f3","Agency Contractor","12/04/2021 - 18/04/2021","Ireland","29090114@sittest.com","Smith, Molly 29090114 29090114@sittest.com","","HPWO00091282","","",""
"COMPASS","29090114","99110971","Approved","14/04/2021","IE1-RUAT2.25.07","","","","","","414","","0.00","Straight Time","2256","","","COMPASS WBS","","","","","","","","","C","X","","IEEU","","c1f1dd0d-a0e4-4053-8e9d-f4709e5fc761","Agency Contractor","12/04/2021 - 18/04/2021","Ireland","29090114@sittest.com","Smith, Molly 29090114 29090114@sittest.com","","HPWO00091282","","",""
"COMPASS","29090114","99110971","Approved","14/04/2021","IE1-RUAT2.25.07","","","","","","414","","0.00","Straight Time","2257","","","COMPASS WBS","","","","","","","","","C","X","","IEEU","","f27f71df-8551-46b3-aea5-b7a827506a40","Agency Contractor","12/04/2021 - 18/04/2021","Ireland","29090114@sittest.com","Smith, Molly 29090114 29090114@sittest.com","","HPWO00091282","","",""
"COMPASS","29090114","99110971","Approved","14/04/2021","IE1-RUAT2.25.08","","","","IE1-RUAT2.25.08","","414","","0.00","Straight Time","2020","","Where do we enter customer fields?","COMPASS WBS","","","","","","","","","","X","","IEEU","IE1-RUAT2.25.08","09a473f8-bfea-4879-917c-5adee9837ad5","Agency Contractor","12/04/2021 - 18/04/2021","Ireland","29090114@sittest.com","Smith, Molly 29090114 29090114@sittest.com","","HPWO00091282","","",""
"COMPASS","29090114","99110971","Approved","14/04/2021","","","","","","","700","","0.00","Straight Time","2359","","","","","","","","","","","","","","","IEEU","","6df5a0ac-1131-4e7a-8ed9-ca55053ff22e","Agency Contractor","12/04/2021 - 18/04/2021","Ireland","29090114@sittest.com","Smith, Molly 29090114 29090114@sittest.com","","HPWO00091282","","",""
"COMPASS","29090114","99110971","Approved","14/04/2021","","","","","","","799","","0.00","Straight Time","2358","","","","","","","","","","","","","","","IEEU","","f8b35778-36fb-4cb6-a178-c6e3e5fa5b7c","Agency Contractor","12/04/2021 - 18/04/2021","Ireland","29090114@sittest.com","Smith, Molly 29090114 29090114@sittest.com","","HPWO00091282","","",""
"COMPASS","29090114","99110971","Approved","15/04/2021","CA1-RGT02.02.05","","","","CA1-RGT02.02.05","","411","","0.00","Straight Time","4045","","","COMPASS WBS","","","","","","","","","C","","","IEEU","CA1-RGT02.02.05","e8f13e8d-2e39-4631-92c1-3b6955852116","Agency Contractor","12/04/2021 - 18/04/2021","Ireland","29090114@sittest.com","Smith, Molly 29090114 29090114@sittest.com","","HPWO00091282","","",""
"COMPASS","29090114","99110971","Approved","15/04/2021","IE1-RUAT2.25.01","","","","IE1-RUAT2.25.01","","414","","0.00","Straight Time","2027","","","COMPASS WBS","","","","","","","","","","X","","IEEU","IE1-RUAT2.25.01","be5c6edf-30ac-461a-aba8-749988a280de","Agency Contractor","12/04/2021 - 18/04/2021","Ireland","29090114@sittest.com","Smith, Molly 29090114 29090114@sittest.com","","HPWO00091282","","",""
"COMPASS","29090114","99110971","Approved","15/04/2021","IE1-RUAT2.25.05","","","","IE1-RUAT2.25.05","","400","","4.00","Straight Time","4278","","","COMPASS WBS","","","","","","","","","C","","","IEEU","IE1-RUAT2.25.05","498aaffd-dd0c-4dae-84b4-78926102a715","Agency Contractor","12/04/2021 - 18/04/2021","Ireland","29090114@sittest.com","Smith, Molly 29090114 29090114@sittest.com","","HPWO00091282","","",""
"COMPASS","29090114","99110971","Approved","15/04/2021","IE1-RUAT2.25.05","","","","IE1-RUAT2.25.05","","432","","0.00","Straight Time","2473","","","COMPASS WBS","","","","","","","","","C","","","IEEU","IE1-RUAT2.25.05","4de2fa23-5a0c-4d5b-926d-b4c41534798f","Agency Contractor","12/04/2021 - 18/04/2021","Ireland","29090114@sittest.com","Smith, Molly 29090114 29090114@sittest.com","","HPWO00091282","","",""
"COMPASS","29090114","99110971","Approved","15/04/2021","IE1-RUAT2.25.10","","","","","","414","","0.00","Straight Time","2339","","","COMPASS WBS","","","","","","","","","","X","","IEEU","","c2c49a16-a3fb-4b00-9ebc-7f8d19741d78","Agency Contractor","12/04/2021 - 18/04/2021","Ireland","29090114@sittest.com","Smith, Molly 29090114 29090114@sittest.com","","HPWO00091282","","",""
"COMPASS","29090114","99110971","Approved","16/04/2021","IE1-RUAT2.25.05","","","","IE1-RUAT2.25.05","","400","","4.00","Straight Time","4279","","","COMPASS WBS","","","","","","","","","C","","","IEEU","IE1-RUAT2.25.05","4a265cc8-961c-480f-98fa-a8dbb0328bd4","Agency Contractor","12/04/2021 - 18/04/2021","Ireland","29090114@sittest.com","Smith, Molly 29090114 29090114@sittest.com","","HPWO00091282","","",""
"COMPASS","29090114","99110971","Approved","16/04/2021","IE1-RUAT2.25.05","","","","IE1-RUAT2.25.05","","432","","0.00","Straight Time","2474","","","COMPASS WBS","","","","","","","","","C","","","IEEU","IE1-RUAT2.25.05","703cd800-5370-42c4-bfb3-5dfa0cc9575f","Agency Contractor","12/04/2021 - 18/04/2021","Ireland","29090114@sittest.com","Smith, Molly 29090114 29090114@sittest.com","","HPWO00091282","","",""
"COMPASS","29090114","99110971","Approved","16/04/2021","IE1-RUAT2.25.10","","","","T1_2","","414","","0.00","Straight Time","2337","","","COMPASS WBS","Attribute 2","","","","","","","","","X","","IEEU","F142B UAT / T1_2","e6a646c8-58c3-4d5f-991f-58d00ee79788","Agency Contractor","12/04/2021 - 18/04/2021","Ireland","29090114@sittest.com","Smith, Molly 29090114 29090114@sittest.com","","HPWO00091282","","",""
"COMPASS","29090114","99110971","Approved","16/04/2021","IE1-RUAT2.25.14","","","","IE1-RUAT2.25.14","","414","","0.00","Straight Time","2062","","","COMPASS WBS","","","","","","","","","C","X","","IEEU","IE1-RUAT2.25.14","aec4efbd-7dd1-4e18-bedb-878091d50da3","Agency Contractor","12/04/2021 - 18/04/2021","Ireland","29090114@sittest.com","Smith, Molly 29090114 29090114@sittest.com","","HPWO00091282","","",""
"COMPASS","29090114","99110971","Approved","16/04/2021","IE1-RUAT2.25.14","","","","IE1-RUAT2.25.14","","414","","0.00","Straight Time","2063","","","COMPASS WBS","","","","","","","","","C","X","","IEEU","IE1-RUAT2.25.14","e249f5c9-1ed6-421f-abbf-3b714d5d11c1","Agency Contractor","12/04/2021 - 18/04/2021","Ireland","29090114@sittest.com","Smith, Molly 29090114 29090114@sittest.com","","HPWO00091282","","",""
"COMPASS","29090114","99110971","Approved","16/04/2021","","","","","","","700","","0.00","Straight Time","2061","","","","","","","","","","","","","","","IEEU","","56328939-97cb-4a83-b05f-36f25552bb68","Agency Contractor","12/04/2021 - 18/04/2021","Ireland","29090114@sittest.com","Smith, Molly 29090114 29090114@sittest.com","","HPWO00091282","","",""
"COMPASS","29090114","99110971","Approved","16/04/2021","","","","","","","799","","0.00","Straight Time","2223","","","","","","","","","","","","","","","IEEU","","0d3e41f5-650b-4db9-b9db-9334888f193b","Agency Contractor","12/04/2021 - 18/04/2021","Ireland","29090114@sittest.com","Smith, Molly 29090114 29090114@sittest.com","","HPWO00091282","","",""
"COMPASS","29090114","99110971","Approved","17/04/2021","IE1-RUAT2.25.14","","","","IE1-RUAT2.25.14","","414","","0.00","Straight Time","2064","","","COMPASS WBS","","","","","","","","","C","X","","IEEU","IE1-RUAT2.25.14","2ab60173-c444-4c8b-ba25-257bae1e1fa7","Agency Contractor","12/04/2021 - 18/04/2021","Ireland","29090114@sittest.com","Smith, Molly 29090114 29090114@sittest.com","","HPWO00091282","","",""
"COMPASS","29090122","","Approved","12/04/2021","IE1-IWR2 .01.01.01.08","","","","IE1-IWR2 .01.01.01.08","","414","","0.00","Straight Time","3764","","","COMPASS WBS","","","","","","","","","C","X","R-010123753.0010","IEEU","IE1-IWR2 .01.01.01.08","709519db-d0e5-4ab8-81b9-41032bbdedbf","Agency Contractor","12/04/2021 - 18/04/2021","Ireland","29090122@sittest.com","Ince, Virginia 29090122 29090122@sittest.com","","HPWO00091289","","",""
"COMPASS","29090122","","Approved","13/04/2021","IE1-IWR2 .01.01.01.08","","","","IE1-IWR2 .01.01.01.08","","414","","0.00","Straight Time","3765","","","COMPASS WBS","","","","","","","","","C","X","R-010123753.0010","IEEU","IE1-IWR2 .01.01.01.08","aa43c061-da7e-4ed1-94ad-f0bf3ce47d09","Agency Contractor","12/04/2021 - 18/04/2021","Ireland","29090122@sittest.com","Ince, Virginia 29090122 29090122@sittest.com","","HPWO00091289","","",""
"COMPASS","29090122","","Approved","14/04/2021","IE1-IWR2 .01.01.01.08","","","","IE1-IWR2 .01.01.01.08","","414","","8.00","Straight Time","3766","","","COMPASS WBS","","","","","","","","","C","X","R-010123753.0010","IEEU","IE1-IWR2 .01.01.01.08","2ccad974-9cb0-47cb-840d-5cf67d61da42","Agency Contractor","12/04/2021 - 18/04/2021","Ireland","29090122@sittest.com","Ince, Virginia 29090122 29090122@sittest.com","","HPWO00091289","","",""
"COMPASS","29090122","","Approved","15/04/2021","IE1-IWR2 .01.01.01.08","","","","IE1-IWR2 .01.01.01.08","","414","","6.00","Straight Time","3767","","","COMPASS WBS","","","","","","","","","C","X","R-010123753.0010","IEEU","IE1-IWR2 .01.01.01.08","c09a2e61-96d0-4941-b65b-69f22dabf64e","Agency Contractor","12/04/2021 - 18/04/2021","Ireland","29090122@sittest.com","Ince, Virginia 29090122 29090122@sittest.com","","HPWO00091289","","",""
"COMPASS","29090122","","Approved","16/04/2021","IE1-IWR2 .01.01.01.08","","","","IE1-IWR2 .01.01.01.08","","414","","0.00","Straight Time","3768","","","COMPASS WBS","","","","","","","","","C","X","R-010123753.0010","IEEU","IE1-IWR2 .01.01.01.08","5de327da-b7e9-411c-864f-9eb7c1ca4dd3","Agency Contractor","12/04/2021 - 18/04/2021","Ireland","29090122@sittest.com","Ince, Virginia 29090122 29090122@sittest.com","","HPWO00091289","","",""
"COMPASS","29090122","","Approved","19/04/2021","IE1-IWR2 .01.01.01.08","USA7114826","","","IE1-IWR2 .01.01.01.08","","400","","0.00","Straight Time","4843","","","COMPASS WBS","","","","","","","","","C","X","R-010123753.0010","IEEU","IE1-IWR2 .01.01.01.08","1a38bb23-3a6b-4abf-a1b8-b73f0a48cc46","Agency Contractor","19/04/2021 - 25/04/2021","Ireland","29090122@sittest.com","Ince, Virginia 29090122 29090122@sittest.com","","HPWO00091289","","",""
"COMPASS","29090122","","Approved","19/04/2021","IE1-IWR2 .01.01.01.08","USA7114826","","","IE1-IWR2 .01.01.01.08","","414","","0.00","Straight Time","5232","","","COMPASS WBS","","","","","","","","","C","X","R-010123753.0010","IEEU","IE1-IWR2 .01.01.01.08","93aa7337-48fe-46bf-a3db-1fb1e1f9648c","Agency Contractor","19/04/2021 - 25/04/2021","Ireland","29090122@sittest.com","Ince, Virginia 29090122 29090122@sittest.com","","HPWO00091289","","",""
"COMPASS","29090122","","Approved","19/04/2021","IE1-REP06.02.05","USA7114826","","","IE1-REP06.02.05","","415","","8.00","Straight Time","5432","","Changed WBS NC 23/4","COMPASS WBS","","","","","","","","","","","","IEEU","IE1-REP06.02.05","725db9fe-0435-484c-9906-97e4ca7db7ea","Agency Contractor","19/04/2021 - 25/04/2021","Ireland","29090122@sittest.com","Ince, Virginia 29090122 29090122@sittest.com","","HPWO00091289","","",""
"COMPASS","29090122","","Approved","20/04/2021","IE1-IWR2 .01.01.01.08","USA7114826","","","IE1-IWR2 .01.01.01.08","","400","","0.00","Straight Time","4844","","","COMPASS WBS","","","","","","","","","C","X","R-010123753.0010","IEEU","IE1-IWR2 .01.01.01.08","6c821e44-63b6-425d-9212-8bdd9fcc032d","Agency Contractor","19/04/2021 - 25/04/2021","Ireland","29090122@sittest.com","Ince, Virginia 29090122 29090122@sittest.com","","HPWO00091289","","",""
"COMPASS","29090122","","Approved","20/04/2021","IE1-REP06.02.05","USA7114826","","","IE1-REP06.02.05","","401","","8.00","Straight Time","5429","","Chg WBS 23/4 NC","COMPASS WBS","","","","","","","","","","","","IEEU","IE1-REP06.02.05","4532409e-eb2f-4452-b0f7-73c10a17084a","Agency Contractor","19/04/2021 - 25/04/2021","Ireland","29090122@sittest.com","Ince, Virginia 29090122 29090122@sittest.com","","HPWO00091289","","",""
"COMPASS","29090122","","Approved","21/04/2021","IE1-IWR2 .01.01.01.08","USA7114826","","","IE1-IWR2 .01.01.01.08","","400","","0.00","Straight Time","4845","","","COMPASS WBS","","","","","","","","","C","X","R-010123753.0010","IEEU","IE1-IWR2 .01.01.01.08","852c7795-4c00-4d43-b3ff-2f71ce75ff3b","Agency Contractor","19/04/2021 - 25/04/2021","Ireland","29090122@sittest.com","Ince, Virginia 29090122 29090122@sittest.com","","HPWO00091289","","",""
"COMPASS","29090122","","Approved","21/04/2021","IE1-REP06.02.05","USA7114826","","","IE1-REP06.02.05","","401","","8.00","Straight Time","5430","","","COMPASS WBS","","","","","","","","","","","","IEEU","IE1-REP06.02.05","2353bfbe-0cbf-461c-a8de-a586d7a784ba","Agency Contractor","19/04/2021 - 25/04/2021","Ireland","29090122@sittest.com","Ince, Virginia 29090122 29090122@sittest.com","","HPWO00091289","","",""
"COMPASS","29090122","","Approved","21/04/2021","","USA7114826","","","","","799","","2.00","Straight Time","5233","","New Comment - Hrs No Chg","","","","","","","","","","","","","IEEU","","7b2227b0-316c-4592-a8ad-687bd884e698","Agency Contractor","19/04/2021 - 25/04/2021","Ireland","29090122@sittest.com","Ince, Virginia 29090122 29090122@sittest.com","","HPWO00091289","","",""
"COMPASS","29090122","","Approved","22/04/2021","IE1-IWR2 .01.01.01.08","USA7114826","","","IE1-IWR2 .01.01.01.08","","400","","0.00","Straight Time","4846","","","COMPASS WBS","","","","","","","","","C","X","R-010123753.0010","IEEU","IE1-IWR2 .01.01.01.08","93fc0d0d-1fe7-4cdb-a306-46aa8e100f96","Agency Contractor","19/04/2021 - 25/04/2021","Ireland","29090122@sittest.com","Ince, Virginia 29090122 29090122@sittest.com","","HPWO00091289","","",""
"COMPASS","29090122","","Approved","22/04/2021","IE1-REP06.02.05","USA7114826","","","IE1-REP06.02.05","","401","","8.00","Straight Time","5431","","","COMPASS WBS","","","","","","","","","","","","IEEU","IE1-REP06.02.05","fe8e789a-34a6-4a0a-bfe2-318e1ae999f1","Agency Contractor","19/04/2021 - 25/04/2021","Ireland","29090122@sittest.com","Ince, Virginia 29090122 29090122@sittest.com","","HPWO00091289","","",""
"COMPASS","29090122","","Approved","23/04/2021","IE1-IWR2 .01.01.01.08","USA7114826","","","IE1-IWR2 .01.01.01.08","","400","","0.00","Straight Time","4847","","","COMPASS WBS","","","","","","","","","C","X","R-010123753.0010","IEEU","IE1-IWR2 .01.01.01.08","8358aef2-535d-4e4c-abdf-0d6a2159a4e7","Agency Contractor","19/04/2021 - 25/04/2021","Ireland","29090122@sittest.com","Ince, Virginia 29090122 29090122@sittest.com","","HPWO00091289","","",""
"COMPASS","29090122","","Approved","10/05/2021","IE1-RUAT3.25.05","USA7114826","","","IE1-RUAT3.25.05","","400","","4.00","Straight Time","60136","","","COMPASS WBS","","","","","","","","","","X","","IEEU","IE1-RUAT3.25.05","f082e679-d3c8-462a-8c25-269000cd81dd","Agency Contractor","10/05/2021 - 16/05/2021","Ireland","29090122@sittest.com","Ince, Virginia 29090122 29090122@sittest.com","","HPWO00091289","","",""
"COMPASS","29090122","","Approved","11/05/2021","IE1-RUAT3.25.05","USA7114826","","","IE1-RUAT3.25.05","","400","","4.00","Straight Time","60137","","","COMPASS WBS","","","","","","","","","","X","","IEEU","IE1-RUAT3.25.05","6efd6859-8ccc-4de4-81e4-d9bc420a7481","Agency Contractor","10/05/2021 - 16/05/2021","Ireland","29090122@sittest.com","Ince, Virginia 29090122 29090122@sittest.com","","HPWO00091289","","",""
"COMPASS","29090292","99110978","Approved","22/02/2021","","IEEU500699","","","","","799","","0.00","","5941","","","","","","","","","","","","","","","IEEU","","0fc880d9-86ed-4c6d-91d4-b21a7a476f0f","Agency Contractor","22/02/2021 - 28/02/2021","Ireland","29090292@sittest.com","Carr, Owen 29090292 29090292@sittest.com","","HPWO00091380","","",""
"COMPASS","29090292","99110978","Approved","01/03/2021","","IEEU500699","","","","","799","","0.00","Straight Time","6080","","","","","","","","","","","","","","","IEEU","","7b2eabc2-2504-4c39-bb07-e17ad6ae7432","Agency Contractor","01/03/2021 - 07/03/2021","Ireland","29090292@sittest.com","Carr, Owen 29090292 29090292@sittest.com","","HPWO00091380","","",""
"COMPASS","29090292","99110978","Approved","02/03/2021","","IEEU500699","","","","","799","","0.00","Straight Time","6081","","","","","","","","","","","","","","","IEEU","","0a965641-159d-4337-aae2-57baa6852bb9","Agency Contractor","01/03/2021 - 07/03/2021","Ireland","29090292@sittest.com","Carr, Owen 29090292 29090292@sittest.com","","HPWO00091380","","",""
"COMPASS","29090292","99110978","Approved","29/03/2021","IE1-RUAT4.25.05","IEEU500699","","","IE1-RUAT4.25.05","","411","","0.00","Straight Time","6167","","","COMPASS WBS","","","","","","","","","","X","","IEEU","IE1-RUAT4.25.05","c3507502-941d-493e-8011-23490b0b8e41","Agency Contractor","29/03/2021 - 04/04/2021","Ireland","29090292@sittest.com","Carr, Owen 29090292 29090292@sittest.com","","HPWO00091380","","",""
"COMPASS","29090292","99110978","Approved","29/03/2021","IE1-RUAT4.25.05","IEEU500699","","","IE1-RUAT4.25.05","","467","","0.00","","6083","","","COMPASS WBS","","","","","","","","","","X","","IEEU","IE1-RUAT4.25.05","5cbb384b-6f66-49c9-af47-53f35b32ba11","Agency Contractor","29/03/2021 - 04/04/2021","Ireland","29090292@sittest.com","Carr, Owen 29090292 29090292@sittest.com","","HPWO00091380","","",""
"COMPASS","29090292","99110978","Approved","29/03/2021","","IEEU500699","","","","","799","","0.00","Straight Time","6168","","","","","","","","","","","","","","","IEEU","","28ee7d1d-b1a9-4efd-9227-671e221d75ce","Agency Contractor","29/03/2021 - 04/04/2021","Ireland","29090292@sittest.com","Carr, Owen 29090292 29090292@sittest.com","","HPWO00091380","","",""
"COMPASS","29090292","99110978","Approved","29/03/2021","","IEEU500699","","","","","799","","0.00","","4028","","","","","","","","","","","","","","","IEEU","","cf0e7764-5726-4cf1-8d11-edd43cc0ed47","Agency Contractor","29/03/2021 - 04/04/2021","Ireland","29090292@sittest.com","Carr, Owen 29090292 29090292@sittest.com","","HPWO00091380","","",""
"COMPASS","29090292","99110978","Approved","29/03/2021","","IEEU500699","","","","","799","","0.00","","6082","","","","","","","","","","","","","","","IEEU","","0afe393f-42cf-438e-9f5b-0f362577557b","Agency Contractor","29/03/2021 - 04/04/2021","Ireland","29090292@sittest.com","Carr, Owen 29090292 29090292@sittest.com","","HPWO00091380","","",""
"COMPASS","29090292","99110978","Approved","01/04/2021","","IEEU500699","","","","","799","","0.00","","4027","","","","","","","","","","","","","","","IEEU","","f1b1be82-4b6b-4239-bbc3-54aa18cbe288","Agency Contractor","29/03/2021 - 04/04/2021","Ireland","29090292@sittest.com","Carr, Owen 29090292 29090292@sittest.com","","HPWO00091380","","",""
"COMPASS","29090292","99110978","Approved","13/04/2021","IE1-DMOC1.25.05","IEEU500699","","","IE1-DMOC1.25.05","","401","","0.00","Straight Time","6240","","","COMPASS WBS","","","","","","","","","C","","","IEEU","IE1-DMOC1.25.05","58917c97-fe64-478b-b649-4db4df1d2b18","Agency Contractor","12/04/2021 - 18/04/2021","Ireland","29090292@sittest.com","Carr, Owen 29090292 29090292@sittest.com","","HPWO00091380","","",""
"COMPASS","29090292","99110978","Approved","26/04/2021","IE1-1IW50.01.01.01.03","IEEU500699","NO BILL|Billable","","IE1-1IW50.01.01.01.03","","405","","1.00","Straight Time","7007","","","COMPASS WBS","","","","","","","","","C","X","R-010123289.0010","IEEU","IE1-1IW50.01.01.01.03","ee818df9-5349-4f51-908f-8e625002ea01","Agency Contractor","26/04/2021 - 02/05/2021","Ireland","29090292@sittest.com","Carr, Owen 29090292 29090292@sittest.com","","HPWO00091380","","",""
"COMPASS","29090292","99110978","Approved","26/04/2021","IE1-1IW50.01.01.01.03","IEEU500699","NO BILL|Billable","","IE1-1IW50.01.01.01.03","","412","","1.00","Overtime","7009","","","COMPASS WBS","","","","","","","","","C","X","R-010123289.0010","IEEU","IE1-1IW50.01.01.01.03","d89aa75b-e475-4574-9b7b-19b611c1f76b","Agency Contractor","26/04/2021 - 02/05/2021","Ireland","29090292@sittest.com","Carr, Owen 29090292 29090292@sittest.com","","HPWO00091380","","",""
"COMPASS","29090292","99110978","Approved","26/04/2021","IE1-1IW50.01.01.01.03","IEEU500699","NO BILL|Billable","","IE1-1IW50.01.01.01.03","","442","","1.00","Double Time","7008","","","COMPASS WBS","","","","","","","","","C","X","R-010123289.0010","IEEU","IE1-1IW50.01.01.01.03","868008a6-9f35-4ea8-b268-22b678869367","Agency Contractor","26/04/2021 - 02/05/2021","Ireland","29090292@sittest.com","Carr, Owen 29090292 29090292@sittest.com","","HPWO00091380","","",""
"COMPASS","29090292","99110978","Approved","26/04/2021","IE1-DMOC1.25.05","IEEU500699","","","IE1-DMOC1.25.05","","400","","1.00","Double Time","7005","","","COMPASS WBS","","","","","","","","","C","","","IEEU","IE1-DMOC1.25.05","d500c059-97ff-4849-b619-0aded5eafd49","Agency Contractor","26/04/2021 - 02/05/2021","Ireland","29090292@sittest.com","Carr, Owen 29090292 29090292@sittest.com","","HPWO00091380","","",""
"COMPASS","29090292","99110978","Approved","27/04/2021","IE1-1IW50.01.01.01.03","IEEU500699","NO BILL|Billable","","IE1-1IW50.01.01.01.03","","400","","2.00","Straight Time","7120","","","COMPASS WBS","","","","","","","","","C","X","R-010123289.0010","IEEU","IE1-1IW50.01.01.01.03","63cd8e53-cee9-4494-a227-cd53c29de68e","Agency Contractor","26/04/2021 - 02/05/2021","Ireland","29090292@sittest.com","Carr, Owen 29090292 29090292@sittest.com","","HPWO00091380","","",""
"COMPASS","29090292","99110978","Approved","27/04/2021","IE1-1IW50.01.01.01.03","IEEU500699","NO BILL|Billable","","IE1-1IW50.01.01.01.03","","400","","4.00","Double Time","7121","","","COMPASS WBS","","","","","","","","","C","X","R-010123289.0010","IEEU","IE1-1IW50.01.01.01.03","8e999f89-5b90-4dae-95c7-b3020349359e","Agency Contractor","26/04/2021 - 02/05/2021","Ireland","29090292@sittest.com","Carr, Owen 29090292 29090292@sittest.com","","HPWO00091380","","",""
"COMPASS","29090292","99110978","Approved","27/04/2021","IE1-RUAT4.25.05","IEEU500699","","","IE1-RUAT4.25.05","","400","","2.00","Straight Time","7677","","","COMPASS WBS","","","","","","","","","","X","","IEEU","IE1-RUAT4.25.05","1639cb91-d831-467c-adeb-10b8be6526b8","Agency Contractor","26/04/2021 - 02/05/2021","Ireland","29090292@sittest.com","Carr, Owen 29090292 29090292@sittest.com","","HPWO00091380","","",""
"COMPASS","29090292","99110978","Approved","03/05/2021","IE1-1IW50.01.01.01.03","IEEU500699","","","IE1-1IW50.01.01.01.03","","405","","1.00","Straight Time","7960","","","COMPASS WBS","","","","","","X","","","C","X","R-010123289.0010","IEEU","IE1-1IW50.01.01.01.03","0933dd7f-4aed-4a64-b5b1-840f60fd1d2c","Agency Contractor","03/05/2021 - 09/05/2021","Ireland","29090292@sittest.com","Carr, Owen 29090292 29090292@sittest.com","","HPWO00091380","","",""
"COMPASS","29090292","99110978","Approved","03/05/2021","IE1-IWOR5.01.01.01.03","IEEU500699","","","DUMMY TASK 2","","400","","4.00","Straight Time","7874","","","COMPASS WBS","GSAP Task","","","","","X","","","C","X","","IEEU","00 / DUMMY TASK 2","5cedced6-b2cc-4e9c-a748-0415f0caa64f","Agency Contractor","03/05/2021 - 09/05/2021","Ireland","29090292@sittest.com","Carr, Owen 29090292 29090292@sittest.com","","HPWO00091380","","","32,759,671.00"
"COMPASS","29090292","99110978","Approved","04/05/2021","IE1-IWOR5.01.01.01.03","IEEU500699","","","DUMMY TASK 2","","400","","6.00","Straight Time","7875","","","COMPASS WBS","GSAP Task","","","","","X","","","C","X","","IEEU","00 / DUMMY TASK 2","e10fb716-d0cb-4afb-8ad6-b61e33936d10","Agency Contractor","03/05/2021 - 09/05/2021","Ireland","29090292@sittest.com","Carr, Owen 29090292 29090292@sittest.com","","HPWO00091380","","","32,759,671.00"
"COMPASS","29090494","","Approved","19/04/2021","US1-DMOC1.25.05","USA7114826","","","US1-DMOC1.25.05","","400","","0.00","","6937","","","COMPASS WBS","","","","","","","","","C","","","IEEU","US1-DMOC1.25.05","b50da5e4-43b9-4246-96dc-e30e36aa4994","Agency Contractor","19/04/2021 - 25/04/2021","Ireland","29090494@sittest.com","Morgan, Edward 29090494 29090494@sittest.com","","HPWO00091375","","",""
"COMPASS","29090494","","Approved","19/04/2021","US1-DMOC1.25.05","USA7114826","","","US1-DMOC1.25.05","","400","","2.00","Straight Time","7294","","","COMPASS WBS","","","","","","","","","C","","","IEEU","US1-DMOC1.25.05","c2f038c3-b5d6-47de-8275-8c82b48f1eb7","Agency Contractor","19/04/2021 - 25/04/2021","Ireland","29090494@sittest.com","Morgan, Edward 29090494 29090494@sittest.com","","HPWO00091375","","",""
"COMPASS","29090494","","Approved","20/04/2021","IE1-RUAT5.25.05","USA7114826","","","IE1-RUAT5.25.05","","480","","0.00","Straight Time","7295","","","COMPASS WBS","","","","","","","","","C","X","","IEEU","IE1-RUAT5.25.05","11ba2d47-f2ea-423e-b18d-84171d333f60","Agency Contractor","19/04/2021 - 25/04/2021","Ireland","29090494@sittest.com","Morgan, Edward 29090494 29090494@sittest.com","","HPWO00091375","","",""
"COMPASS","29090494","","Approved","20/04/2021","IE1-RUAT5.25.05","USA7114826","","","IE1-RUAT5.25.05","","480","","0.00","","6940","","","COMPASS WBS","","","","","","","","","C","X","","IEEU","IE1-RUAT5.25.05","06a78429-2ead-48a7-85d0-6c4a40acab75","Agency Contractor","19/04/2021 - 25/04/2021","Ireland","29090494@sittest.com","Morgan, Edward 29090494 29090494@sittest.com","","HPWO00091375","","",""
"COMPASS","29090637","","Approved","26/04/2021","IE1-DMO01.03.05","","","","TEST FOR IE00","","400","","0.00","Straight Time","7328","","","COMPASS WBS","Attribute 1","","","","","","","","","X","","IEES","TEST FOR IE00","01f4eab7-bb06-48ef-9194-a8302a3a32f2","Agency Contractor","26/04/2021 - 02/05/2021","","29090637@sittest.com","IESTOTDT, SLII TEST 29090637 29090637@sittest.com","","HPWO00091431","","",""
"COMPASS","29090637","","Approved","26/04/2021","IE1-DMO01.03.05","","","","TEST FOR IE00","","400","","5.00","Straight Time","7934","","","COMPASS WBS","Attribute 1","","","","","","","","","X","","IEES","TEST FOR IE00","56ccfdad-67ec-42c3-b9b3-26991ec38da9","Agency Contractor","26/04/2021 - 02/05/2021","","29090637@sittest.com","IESTOTDT, SLII TEST 29090637 29090637@sittest.com","","HPWO00091431","","",""
"COMPASS","29090637","","Approved","26/04/2021","IE1-SCM01.02.10","","","","IE1-SCM01.02.10","","400","","0.00","Overtime","7334","","","COMPASS WBS","","","","","","","","","","X","","IEES","IE1-SCM01.02.10","259c5b4a-3274-4dea-90a0-f6ad75ec36d6","Agency Contractor","26/04/2021 - 02/05/2021","","29090637@sittest.com","IESTOTDT, SLII TEST 29090637 29090637@sittest.com","","HPWO00091431","","",""
"COMPASS","29090637","","Approved","26/04/2021","IE1-SCM01.02.10","","","","IE1-SCM01.02.10","","400","","0.00","Overtime","7338","","","COMPASS WBS","","","","","","","","","","X","","IEES","IE1-SCM01.02.10","b3f600e2-a0bd-46f9-b92e-12adfdf30468","Agency Contractor","26/04/2021 - 02/05/2021","","29090637@sittest.com","IESTOTDT, SLII TEST 29090637 29090637@sittest.com","","HPWO00091431","","",""
"COMPASS","29090637","","Approved","27/04/2021","IE1-DMO01.03.05","","","","TEST FOR IE00","","400","","0.00","Straight Time","7329","","","COMPASS WBS","Attribute 1","","","","","","","","","X","","IEES","TEST FOR IE00","85d23f0f-7f69-4205-84ad-c5a07a1cece2","Agency Contractor","26/04/2021 - 02/05/2021","Ireland","29090637@sittest.com","IESTOTDT, SLII TEST 29090637 29090637@sittest.com","","HPWO00091431","","",""
"COMPASS","29090637","","Approved","27/04/2021","IE1-DMO01.03.05","","","","TEST FOR IE00","","400","","5.00","Straight Time","7935","","","COMPASS WBS","Attribute 1","","","","","","","","","X","","IEES","TEST FOR IE00","af536e73-0c74-431d-9bd8-c982e26e0ecd","Agency Contractor","26/04/2021 - 02/05/2021","Ireland","29090637@sittest.com","IESTOTDT, SLII TEST 29090637 29090637@sittest.com","","HPWO00091431","","",""
"COMPASS","29090637","","Approved","27/04/2021","IE1-SCM01.02.10","","","","IE1-SCM01.02.10","","400","","0.00","Overtime","7333","","","COMPASS WBS","","","","","","","","","","X","","IEES","IE1-SCM01.02.10","cb5c8a11-57f7-479c-bcc7-0713daad36a9","Agency Contractor","26/04/2021 - 02/05/2021","Ireland","29090637@sittest.com","IESTOTDT, SLII TEST 29090637 29090637@sittest.com","","HPWO00091431","","",""
"COMPASS","29090637","","Approved","28/04/2021","IE1-DMO01.03.05","","","","TEST FOR IE00","","400","","0.00","Straight Time","7330","","","COMPASS WBS","Attribute 1","","","","","","","","","X","","IEES","TEST FOR IE00","ff75c58b-07c8-4395-a4c1-cf4013df179f","Agency Contractor","26/04/2021 - 02/05/2021","Ireland","29090637@sittest.com","IESTOTDT, SLII TEST 29090637 29090637@sittest.com","","HPWO00091431","","",""
"COMPASS","29090637","","Approved","28/04/2021","IE1-DMO01.03.05","","","","TEST FOR IE00","","400","","5.00","Straight Time","7936","","","COMPASS WBS","Attribute 1","","","","","","","","","X","","IEES","TEST FOR IE00","f7f8e28a-ebe9-4b8e-9b32-901c473d9d74","Agency Contractor","26/04/2021 - 02/05/2021","Ireland","29090637@sittest.com","IESTOTDT, SLII TEST 29090637 29090637@sittest.com","","HPWO00091431","","",""
"COMPASS","29090637","","Approved","28/04/2021","IE1-SCM01.02.10","","","","IE1-SCM01.02.10","","400","","0.00","Overtime","7335","","","COMPASS WBS","","","","","","","","","","X","","IEES","IE1-SCM01.02.10","f755a8f9-a005-4851-911f-f06083381d88","Agency Contractor","26/04/2021 - 02/05/2021","Ireland","29090637@sittest.com","IESTOTDT, SLII TEST 29090637 29090637@sittest.com","","HPWO00091431","","",""
"COMPASS","29090637","","Approved","29/04/2021","IE1-DMO01.03.05","","","","TEST FOR IE00","","400","","0.00","Straight Time","7331","","","COMPASS WBS","Attribute 1","","","","","","","","","X","","IEES","TEST FOR IE00","eb3eee82-505f-4829-b3e1-c0a99408fb01","Agency Contractor","26/04/2021 - 02/05/2021","Ireland","29090637@sittest.com","IESTOTDT, SLII TEST 29090637 29090637@sittest.com","","HPWO00091431","","",""
"COMPASS","29090637","","Approved","29/04/2021","IE1-DMO01.03.05","","","","TEST FOR IE00","","400","","5.00","Straight Time","7937","","","COMPASS WBS","Attribute 1","","","","","","","","","X","","IEES","TEST FOR IE00","4b28c1e5-839e-4c16-96f2-d6904d84d526","Agency Contractor","26/04/2021 - 02/05/2021","Ireland","29090637@sittest.com","IESTOTDT, SLII TEST 29090637 29090637@sittest.com","","HPWO00091431","","",""
"COMPASS","29090637","","Approved","29/04/2021","IE1-SCM01.02.10","","","","IE1-SCM01.02.10","","400","","0.00","Overtime","7336","","","COMPASS WBS","","","","","","","","","","X","","IEES","IE1-SCM01.02.10","3fa74269-119f-4e01-b904-af56fa974015","Agency Contractor","26/04/2021 - 02/05/2021","Ireland","29090637@sittest.com","IESTOTDT, SLII TEST 29090637 29090637@sittest.com","","HPWO00091431","","",""
"COMPASS","29090637","","Approved","30/04/2021","IE1-DMO01.03.05","","","","TEST FOR IE00","","400","","0.00","Straight Time","7332","","","COMPASS WBS","Attribute 1","","","","","","","","","X","","IEES","TEST FOR IE00","ff5f0815-f009-4d12-86a5-20bc723b1202","Agency Contractor","26/04/2021 - 02/05/2021","Ireland","29090637@sittest.com","IESTOTDT, SLII TEST 29090637 29090637@sittest.com","","HPWO00091431","","",""
"COMPASS","29090637","","Approved","30/04/2021","IE1-DMO01.03.05","","","","TEST FOR IE00","","400","","5.00","Straight Time","7938","","","COMPASS WBS","Attribute 1","","","","","","","","","X","","IEES","TEST FOR IE00","a437345f-dcc3-460e-8a2a-3294969ed856","Agency Contractor","26/04/2021 - 02/05/2021","Ireland","29090637@sittest.com","IESTOTDT, SLII TEST 29090637 29090637@sittest.com","","HPWO00091431","","",""
"COMPASS","29090637","","Approved","30/04/2021","IE1-SCM01.02.10","","","","IE1-SCM01.02.10","","400","","0.00","Overtime","7337","","","COMPASS WBS","","","","","","","","","","X","","IEES","IE1-SCM01.02.10","9d5d5e85-a0bc-461f-a178-0dea534b69fe","Agency Contractor","26/04/2021 - 02/05/2021","Ireland","29090637@sittest.com","IESTOTDT, SLII TEST 29090637 29090637@sittest.com","","HPWO00091431","","",""
"COMPASS","29090637","","Approved","03/05/2021","IE1-DMO01.03.05","","","","TEST FOR IE00","","400","","1.00","Double Time","7931","","","COMPASS WBS","Attribute 1","","","","","","","","","X","","IEES","TEST FOR IE00","c094a55f-bb19-4efd-9198-e5d4b5a0d96e","Agency Contractor","03/05/2021 - 09/05/2021","Ireland","29090637@sittest.com","IESTOTDT, SLII TEST 29090637 29090637@sittest.com","","HPWO00091431","","",""
"COMPASS","29090637","","Approved","03/05/2021","IE1-DMO01.03.05","","","","TEST FOR IE00","","400","","2.00","Straight Time","7926","","","COMPASS WBS","Attribute 1","","","","","","","","","X","","IEES","TEST FOR IE00","3e31a9e1-bfff-4a83-b76b-000474937a59","Agency Contractor","03/05/2021 - 09/05/2021","Ireland","29090637@sittest.com","IESTOTDT, SLII TEST 29090637 29090637@sittest.com","","HPWO00091431","","",""
"COMPASS","29090637","","Approved","04/05/2021","IE1-DMO01.03.05","","","","TEST FOR IE00","","400","","1.00","Double Time","7933","","","COMPASS WBS","Attribute 1","","","","","","","","","X","","IEES","TEST FOR IE00","34a172cc-be7d-4d6b-829b-d8d77ce1843f","Agency Contractor","03/05/2021 - 09/05/2021","Ireland","29090637@sittest.com","IESTOTDT, SLII TEST 29090637 29090637@sittest.com","","HPWO00091431","","",""
"COMPASS","29090637","","Approved","04/05/2021","IE1-DMO01.03.05","","","","TEST FOR IE00","","400","","2.00","Straight Time","7927","","","COMPASS WBS","Attribute 1","","","","","","","","","X","","IEES","TEST FOR IE00","2db71696-5b52-4f85-97d1-9287b5df9640","Agency Contractor","03/05/2021 - 09/05/2021","Ireland","29090637@sittest.com","IESTOTDT, SLII TEST 29090637 29090637@sittest.com","","HPWO00091431","","",""
"COMPASS","29090637","","Approved","05/05/2021","IE1-DMO01.03.05","","","","TEST FOR IE00","","400","","1.00","Double Time","7932","","","COMPASS WBS","Attribute 1","","","","","","","","","X","","IEES","TEST FOR IE00","e76618f8-daa1-4ef8-9e61-ac2734448fd9","Agency Contractor","03/05/2021 - 09/05/2021","Ireland","29090637@sittest.com","IESTOTDT, SLII TEST 29090637 29090637@sittest.com","","HPWO00091431","","",""
"COMPASS","29090637","","Approved","05/05/2021","IE1-DMO01.03.05","","","","TEST FOR IE00","","400","","3.00","Straight Time","7928","","","COMPASS WBS","Attribute 1","","","","","","","","","X","","IEES","TEST FOR IE00","9c50497c-997a-4472-bc5f-0fa1b359d132","Agency Contractor","03/05/2021 - 09/05/2021","Ireland","29090637@sittest.com","IESTOTDT, SLII TEST 29090637 29090637@sittest.com","","HPWO00091431","","",""
"COMPASS","29090637","","Approved","06/05/2021","IE1-DMO01.03.05","","","","TEST FOR IE00","","400","","1.00","Straight Time","7930","","","COMPASS WBS","Attribute 1","","","","","","","","","X","","IEES","TEST FOR IE00","5ad96f75-3440-416f-96fa-c7a63d5966ab","Agency Contractor","03/05/2021 - 09/05/2021","Ireland","29090637@sittest.com","IESTOTDT, SLII TEST 29090637 29090637@sittest.com","","HPWO00091431","","",""
"COMPASS","29090637","","Approved","07/05/2021","IE1-DMO01.03.05","","","","TEST FOR IE00","","400","","1.00","Straight Time","7929","","","COMPASS WBS","Attribute 1","","","","","","","","","X","","IEES","TEST FOR IE00","82931fa6-e21c-4c07-945c-ddb754b15bfc","Agency Contractor","03/05/2021 - 09/05/2021","Ireland","29090637@sittest.com","IESTOTDT, SLII TEST 29090637 29090637@sittest.com","","HPWO00091431","","",""
"COMPASS","29090642","","Approved","26/04/2021","IE1-SCM01.02.10","","","","IE1-SCM01.02.10","","400","","2.00","Straight Time","7549","","","COMPASS WBS","","","","","","","","","","X","","IEES","IE1-SCM01.02.10","35b67317-205a-46eb-8e13-c867956190af","Agency Contractor","26/04/2021 - 02/05/2021","","29090642@sittest.com","IEWOTimeREduction, SLII TEST 29090642 29090642@sittest.com","","HPWO00091436","","",""
"COMPASS","29090642","","Approved","27/04/2021","IE1-SCM01.02.10","","","","IE1-SCM01.02.10","","400","","2.00","Straight Time","7550","","","COMPASS WBS","","","","","","","","","","X","","IEES","IE1-SCM01.02.10","960b6e86-7716-41f1-8afc-a6b1417e62a9","Agency Contractor","26/04/2021 - 02/05/2021","Ireland","29090642@sittest.com","IEWOTimeREduction, SLII TEST 29090642 29090642@sittest.com","","HPWO00091436","","",""
"COMPASS","29090642","","Approved","28/04/2021","IE1-SCM01.02.10","","","","IE1-SCM01.02.10","","400","","2.00","Straight Time","7551","","","COMPASS WBS","","","","","","","","","","X","","IEES","IE1-SCM01.02.10","3cbfa2d6-9dcf-40eb-b890-452e872a98fb","Agency Contractor","26/04/2021 - 02/05/2021","Ireland","29090642@sittest.com","IEWOTimeREduction, SLII TEST 29090642 29090642@sittest.com","","HPWO00091436","","",""
"COMPASS","29090642","","Approved","29/04/2021","IE1-SCM01.02.10","","","","IE1-SCM01.02.10","","400","","2.00","Straight Time","7552","","","COMPASS WBS","","","","","","","","","","X","","IEES","IE1-SCM01.02.10","597205fd-f8c6-47cb-8e5b-c16b5195dea8","Agency Contractor","26/04/2021 - 02/05/2021","Ireland","29090642@sittest.com","IEWOTimeREduction, SLII TEST 29090642 29090642@sittest.com","","HPWO00091436","","",""
"COMPASS","29091109","","Approved","12/04/2021","IE1-DMOC1.25.05","IEEU501028","","","IE1-DMOC1.25.05","","400","","8.00","Straight Time","59138","","","COMPASS WBS","","","","","","","","","C","","","IEEU","IE1-DMOC1.25.05","83606cd8-8713-435e-af4b-e830b4f14eb9","Agency Contractor","12/04/2021 - 18/04/2021","Ireland","29091109@sittest.com","Dameron, Poe 29091109 29091109@sittest.com","","HPWO00091452","","",""
"COMPASS","29091109","","Approved","26/04/2021","IE1-DMOC1.25.05","IEEU501028","","","IE1-DMOC1.25.05","","400","","8.00","Straight Time","59503","","","COMPASS WBS","","","","","","","","","C","","","IEEU","IE1-DMOC1.25.05","e26073dd-ca46-478c-aed7-dd1652175d68","Agency Contractor","26/04/2021 - 02/05/2021","Ireland","29091109@sittest.com","Dameron, Poe 29091109 29091109@sittest.com","","HPWO00091452","","",""
"COMPASS","29091109","","Approved","27/04/2021","IE1-DMOC1.25.05","IEEU501028","","","IE1-DMOC1.25.05","","400","","8.00","Straight Time","59504","","","COMPASS WBS","","","","","","","","","C","","","IEEU","IE1-DMOC1.25.05","4de22b21-f456-4113-a5bc-00414aa0a85f","Agency Contractor","26/04/2021 - 02/05/2021","Ireland","29091109@sittest.com","Dameron, Poe 29091109 29091109@sittest.com","","HPWO00091452","","",""
"COMPASS","29091109","","Approved","28/04/2021","IE1-DMOC1.25.05","IEEU501028","","","IE1-DMOC1.25.05","","400","","8.00","Straight Time","59505","","","COMPASS WBS","","","","","","","","","C","","","IEEU","IE1-DMOC1.25.05","10f61a49-8928-4b3a-8f1d-a9a2f724025f","Agency Contractor","26/04/2021 - 02/05/2021","Ireland","29091109@sittest.com","Dameron, Poe 29091109 29091109@sittest.com","","HPWO00091452","","",""
"COMPASS","29091109","","Approved","29/04/2021","IE1-DMOC1.25.05","IEEU501028","","","IE1-DMOC1.25.05","","400","","8.00","Straight Time","59506","","","COMPASS WBS","","","","","","","","","C","","","IEEU","IE1-DMOC1.25.05","8005f910-b2d6-44c3-b29e-eadd456521a6","Agency Contractor","26/04/2021 - 02/05/2021","Ireland","29091109@sittest.com","Dameron, Poe 29091109 29091109@sittest.com","","HPWO00091452","","",""
"COMPASS","29091109","","Approved","30/04/2021","IE1-DMOC1.25.05","IEEU501028","","","IE1-DMOC1.25.05","","400","","8.00","Straight Time","59507","","","COMPASS WBS","","","","","","","","","C","","","IEEU","IE1-DMOC1.25.05","43d97834-768a-494f-83a2-2161af646f67","Agency Contractor","26/04/2021 - 02/05/2021","Ireland","29091109@sittest.com","Dameron, Poe 29091109 29091109@sittest.com","","HPWO00091452","","",""
"COMPASS","29091109","","Approved","03/05/2021","","IEEU501028","","","","","799","","8.00","","59137","","","","","","","","","","","","","","","IEEU","","38c79746-930d-460b-85bb-65fb8dc4afd3","Agency Contractor","03/05/2021 - 09/05/2021","Ireland","29091109@sittest.com","Dameron, Poe 29091109 29091109@sittest.com","","HPWO00091452","","",""
"COMPASS","29091109","","Approved","10/05/2021","IE1-DMOC1.25.05","IEEU501028","","","IE1-DMOC1.25.05","","400","","2.00","Overtime","59079","","","COMPASS WBS","","","","","","","","","C","","","IEEU","IE1-DMOC1.25.05","38659e82-8f61-4efb-a221-23cfab062010","Agency Contractor","10/05/2021 - 16/05/2021","Ireland","29091109@sittest.com","Dameron, Poe 29091109 29091109@sittest.com","","HPWO00091452","","",""
"COMPASS","29091109","","Approved","10/05/2021","IE1-DMOC1.25.05","IEEU501028","","","IE1-DMOC1.25.05","","400","","8.00","Straight Time","59073","","","COMPASS WBS","","","","","","","","","C","","","IEEU","IE1-DMOC1.25.05","f4ab7ea4-de98-4c9b-aeb5-d3564855506c","Agency Contractor","10/05/2021 - 16/05/2021","Ireland","29091109@sittest.com","Dameron, Poe 29091109 29091109@sittest.com","","HPWO00091452","","",""
"COMPASS","29091109","","Approved","11/05/2021","IE1-DMOC1.25.05","IEEU501028","","","IE1-DMOC1.25.05","","400","","2.00","Overtime","59080","","","COMPASS WBS","","","","","","","","","C","","","IEEU","IE1-DMOC1.25.05","d1e263f8-771c-4914-801a-7e74e2d36fc5","Agency Contractor","10/05/2021 - 16/05/2021","Ireland","29091109@sittest.com","Dameron, Poe 29091109 29091109@sittest.com","","HPWO00091452","","",""
"COMPASS","29091109","","Approved","11/05/2021","IE1-DMOC1.25.05","IEEU501028","","","IE1-DMOC1.25.05","","400","","8.00","Straight Time","59074","","","COMPASS WBS","","","","","","","","","C","","","IEEU","IE1-DMOC1.25.05","2391abb0-cd9f-4aac-b0d2-be3631cca97d","Agency Contractor","10/05/2021 - 16/05/2021","Ireland","29091109@sittest.com","Dameron, Poe 29091109 29091109@sittest.com","","HPWO00091452","","",""
"COMPASS","29091109","","Approved","12/05/2021","IE1-DMOC1.25.05","IEEU501028","","","IE1-DMOC1.25.05","","400","","2.00","Overtime","59081","","","COMPASS WBS","","","","","","","","","C","","","IEEU","IE1-DMOC1.25.05","8d708f1c-4b55-42d1-a4df-822ea320220e","Agency Contractor","10/05/2021 - 16/05/2021","Ireland","29091109@sittest.com","Dameron, Poe 29091109 29091109@sittest.com","","HPWO00091452","","",""
"COMPASS","29091109","","Approved","12/05/2021","IE1-DMOC1.25.05","IEEU501028","","","IE1-DMOC1.25.05","","400","","8.00","Straight Time","59075","","","COMPASS WBS","","","","","","","","","C","","","IEEU","IE1-DMOC1.25.05","a67692f9-510b-4222-b5d7-4e8c63e152b1","Agency Contractor","10/05/2021 - 16/05/2021","Ireland","29091109@sittest.com","Dameron, Poe 29091109 29091109@sittest.com","","HPWO00091452","","",""
"COMPASS","29091109","","Approved","13/05/2021","IE1-DMOC1.25.05","IEEU501028","","","IE1-DMOC1.25.05","","400","","2.00","Overtime","59082","","","COMPASS WBS","","","","","","","","","C","","","IEEU","IE1-DMOC1.25.05","abbd3854-0cf1-4082-b1ed-637e09645ad0","Agency Contractor","10/05/2021 - 16/05/2021","Ireland","29091109@sittest.com","Dameron, Poe 29091109 29091109@sittest.com","","HPWO00091452","","",""
"COMPASS","29091109","","Approved","13/05/2021","IE1-DMOC1.25.05","IEEU501028","","","IE1-DMOC1.25.05","","400","","8.00","Straight Time","59076","","","COMPASS WBS","","","","","","","","","C","","","IEEU","IE1-DMOC1.25.05","4243628c-6f14-413b-9df2-18b2a5583b5d","Agency Contractor","10/05/2021 - 16/05/2021","Ireland","29091109@sittest.com","Dameron, Poe 29091109 29091109@sittest.com","","HPWO00091452","","",""
"COMPASS","29091109","","Approved","14/05/2021","IE1-DMOC1.25.05","IEEU501028","","","IE1-DMOC1.25.05","","400","","2.00","Overtime","59083","","","COMPASS WBS","","","","","","","","","C","","","IEEU","IE1-DMOC1.25.05","15987cfe-7b4c-48a8-9259-b60f9327de8f","Agency Contractor","10/05/2021 - 16/05/2021","Ireland","29091109@sittest.com","Dameron, Poe 29091109 29091109@sittest.com","","HPWO00091452","","",""
"COMPASS","29091109","","Approved","14/05/2021","IE1-DMOC1.25.05","IEEU501028","","","IE1-DMOC1.25.05","","400","","8.00","Straight Time","59077","","","COMPASS WBS","","","","","","","","","C","","","IEEU","IE1-DMOC1.25.05","7bef6bcf-e25f-43b6-ab37-bbecfba5580f","Agency Contractor","10/05/2021 - 16/05/2021","Ireland","29091109@sittest.com","Dameron, Poe 29091109 29091109@sittest.com","","HPWO00091452","","",""
"COMPASS","29091117","","Approved","10/05/2021","IE1-DMOC1.25.05","IEEU501028","","","IE1-DMOC1.25.05","","400","","2.00","Overtime","59178","","","COMPASS WBS","","","","","","","","","C","","","IEEU","IE1-DMOC1.25.05","aeb05b24-c7a6-4fb8-931b-fb1dd521daa2","Agency Contractor","10/05/2021 - 16/05/2021","Ireland","29091117@sittest.com","Diggory, Cedric 29091117 29091117@sittest.com","","HPWO00091460","","",""
"COMPASS","29091117","","Approved","10/05/2021","IE1-DMOC1.25.05","IEEU501028","","","IE1-DMOC1.25.05","","400","","8.00","Straight Time","59173","","","COMPASS WBS","","","","","","","","","C","","","IEEU","IE1-DMOC1.25.05","4aedbeab-4ab3-4849-b16e-98625a38b27d","Agency Contractor","10/05/2021 - 16/05/2021","Ireland","29091117@sittest.com","Diggory, Cedric 29091117 29091117@sittest.com","","HPWO00091460","","",""
"COMPASS","29091117","","Approved","11/05/2021","IE1-DMOC1.25.05","IEEU501028","","","IE1-DMOC1.25.05","","400","","2.00","Overtime","59179","","","COMPASS WBS","","","","","","","","","C","","","IEEU","IE1-DMOC1.25.05","3698d2bb-810e-43c7-934a-13647881ade8","Agency Contractor","10/05/2021 - 16/05/2021","Ireland","29091117@sittest.com","Diggory, Cedric 29091117 29091117@sittest.com","","HPWO00091460","","",""
"COMPASS","29091117","","Approved","11/05/2021","IE1-DMOC1.25.05","IEEU501028","","","IE1-DMOC1.25.05","","400","","8.00","Straight Time","59174","","","COMPASS WBS","","","","","","","","","C","","","IEEU","IE1-DMOC1.25.05","271ab754-595a-4a67-ae81-c814e83b0068","Agency Contractor","10/05/2021 - 16/05/2021","Ireland","29091117@sittest.com","Diggory, Cedric 29091117 29091117@sittest.com","","HPWO00091460","","",""
"COMPASS","29091117","","Approved","12/05/2021","IE1-DMOC1.25.05","IEEU501028","","","IE1-DMOC1.25.05","","400","","2.00","Overtime","59180","","","COMPASS WBS","","","","","","","","","C","","","IEEU","IE1-DMOC1.25.05","752cc924-abca-4297-88e7-a4a75349162a","Agency Contractor","10/05/2021 - 16/05/2021","Ireland","29091117@sittest.com","Diggory, Cedric 29091117 29091117@sittest.com","","HPWO00091460","","",""
"COMPASS","29091117","","Approved","12/05/2021","IE1-DMOC1.25.05","IEEU501028","","","IE1-DMOC1.25.05","","400","","8.00","Straight Time","59175","","","COMPASS WBS","","","","","","","","","C","","","IEEU","IE1-DMOC1.25.05","7dda0130-b5d2-4f51-bad2-620430657e00","Agency Contractor","10/05/2021 - 16/05/2021","Ireland","29091117@sittest.com","Diggory, Cedric 29091117 29091117@sittest.com","","HPWO00091460","","",""
"COMPASS","29091117","","Approved","13/05/2021","IE1-DMOC1.25.05","IEEU501028","","","IE1-DMOC1.25.05","","400","","2.00","Overtime","59181","","","COMPASS WBS","","","","","","","","","C","","","IEEU","IE1-DMOC1.25.05","dbd5c5f4-29d2-4634-9ca8-5a595b4ffe11","Agency Contractor","10/05/2021 - 16/05/2021","Ireland","29091117@sittest.com","Diggory, Cedric 29091117 29091117@sittest.com","","HPWO00091460","","",""
"COMPASS","29091117","","Approved","13/05/2021","IE1-DMOC1.25.05","IEEU501028","","","IE1-DMOC1.25.05","","400","","8.00","Straight Time","59176","","","COMPASS WBS","","","","","","","","","C","","","IEEU","IE1-DMOC1.25.05","5348b034-1714-4d20-b17f-f8dc668f5f82","Agency Contractor","10/05/2021 - 16/05/2021","Ireland","29091117@sittest.com","Diggory, Cedric 29091117 29091117@sittest.com","","HPWO00091460","","",""
"COMPASS","29091117","","Approved","14/05/2021","IE1-DMOC1.25.05","IEEU501028","","","IE1-DMOC1.25.05","","400","","2.00","Overtime","59182","","","COMPASS WBS","","","","","","","","","C","","","IEEU","IE1-DMOC1.25.05","6d199a91-9906-4c7f-b41b-998394fee7e1","Agency Contractor","10/05/2021 - 16/05/2021","Ireland","29091117@sittest.com","Diggory, Cedric 29091117 29091117@sittest.com","","HPWO00091460","","",""
"COMPASS","29091117","","Approved","14/05/2021","IE1-DMOC1.25.05","IEEU501028","","","IE1-DMOC1.25.05","","400","","8.00","Straight Time","59177","","","COMPASS WBS","","","","","","","","","C","","","IEEU","IE1-DMOC1.25.05","d2a224ce-664d-4fd2-b9a8-0321543e0d64","Agency Contractor","10/05/2021 - 16/05/2021","Ireland","29091117@sittest.com","Diggory, Cedric 29091117 29091117@sittest.com","","HPWO00091460","","",""
"COMPASS","29091118","","Approved","10/05/2021","IE1-DMOC1.25.05","IEEU501028","","","IE1-DMOC1.25.05","","400","","2.00","Overtime","59188","","","COMPASS WBS","","","","","","","","","C","","","IEEU","IE1-DMOC1.25.05","342bfd67-5aa8-407e-a86d-45a0ab251fce","Agency Contractor","10/05/2021 - 16/05/2021","Ireland","29091118@sittest.com","Dumbledore, Alberforth 29091118 29091118@sittest.com","","HPWO00091461","","",""
"COMPASS","29091118","","Approved","10/05/2021","IE1-DMOC1.25.05","IEEU501028","","","IE1-DMOC1.25.05","","400","","8.00","Straight Time","59183","","","COMPASS WBS","","","","","","","","","C","","","IEEU","IE1-DMOC1.25.05","a759d43a-419c-49a0-a971-6ea79285eb80","Agency Contractor","10/05/2021 - 16/05/2021","Ireland","29091118@sittest.com","Dumbledore, Alberforth 29091118 29091118@sittest.com","","HPWO00091461","","",""
"COMPASS","29091118","","Approved","11/05/2021","IE1-DMOC1.25.05","IEEU501028","","","IE1-DMOC1.25.05","","400","","2.00","Overtime","59189","","","COMPASS WBS","","","","","","","","","C","","","IEEU","IE1-DMOC1.25.05","fad1e437-fd57-4276-bc90-bd08a2b01add","Agency Contractor","10/05/2021 - 16/05/2021","Ireland","29091118@sittest.com","Dumbledore, Alberforth 29091118 29091118@sittest.com","","HPWO00091461","","",""
"COMPASS","29091118","","Approved","11/05/2021","IE1-DMOC1.25.05","IEEU501028","","","IE1-DMOC1.25.05","","400","","8.00","Straight Time","59184","","","COMPASS WBS","","","","","","","","","C","","","IEEU","IE1-DMOC1.25.05","2a2f280c-ee30-4d76-964d-ccf6e6861a88","Agency Contractor","10/05/2021 - 16/05/2021","Ireland","29091118@sittest.com","Dumbledore, Alberforth 29091118 29091118@sittest.com","","HPWO00091461","","",""
"COMPASS","29091118","","Approved","12/05/2021","IE1-DMOC1.25.05","IEEU501028","","","IE1-DMOC1.25.05","","400","","2.00","Overtime","59190","","","COMPASS WBS","","","","","","","","","C","","","IEEU","IE1-DMOC1.25.05","1f32cbdc-9545-410c-aae5-26d0b043392d","Agency Contractor","10/05/2021 - 16/05/2021","Ireland","29091118@sittest.com","Dumbledore, Alberforth 29091118 29091118@sittest.com","","HPWO00091461","","",""
"COMPASS","29091118","","Approved","12/05/2021","IE1-DMOC1.25.05","IEEU501028","","","IE1-DMOC1.25.05","","400","","8.00","Straight Time","59185","","","COMPASS WBS","","","","","","","","","C","","","IEEU","IE1-DMOC1.25.05","f2d1d0b8-1b63-42bc-8f0e-46d1dec2750f","Agency Contractor","10/05/2021 - 16/05/2021","Ireland","29091118@sittest.com","Dumbledore, Alberforth 29091118 29091118@sittest.com","","HPWO00091461","","",""
"COMPASS","29091118","","Approved","13/05/2021","IE1-DMOC1.25.05","IEEU501028","","","IE1-DMOC1.25.05","","400","","2.00","Overtime","59191","","","COMPASS WBS","","","","","","","","","C","","","IEEU","IE1-DMOC1.25.05","0f695852-5748-40ba-a7a5-625caa0529fc","Agency Contractor","10/05/2021 - 16/05/2021","Ireland","29091118@sittest.com","Dumbledore, Alberforth 29091118 29091118@sittest.com","","HPWO00091461","","",""
"COMPASS","29091118","","Approved","13/05/2021","IE1-DMOC1.25.05","IEEU501028","","","IE1-DMOC1.25.05","","400","","8.00","Straight Time","59186","","","COMPASS WBS","","","","","","","","","C","","","IEEU","IE1-DMOC1.25.05","ed39edc5-5363-4d7d-bdce-4a93aa9201a6","Agency Contractor","10/05/2021 - 16/05/2021","Ireland","29091118@sittest.com","Dumbledore, Alberforth 29091118 29091118@sittest.com","","HPWO00091461","","",""
"COMPASS","29091118","","Approved","14/05/2021","IE1-DMOC1.25.05","IEEU501028","","","IE1-DMOC1.25.05","","400","","2.00","Overtime","59192","","","COMPASS WBS","","","","","","","","","C","","","IEEU","IE1-DMOC1.25.05","79aefdb0-6698-4f0c-9b65-b6849b0ff101","Agency Contractor","10/05/2021 - 16/05/2021","Ireland","29091118@sittest.com","Dumbledore, Alberforth 29091118 29091118@sittest.com","","HPWO00091461","","",""
"COMPASS","29091118","","Approved","14/05/2021","IE1-DMOC1.25.05","IEEU501028","","","IE1-DMOC1.25.05","","400","","8.00","Straight Time","59187","","","COMPASS WBS","","","","","","","","","C","","","IEEU","IE1-DMOC1.25.05","074f86d5-9ebc-447c-bcda-ff0802c0655c","Agency Contractor","10/05/2021 - 16/05/2021","Ireland","29091118@sittest.com","Dumbledore, Alberforth 29091118 29091118@sittest.com","","HPWO00091461","","",""
"COMPASS","29091119","","Approved","10/05/2021","IE1-DMOC1.25.05","IEEU501028","","","IE1-DMOC1.25.05","","401","","2.00","Double Time","59198","","","COMPASS WBS","","","","","","","","","C","","","IEEU","IE1-DMOC1.25.05","5d5ad9d1-3525-4f97-9fb3-e64cf85dce1b","Agency Contractor","10/05/2021 - 16/05/2021","Ireland","29091119@sittest.com","Dumbledore, Albus 29091119 29091119@sittest.com","","HPWO00091462","","",""
"COMPASS","29091119","","Approved","10/05/2021","IE1-DMOC1.25.05","IEEU501028","","","IE1-DMOC1.25.05","","401","","8.00","Straight Time","59193","","","COMPASS WBS","","","","","","","","","C","","","IEEU","IE1-DMOC1.25.05","0397e798-e42f-4bf7-a396-c5cbdf784a16","Agency Contractor","10/05/2021 - 16/05/2021","Ireland","29091119@sittest.com","Dumbledore, Albus 29091119 29091119@sittest.com","","HPWO00091462","","",""
"COMPASS","29091119","","Approved","11/05/2021","IE1-DMOC1.25.05","IEEU501028","","","IE1-DMOC1.25.05","","401","","2.00","Double Time","59199","","","COMPASS WBS","","","","","","","","","C","","","IEEU","IE1-DMOC1.25.05","05030e06-b9c6-4a4f-8532-495b2b746236","Agency Contractor","10/05/2021 - 16/05/2021","Ireland","29091119@sittest.com","Dumbledore, Albus 29091119 29091119@sittest.com","","HPWO00091462","","",""
"COMPASS","29091119","","Approved","11/05/2021","IE1-DMOC1.25.05","IEEU501028","","","IE1-DMOC1.25.05","","401","","8.00","Straight Time","59194","","","COMPASS WBS","","","","","","","","","C","","","IEEU","IE1-DMOC1.25.05","05474720-189c-4d97-a77b-bfa8b861fdaf","Agency Contractor","10/05/2021 - 16/05/2021","Ireland","29091119@sittest.com","Dumbledore, Albus 29091119 29091119@sittest.com","","HPWO00091462","","",""
"COMPASS","29091119","","Approved","12/05/2021","IE1-DMOC1.25.05","IEEU501028","","","IE1-DMOC1.25.05","","401","","2.00","Double Time","59200","","","COMPASS WBS","","","","","","","","","C","","","IEEU","IE1-DMOC1.25.05","23ab8f36-deb2-43d2-a014-4349d5a22cb2","Agency Contractor","10/05/2021 - 16/05/2021","Ireland","29091119@sittest.com","Dumbledore, Albus 29091119 29091119@sittest.com","","HPWO00091462","","",""
"COMPASS","29091119","","Approved","12/05/2021","IE1-DMOC1.25.05","IEEU501028","","","IE1-DMOC1.25.05","","401","","8.00","Straight Time","59195","","","COMPASS WBS","","","","","","","","","C","","","IEEU","IE1-DMOC1.25.05","9adf44b5-b43f-4e43-91cd-e078ee0cebd4","Agency Contractor","10/05/2021 - 16/05/2021","Ireland","29091119@sittest.com","Dumbledore, Albus 29091119 29091119@sittest.com","","HPWO00091462","","",""
"COMPASS","29091119","","Approved","13/05/2021","IE1-DMOC1.25.05","IEEU501028","","","IE1-DMOC1.25.05","","401","","2.00","Double Time","59201","","","COMPASS WBS","","","","","","","","","C","","","IEEU","IE1-DMOC1.25.05","ba7291ee-7a3e-41fe-ac5e-35f0e632b6b5","Agency Contractor","10/05/2021 - 16/05/2021","Ireland","29091119@sittest.com","Dumbledore, Albus 29091119 29091119@sittest.com","","HPWO00091462","","",""
"COMPASS","29091119","","Approved","13/05/2021","IE1-DMOC1.25.05","IEEU501028","","","IE1-DMOC1.25.05","","401","","8.00","Straight Time","59196","","","COMPASS WBS","","","","","","","","","C","","","IEEU","IE1-DMOC1.25.05","bf602156-8ef6-40b7-bd14-dd7654c164fd","Agency Contractor","10/05/2021 - 16/05/2021","Ireland","29091119@sittest.com","Dumbledore, Albus 29091119 29091119@sittest.com","","HPWO00091462","","",""
"COMPASS","29091119","","Approved","14/05/2021","IE1-DMOC1.25.05","IEEU501028","","","IE1-DMOC1.25.05","","401","","2.00","Double Time","59202","","","COMPASS WBS","","","","","","","","","C","","","IEEU","IE1-DMOC1.25.05","660ebbbe-eeb4-4ca8-bb4f-5e6d11dff057","Agency Contractor","10/05/2021 - 16/05/2021","Ireland","29091119@sittest.com","Dumbledore, Albus 29091119 29091119@sittest.com","","HPWO00091462","","",""
"COMPASS","29091119","","Approved","14/05/2021","IE1-DMOC1.25.05","IEEU501028","","","IE1-DMOC1.25.05","","401","","8.00","Straight Time","59197","","","COMPASS WBS","","","","","","","","","C","","","IEEU","IE1-DMOC1.25.05","77091756-96e4-4b17-bfa9-716e784e61e5","Agency Contractor","10/05/2021 - 16/05/2021","Ireland","29091119@sittest.com","Dumbledore, Albus 29091119 29091119@sittest.com","","HPWO00091462","","",""
"COMPASS","29091119","","Approved","15/05/2021","IE1-DMOC1.25.05","IEEU501028","","","IE1-DMOC1.25.05","","401","","2.00","Double Time","59203","","","COMPASS WBS","","","","","","","","","C","","","IEEU","IE1-DMOC1.25.05","89803fa7-ba58-4c57-9c6a-95449571f3f6","Agency Contractor","10/05/2021 - 16/05/2021","Ireland","29091119@sittest.com","Dumbledore, Albus 29091119 29091119@sittest.com","","HPWO00091462","","",""
"COMPASS","29091121","","Approved","13/05/2021","IE1-DMOC1.25.05","IEEU501028","","","IE1-DMOC1.25.05","","400","","8.00","","59221","","","COMPASS WBS","","","","","","","","","C","","","IEEU","IE1-DMOC1.25.05","56a4d1a5-f803-4dd0-b618-f5e338f9f76c","Agency Contractor","10/05/2021 - 16/05/2021","Ireland","29091121@sittest.com","Dursley, Petunia 29091121 29091121@sittest.com","","HPWO00091497","","",""
"COMPASS","29091121","","Approved","13/05/2021","","IEEU501028","","","","","799","","1.00","","59229","","","","","","","","","","","","","","","IEEU","","84b1f4c4-0fe8-4f2e-b4cc-548e7bc99232","Agency Contractor","10/05/2021 - 16/05/2021","Ireland","29091121@sittest.com","Dursley, Petunia 29091121 29091121@sittest.com","","HPWO00091497","","",""
"COMPASS","29091121","","Approved","14/05/2021","IE1-DMOC1.25.05","IEEU501028","","","IE1-DMOC1.25.05","","400","","8.00","","59222","","","COMPASS WBS","","","","","","","","","C","","","IEEU","IE1-DMOC1.25.05","98a4f70c-8c9e-43a6-b1b7-a84d48c77f82","Agency Contractor","10/05/2021 - 16/05/2021","Ireland","29091121@sittest.com","Dursley, Petunia 29091121 29091121@sittest.com","","HPWO00091497","","",""
"COMPASS","29091121","","Approved","14/05/2021","","IEEU501028","","","","","799","","1.00","","59230","","","","","","","","","","","","","","","IEEU","","f03b221b-26fe-412e-b408-c3f719276efb","Agency Contractor","10/05/2021 - 16/05/2021","Ireland","29091121@sittest.com","Dursley, Petunia 29091121 29091121@sittest.com","","HPWO00091497","","",""
"COMPASS","29091121","","Approved","15/05/2021","IE1-DMOC1.25.05","IEEU501028","","","IE1-DMOC1.25.05","","400","","0.00","","59223","","","COMPASS WBS","","","","","","","","","C","","","IEEU","IE1-DMOC1.25.05","54a8445a-9138-4eda-a775-3627eac86283","Agency Contractor","10/05/2021 - 16/05/2021","Ireland","29091121@sittest.com","Dursley, Petunia 29091121 29091121@sittest.com","","HPWO00091497","","",""
"COMPASS","29091121","","Approved","16/05/2021","IE1-DMOC1.25.05","IEEU501028","","","IE1-DMOC1.25.05","","400","","0.00","","59225","","","COMPASS WBS","","","","","","","","","C","","","IEEU","IE1-DMOC1.25.05","a8665ea1-9618-4dd6-a3e2-dece881a3fba","Agency Contractor","10/05/2021 - 16/05/2021","Ireland","29091121@sittest.com","Dursley, Petunia 29091121 29091121@sittest.com","","HPWO00091497","","",""
"COMPASS","29091121","","Approved","16/05/2021","","IEEU501028","","","","","799","","0.00","","59224","","","","","","","","","","","","","","","IEEU","","9fb6a081-156b-4eed-a131-aff6ce5e5e6e","Agency Contractor","10/05/2021 - 16/05/2021","Ireland","29091121@sittest.com","Dursley, Petunia 29091121 29091121@sittest.com","","HPWO00091497","","",""
"COMPASS","29091166","","Approved","10/05/2021","IE1-RUAT2.25.06","IEES500023","","","IE1-RUAT2.25.06","","400","","0.00","Double Time","60283","","","COMPASS WBS","","","","","","","","","","X","","IEES","IE1-RUAT2.25.06","1019e7cf-b53d-4349-b960-882b22e80941","Agency Contractor","10/05/2021 - 16/05/2021","Ireland","29091166@sittest.com","IE, NewTest2 29091166 29091166@sittest.com","","HPWO00091500","","",""
"COMPASS","29091166","","Approved","10/05/2021","IE1-RUAT2.25.06","IEES500023","","","IE1-RUAT2.25.06","","400","","0.00","Straight Time","60278","","","COMPASS WBS","","","","","","","","","","X","","IEES","IE1-RUAT2.25.06","ad95d836-576b-46c9-ab5c-3e662b5660a8","Agency Contractor","10/05/2021 - 16/05/2021","Ireland","29091166@sittest.com","IE, NewTest2 29091166 29091166@sittest.com","","HPWO00091500","","",""
"COMPASS","29091166","","Approved","11/05/2021","IE1-RUAT2.25.06","IEES500023","","","IE1-RUAT2.25.06","","400","","0.00","Double Time","60284","","","COMPASS WBS","","","","","","","","","","X","","IEES","IE1-RUAT2.25.06","3638f0ad-d1db-4509-9c3d-10fb995bd3ae","Agency Contractor","10/05/2021 - 16/05/2021","Ireland","29091166@sittest.com","IE, NewTest2 29091166 29091166@sittest.com","","HPWO00091500","","",""
"COMPASS","29091166","","Approved","11/05/2021","IE1-RUAT2.25.06","IEES500023","","","IE1-RUAT2.25.06","","400","","0.00","Straight Time","60279","","","COMPASS WBS","","","","","","","","","","X","","IEES","IE1-RUAT2.25.06","d8fa3939-fe46-4ea1-a904-60dec8a9ae5b","Agency Contractor","10/05/2021 - 16/05/2021","Ireland","29091166@sittest.com","IE, NewTest2 29091166 29091166@sittest.com","","HPWO00091500","","",""
"COMPASS","29091166","","Approved","12/05/2021","IE1-RUAT2.25.06","IEES500023","","","IE1-RUAT2.25.06","","400","","0.00","Overtime","60285","","","COMPASS WBS","","","","","","","","","","X","","IEES","IE1-RUAT2.25.06","4ce971b2-4e40-4a91-a38b-33c8dd1e10f3","Agency Contractor","10/05/2021 - 16/05/2021","Ireland","29091166@sittest.com","IE, NewTest2 29091166 29091166@sittest.com","","HPWO00091500","","",""
"COMPASS","29091166","","Approved","12/05/2021","IE1-RUAT2.25.06","IEES500023","","","IE1-RUAT2.25.06","","400","","0.00","Straight Time","60280","","","COMPASS WBS","","","","","","","","","","X","","IEES","IE1-RUAT2.25.06","1bc182c5-225c-4c87-81d0-8e1095bc109c","Agency Contractor","10/05/2021 - 16/05/2021","Ireland","29091166@sittest.com","IE, NewTest2 29091166 29091166@sittest.com","","HPWO00091500","","",""
"COMPASS","29091166","","Approved","13/05/2021","IE1-RUAT2.25.06","IEES500023","","","IE1-RUAT2.25.06","","400","","0.00","Overtime","60286","","","COMPASS WBS","","","","","","","","","","X","","IEES","IE1-RUAT2.25.06","570405a7-692a-4e88-b4b6-a7f699151cde","Agency Contractor","10/05/2021 - 16/05/2021","Ireland","29091166@sittest.com","IE, NewTest2 29091166 29091166@sittest.com","","HPWO00091500","","",""
"COMPASS","29091166","","Approved","13/05/2021","IE1-RUAT2.25.06","IEES500023","","","IE1-RUAT2.25.06","","400","","0.00","Straight Time","60281","","","COMPASS WBS","","","","","","","","","","X","","IEES","IE1-RUAT2.25.06","a11307f8-709d-481f-8904-fc931c162378","Agency Contractor","10/05/2021 - 16/05/2021","Ireland","29091166@sittest.com","IE, NewTest2 29091166 29091166@sittest.com","","HPWO00091500","","",""
"COMPASS","29091166","","Approved","14/05/2021","IE1-RUAT2.25.06","IEES500023","","","IE1-RUAT2.25.06","","400","","0.00","Straight Time","60282","","","COMPASS WBS","","","","","","","","","","X","","IEES","IE1-RUAT2.25.06","400292d0-24fa-4cab-a0c2-3e9468b578cb","Agency Contractor","10/05/2021 - 16/05/2021","Ireland","29091166@sittest.com","IE, NewTest2 29091166 29091166@sittest.com","","HPWO00091500","","",""
"COMPASS","29091608","","Approved","16/08/2021","CL1-DMO01.03.09","USA7524376","","","","","400","","8.00","Straight Time","97034","","","COMPASS WBS","","","","","","","","","C","","","USA7","","09698dac-a867-421e-9772-4641d052b0e5","Agency Contractor","16/08/2021 - 22/08/2021","United States of America","29091608@sittest.com","Cyllyn, Lovdahl 29091608 29091608@sittest.com","","HPWO00091635","","",""
"COMPASS","29091608","","Approved","16/08/2021","CL1-DMO02.03.06","USA7524376","","","","","400","","0.00","Straight Time","96652","","","COMPASS WBS","","","","","","","","","C","","","USA7","","78c6abc4-ac0f-40c8-884f-1331d79c66f9","Agency Contractor","16/08/2021 - 22/08/2021","United States of America","29091608@sittest.com","Cyllyn, Lovdahl 29091608 29091608@sittest.com","","HPWO00091635","","",""
"COMPASS","29091608","","Approved","16/08/2021","CL1-DMO02.03.06","USA7524376","","","","","400","","0.00","Straight Time","96950","","","COMPASS WBS","","","","","","","","","C","","","USA7","","ab297160-175e-4d65-a260-643dc276ec8a","Agency Contractor","16/08/2021 - 22/08/2021","United States of America","29091608@sittest.com","Cyllyn, Lovdahl 29091608 29091608@sittest.com","","HPWO00091635","","",""
"COMPASS","29091608","","Approved","17/08/2021","CL1-DMO01.03.09","USA7524376","","","","","400","","8.00","Straight Time","97035","","","COMPASS WBS","","","","","","","","","C","","","USA7","","15a45113-1cc6-429b-8c1e-e28e6a1b5062","Agency Contractor","16/08/2021 - 22/08/2021","United States of America","29091608@sittest.com","Cyllyn, Lovdahl 29091608 29091608@sittest.com","","HPWO00091635","","",""
"COMPASS","29091608","","Approved","17/08/2021","CL1-DMO02.03.06","USA7524376","","","","","400","","0.00","Straight Time","96653","","","COMPASS WBS","","","","","","","","","C","","","USA7","","bd08806d-8f1d-4452-a3e9-8f270de07908","Agency Contractor","16/08/2021 - 22/08/2021","United States of America","29091608@sittest.com","Cyllyn, Lovdahl 29091608 29091608@sittest.com","","HPWO00091635","","",""
"COMPASS","29091608","","Approved","17/08/2021","CL1-DMO02.03.06","USA7524376","","","","","400","","0.00","Straight Time","96951","","","COMPASS WBS","","","","","","","","","C","","","USA7","","9acb9336-6a22-4e49-88c0-8e05d84ca6b4","Agency Contractor","16/08/2021 - 22/08/2021","United States of America","29091608@sittest.com","Cyllyn, Lovdahl 29091608 29091608@sittest.com","","HPWO00091635","","",""
"COMPASS","29091608","","Approved","18/08/2021","CL1-DMO01.03.09","USA7524376","","","","","400","","8.00","Straight Time","97036","","","COMPASS WBS","","","","","","","","","C","","","USA7","","31516ec8-478f-4f67-8c35-e4b9b5f86ebd","Agency Contractor","16/08/2021 - 22/08/2021","United States of America","29091608@sittest.com","Cyllyn, Lovdahl 29091608 29091608@sittest.com","","HPWO00091635","","",""
"COMPASS","29091608","","Approved","18/08/2021","CL1-DMO02.03.06","USA7524376","","","","","400","","0.00","Straight Time","96654","","","COMPASS WBS","","","","","","","","","C","","","USA7","","fcb77ef2-b003-43d9-81fe-5b3284a0c57f","Agency Contractor","16/08/2021 - 22/08/2021","United States of America","29091608@sittest.com","Cyllyn, Lovdahl 29091608 29091608@sittest.com","","HPWO00091635","","",""
"COMPASS","29091608","","Approved","18/08/2021","CL1-DMO02.03.06","USA7524376","","","","","400","","0.00","Straight Time","96952","","","COMPASS WBS","","","","","","","","","C","","","USA7","","30292ff9-4416-4259-b9d7-4e515674ff20","Agency Contractor","16/08/2021 - 22/08/2021","United States of America","29091608@sittest.com","Cyllyn, Lovdahl 29091608 29091608@sittest.com","","HPWO00091635","","",""
"COMPASS","29091608","","Approved","19/08/2021","CL1-DMO01.03.09","USA7524376","","","","","400","","8.00","Straight Time","97037","","","COMPASS WBS","","","","","","","","","C","","","USA7","","8e2c9125-058d-41d4-92e0-ce3d16d6e501","Agency Contractor","16/08/2021 - 22/08/2021","United States of America","29091608@sittest.com","Cyllyn, Lovdahl 29091608 29091608@sittest.com","","HPWO00091635","","",""
"COMPASS","29091608","","Approved","19/08/2021","CL1-DMO02.03.06","USA7524376","","","","","400","","0.00","Straight Time","96655","","","COMPASS WBS","","","","","","","","","C","","","USA7","","81f7408a-6281-4fab-8ebf-9f8b46405d54","Agency Contractor","16/08/2021 - 22/08/2021","United States of America","29091608@sittest.com","Cyllyn, Lovdahl 29091608 29091608@sittest.com","","HPWO00091635","","",""
"COMPASS","29091608","","Approved","19/08/2021","CL1-DMO02.03.06","USA7524376","","","","","400","","0.00","Straight Time","96953","","","COMPASS WBS","","","","","","","","","C","","","USA7","","12d61397-3b6f-4436-a946-e8344ea96ad3","Agency Contractor","16/08/2021 - 22/08/2021","United States of America","29091608@sittest.com","Cyllyn, Lovdahl 29091608 29091608@sittest.com","","HPWO00091635","","",""
"COMPASS","29091608","","Approved","20/08/2021","CL1-DMO01.03.09","USA7524376","","","","","400","","8.00","Straight Time","97038","","","COMPASS WBS","","","","","","","","","C","","","USA7","","adb0573a-8bb0-4545-9751-ab7735dc70ac","Agency Contractor","16/08/2021 - 22/08/2021","United States of America","29091608@sittest.com","Cyllyn, Lovdahl 29091608 29091608@sittest.com","","HPWO00091635","","",""
"COMPASS","29091608","","Approved","20/08/2021","CL1-DMO02.03.06","USA7524376","","","","","400","","0.00","Straight Time","96656","","","COMPASS WBS","","","","","","","","","C","","","USA7","","b640e059-802a-4108-885e-909029aa78e2","Agency Contractor","16/08/2021 - 22/08/2021","United States of America","29091608@sittest.com","Cyllyn, Lovdahl 29091608 29091608@sittest.com","","HPWO00091635","","",""
"COMPASS","29091608","","Approved","20/08/2021","CL1-DMO02.03.06","USA7524376","","","","","400","","0.00","Straight Time","96954","","","COMPASS WBS","","","","","","","","","C","","","USA7","","1ddf2ddd-e6f8-47c4-98ff-7356ec95fae1","Agency Contractor","16/08/2021 - 22/08/2021","United States of America","29091608@sittest.com","Cyllyn, Lovdahl 29091608 29091608@sittest.com","","HPWO00091635","","",""
"COMPASS","29091645","","Approved","02/08/2021","DE1-DMOC1.25.06","DEET509239","","","","","400","","2.00","Straight Time","92231","","","COMPASS WBS","","","","","","","","","C","","","DEET","","bc7c14f0-89c6-40c8-a81f-59e555df5539","Agency Contractor","02/08/2021 - 08/08/2021","Germany","29091645@sittest.com","Deborah, Emanuel 29091645 29091645@sittest.com","","HPWO00091559","","",""
"COMPASS","29091645","","Approved","02/08/2021","DE1-DMOC1.25.07","DEET509239","","","TEST1","","400","","2.00","Straight Time","92235","","","COMPASS WBS","Attribute 1","","","","","","","","C","","","DEET","TEST1","4d2a8b0c-9dd1-4539-9034-8b7831c2c724","Agency Contractor","02/08/2021 - 08/08/2021","Germany","29091645@sittest.com","Deborah, Emanuel 29091645 29091645@sittest.com","","HPWO00091559","","",""
"COMPASS","29091645","","Approved","02/08/2021","DE1-DMOC1.25.08","DEET509239","","","","","400","","2.00","Straight Time","92236","","TEST","COMPASS WBS","","","","","","","","","C","","","DEET","","484d0ca7-788d-4a3a-9aa0-ac62ea5231b6","Agency Contractor","02/08/2021 - 08/08/2021","Germany","29091645@sittest.com","Deborah, Emanuel 29091645 29091645@sittest.com","","HPWO00091559","","",""
"COMPASS","29091645","","Approved","03/08/2021","AU1-DMOC1.25.07","DEET509239","","","TEST1","","400","","2.00","Straight Time","92245","","","COMPASS WBS","Attribute 1","","","","","","","","C","","","DEET","TEST1","bc900354-5169-4ce7-bc95-5e01342cf0ca","Agency Contractor","02/08/2021 - 08/08/2021","Germany","29091645@sittest.com","Deborah, Emanuel 29091645 29091645@sittest.com","","HPWO00091559","","",""
"COMPASS","29091645","","Approved","03/08/2021","DE1-DMOC1.25.06","DEET509239","","","","","400","","2.00","Straight Time","92237","","","COMPASS WBS","","","1","2","3","","","","C","","","DEET","","a2c5513d-04fe-445a-b4bb-f00f994cc56a","Agency Contractor","02/08/2021 - 08/08/2021","Germany","29091645@sittest.com","Deborah, Emanuel 29091645 29091645@sittest.com","","HPWO00091559","","",""
"COMPASS","29091645","","Approved","03/08/2021","DE1-DMOC1.25.14","DEET509239","","","","","799","","0.00","","92240","","","COMPASS WBS","","","","","","","","","C","","","DEET","","d79291e7-f551-4858-8ba0-161616c96313","Agency Contractor","02/08/2021 - 08/08/2021","Germany","29091645@sittest.com","Deborah, Emanuel 29091645 29091645@sittest.com","","HPWO00091559","","",""
"COMPASS","29091645","","Approved","03/08/2021","","DEET509239","","","","","799","","1.00","","92242","","","","","","","","","","","","","","","DEET","","df49b9e0-7ae0-47ef-abbf-dcf012d4636b","Agency Contractor","02/08/2021 - 08/08/2021","Germany","29091645@sittest.com","Deborah, Emanuel 29091645 29091645@sittest.com","","HPWO00091559","","",""
"COMPASS","29091645","","Approved","04/08/2021","DE1-DMOC1.25.06","DEET509239","","","","","400","","0.00","Straight Time","92243","","","COMPASS WBS","","","","","","","","","C","","","DEET","","297a6210-c73f-4435-84d8-e732258cd954","Agency Contractor","02/08/2021 - 08/08/2021","Germany","29091645@sittest.com","Deborah, Emanuel 29091645 29091645@sittest.com","","HPWO00091559","","",""
"COMPASS","29091645","","Approved","04/08/2021","DE1-DMOC1.25.06","DEET509239","","","","","400","","2.00","Double Time","93103","","","COMPASS WBS","","","","","","","","","C","","","DEET","","cbb1bb33-e38f-4bca-8e0b-977683da0018","Agency Contractor","02/08/2021 - 08/08/2021","Germany","29091645@sittest.com","Deborah, Emanuel 29091645 29091645@sittest.com","","HPWO00091559","","",""
"COMPASS","29091645","","Approved","04/08/2021","DE1-DMOC1.25.07","DEET509239","","","TEST1","","400","","2.00","Double Time","93104","","","COMPASS WBS","Attribute 1","","","","","","","","C","","","DEET","TEST1","802ea864-7274-4467-9641-629b4b4c76c4","Agency Contractor","02/08/2021 - 08/08/2021","Germany","29091645@sittest.com","Deborah, Emanuel 29091645 29091645@sittest.com","","HPWO00091559","","",""
"COMPASS","29091645","","Approved","04/08/2021","DE1-DMOC1.25.08","DEET509239","","","","","400","","2.00","Double Time","93105","","TEST","COMPASS WBS","","","","","","","","","C","","","DEET","","31326a4b-9278-486c-86e8-ad3da643d1f8","Agency Contractor","02/08/2021 - 08/08/2021","Germany","29091645@sittest.com","Deborah, Emanuel 29091645 29091645@sittest.com","","HPWO00091559","","",""
"COMPASS","29091645","","Approved","05/08/2021","AU1-DMOC1.25.07","DEET509239","","","TEST1","","400","","2.00","Double Time","93464","","","COMPASS WBS","Attribute 1","","","","","","","","C","","","DEET","TEST1","93be63f3-7c06-4749-84f7-4ca71ba87878","Agency Contractor","02/08/2021 - 08/08/2021","Germany","29091645@sittest.com","Deborah, Emanuel 29091645 29091645@sittest.com","","HPWO00091559","","",""
"COMPASS","29091645","","Approved","05/08/2021","DE1-DMOC1.25.06","DEET509239","","","","","400","","2.00","Double Time","93106","","","COMPASS WBS","","","1","2","3","","","","C","","","DEET","","389682f2-81a7-4a3c-a594-4eb987f952b4","Agency Contractor","02/08/2021 - 08/08/2021","Germany","29091645@sittest.com","Deborah, Emanuel 29091645 29091645@sittest.com","","HPWO00091559","","",""
"COMPASS","29091645","","Approved","05/08/2021","","DEET509239","","","","","799","","2.00","","93107","","","","","","","","","","","","","","","DEET","","9dfdf90e-21b7-4987-a4fa-3b7d2ab4b65e","Agency Contractor","02/08/2021 - 08/08/2021","Germany","29091645@sittest.com","Deborah, Emanuel 29091645 29091645@sittest.com","","HPWO00091559","","",""
"COMPASS","29091645","","Approved","16/08/2021","DE1-DMOC1.41.01","DEET509239","","","test","","400","","5.00","Straight Time","96582","","","COMPASS WBS","","","","","","","","","C","","X1-00003.001","DEET","test","fc7b3a76-956e-46cf-af27-52e0c2b7cd23","Agency Contractor","16/08/2021 - 22/08/2021","Germany","29091645@sittest.com","Deborah, Emanuel 29091645 29091645@sittest.com","","HPWO00091559","","",""
"COMPASS","29091645","","Approved","17/08/2021","DE1-DMOC1.41.01","DEET509239","","","test","","400","","5.00","Straight Time","99360","","","COMPASS WBS","","","","","","","","","C","","X1-00003.001","DEET","test","142e554d-2bdb-433d-bb89-b6839bedc194","Agency Contractor","16/08/2021 - 22/08/2021","Germany","29091645@sittest.com","Deborah, Emanuel 29091645 29091645@sittest.com","","HPWO00091559","","",""
"COMPASS","29091645","","Approved","18/08/2021","DE1-DMOC1.41.01","DEET509239","","","test","","400","","5.00","Straight Time","99361","","","COMPASS WBS","","","","","","","","","C","","X1-00003.001","DEET","test","34c78cd8-0f4b-4428-9bcf-5f221f032ebe","Agency Contractor","16/08/2021 - 22/08/2021","Germany","29091645@sittest.com","Deborah, Emanuel 29091645 29091645@sittest.com","","HPWO00091559","","",""
"COMPASS","29091645","","Approved","19/08/2021","DE1-DMOC1.41.01","DEET509239","","","test","","400","","5.00","Straight Time","99362","","","COMPASS WBS","","","","","","","","","C","","X1-00003.001","DEET","test","72d0eac8-08b3-4546-904a-5b1d188b2ae1","Agency Contractor","16/08/2021 - 22/08/2021","Germany","29091645@sittest.com","Deborah, Emanuel 29091645 29091645@sittest.com","","HPWO00091559","","",""
"COMPASS","29091645","","Approved","20/08/2021","DE1-DMOC1.41.01","DEET509239","","","test","","400","","5.00","Straight Time","99363","","","COMPASS WBS","","","","","","","","","C","","X1-00003.001","DEET","test","434b0cee-41c9-462a-8596-663ac7716beb","Agency Contractor","16/08/2021 - 22/08/2021","Germany","29091645@sittest.com","Deborah, Emanuel 29091645 29091645@sittest.com","","HPWO00091559","","",""
"COMPASS","29091645","","Approved","23/08/2021","DE1-DMOC1.41.01","DEET509239","","","","","414","","8.00","Straight Time","98861","","","COMPASS WBS","","","","","","","","","C","","X1-00003.001","DEET","","64a159b5-7ac5-447a-90ff-db49861b3ab4","Agency Contractor","23/08/2021 - 29/08/2021","Germany","29091645@sittest.com","Deborah, Emanuel 29091645 29091645@sittest.com","","HPWO00091559","","",""
"COMPASS","29091645","","Approved","24/08/2021","DE1-DMOC1.41.01","DEET509239","","","","","414","","8.00","Straight Time","98862","","","COMPASS WBS","","","","","","","","","C","","X1-00003.001","DEET","","c7747f0f-22cb-4dfe-b224-8c4e45ff88e9","Agency Contractor","23/08/2021 - 29/08/2021","Germany","29091645@sittest.com","Deborah, Emanuel 29091645 29091645@sittest.com","","HPWO00091559","","",""
"COMPASS","29091645","","Approved","25/08/2021","","DEET509239","","","","","799","","8.00","","98865","","","","","","","","","","","","","","","DEET","","ea7fde7e-759c-44e6-9e6b-5b2991887f2b","Agency Contractor","23/08/2021 - 29/08/2021","Germany","29091645@sittest.com","Deborah, Emanuel 29091645 29091645@sittest.com","","HPWO00091559","","",""
"COMPASS","29091645","","Approved","26/08/2021","DE1-DMOC1.41.01","DEET509239","","","","","414","","8.00","Straight Time","98863","","","COMPASS WBS","","","","","","","","","C","","X1-00003.001","DEET","","3f5b4188-f86f-4cd1-90e5-bb95ce7a6ea5","Agency Contractor","23/08/2021 - 29/08/2021","Germany","29091645@sittest.com","Deborah, Emanuel 29091645 29091645@sittest.com","","HPWO00091559","","",""
"COMPASS","29091645","","Approved","27/08/2021","DE1-DMOC1.41.01","DEET509239","","","","","414","","8.00","Straight Time","98864","","","COMPASS WBS","","","","","","","","","C","","X1-00003.001","DEET","","9788bc2a-149b-4622-98f2-dcf3501c0d9c","Agency Contractor","23/08/2021 - 29/08/2021","Germany","29091645@sittest.com","Deborah, Emanuel 29091645 29091645@sittest.com","","HPWO00091559","","",""
"C1","29090512","","Approved","01/05/2021","R-010124018.0001","C110299951","ANALYST|Billable","","R-010124018.0001","","","","4.00","Straight Time","7832","","","C1 WBS","","","","","","","","WBS","RV","","","1102","R-010124018.0001","3da3b526-32f9-4430-9c04-7a86ddfecbde","Agency Contractor","01/05/2021 - 07/05/2021","","29090512@sittest.com","AC 1102, Julia Z 29090512 29090512@sittest.com","","HPWO00091396","","99748564",""
"C1","29090512","","Approved","02/05/2021","R-010124017.0001","C110299951","NETARCH|Non-Billable","","R-010124017.0001","","","","5.00","Overtime","7838","","adding a comment to resubmit this time entry which failed in C1 initially.","C1 WBS","","","","","","","","WBS","RV","","","1102","R-010124017.0001","330b1295-f70f-4ba7-9aa5-7a603ecd01d0","Agency Contractor","01/05/2021 - 07/05/2021","","29090512@sittest.com","AC 1102, Julia Z 29090512 29090512@sittest.com","AU1-IWO52.01.01.01.64","HPWO00091396","","99748564",""
"C1","29090512","","Approved","03/05/2021","R-010124019.0001","C110299951","ARCHITECT|Billable","","R-010124019.0001","","","","6.00","Straight Time","7839","","","C1 WBS","","","","","","","","WBS","RV","","","1102","R-010124019.0001","8cb966d5-0960-4bb0-877c-1a2ea490ab71","Agency Contractor","01/05/2021 - 07/05/2021","","29090512@sittest.com","AC 1102, Julia Z 29090512 29090512@sittest.com","","HPWO00091396","","99748564",""
"C1","29090512","","Approved","04/05/2021","R-010124019.0001","C110299951","ARCHITECT|Billable","","R-010124019.0001","","","","0.00","Straight Time","7840","","","C1 WBS","","","","","","","","WBS","RV","","","1102","R-010124019.0001","5f9beff2-dce2-4576-b45c-5b1dc5edb7ec","Agency Contractor","01/05/2021 - 07/05/2021","","29090512@sittest.com","AC 1102, Julia Z 29090512 29090512@sittest.com","","HPWO00091396","","99748564",""
"C1","29090512","","Approved","04/05/2021","R-010124019.0001","C110299951","PROJMGR|Billable","","R-010124019.0001","","","","7.00","Double Time","7841","","","C1 WBS","","","","","","","","WBS","RV","","","1102","R-010124019.0001","1bb499bd-f07c-41f7-82f8-b00000e92de9","Agency Contractor","01/05/2021 - 07/05/2021","","29090512@sittest.com","AC 1102, Julia Z 29090512 29090512@sittest.com","","HPWO00091396","","99748564",""
"C1","29090512","","Approved","08/05/2021","R-010124017.0001","C110299951","NETARCH|Billable","","R-010124017.0001","","","","2.00","Double Time","60371","","DT","C1 WBS","","","","","","","","WBS","RV","","","1102","R-010124017.0001","442c9536-6c95-45e2-b157-35bd423e5644","Agency Contractor","08/05/2021 - 14/05/2021","","29090512@sittest.com","AC 1102, Julia Z 29090512 29090512@sittest.com","AU1-IWO52.01.01.01.64","HPWO00091396","","99748564",""
"C1","29090512","","Approved","08/05/2021","R-010124017.0001","C110299951","NETARCH|Billable","","R-010124017.0001","","","","8.00","Straight Time","60369","","ST","C1 WBS","","","","","","","","WBS","RV","","","1102","R-010124017.0001","d67f777d-7e9c-4a57-b203-7122316532df","Agency Contractor","08/05/2021 - 14/05/2021","","29090512@sittest.com","AC 1102, Julia Z 29090512 29090512@sittest.com","AU1-IWO52.01.01.01.64","HPWO00091396","","99748564",""
"C1","29090512","","Approved","08/05/2021","R-010124017.0001","C110299951","NETARCH|Billable","","R-010124017.0001","","","","9.00","Overtime","60370","","OT","C1 WBS","","","","","","","","WBS","RV","","","1102","R-010124017.0001","294d0bb0-66ae-4dd0-a256-413d50ddd21b","Agency Contractor","08/05/2021 - 14/05/2021","","29090512@sittest.com","AC 1102, Julia Z 29090512 29090512@sittest.com","AU1-IWO52.01.01.01.64","HPWO00091396","","99748564",""
"C1","29090512","","Approved","15/05/2021","R-010124017.0001","C110299951","NETARCH|Billable","","R-010124017.0001","","","","1.00","Straight Time","60355","","straight time","C1 WBS","","","","","","","","WBS","RV","","","1102","R-010124017.0001","0c2beda9-a797-42a0-b37a-73755b06e798","Agency Contractor","15/05/2021 - 21/05/2021","","29090512@sittest.com","AC 1102, Julia Z 29090512 29090512@sittest.com","AU1-IWO52.01.01.01.64","HPWO00091396","","99748564",""
"C1","29090512","","Approved","16/05/2021","R-010124017.0001","C110299951","NETARCH|Billable","","R-010124017.0001","","","","2.00","Straight Time","60356","","straight time","C1 WBS","","","","","","","","WBS","RV","","","1102","R-010124017.0001","b36ccc78-e2d4-4b79-a5d1-5bfd459eb112","Agency Contractor","15/05/2021 - 21/05/2021","","29090512@sittest.com","AC 1102, Julia Z 29090512 29090512@sittest.com","AU1-IWO52.01.01.01.64","HPWO00091396","","99748564",""
"C1","29090512","","Approved","17/05/2021","R-010124017.0001","C110299951","NETARCH|Billable","","R-010124017.0001","","","","3.00","Straight Time","60357","","straight time","C1 WBS","","","","","","","","WBS","RV","","","1102","R-010124017.0001","12eb00e2-9faf-41b9-af5a-cfde0f861598","Agency Contractor","15/05/2021 - 21/05/2021","","29090512@sittest.com","AC 1102, Julia Z 29090512 29090512@sittest.com","AU1-IWO52.01.01.01.64","HPWO00091396","","99748564",""
"C1","29090512","","Approved","18/05/2021","R-010124017.0001","C110299951","NETARCH|Billable","","R-010124017.0001","","","","1.00","Overtime","60358","","Overtime","C1 WBS","","","","","","","","WBS","RV","","","1102","R-010124017.0001","0eb5d201-7ff9-4c4d-8a0f-b98656635e3f","Agency Contractor","15/05/2021 - 21/05/2021","","29090512@sittest.com","AC 1102, Julia Z 29090512 29090512@sittest.com","AU1-IWO52.01.01.01.64","HPWO00091396","","99748564",""
"C1","29090512","","Approved","19/05/2021","R-010124017.0001","C110299951","NETARCH|Billable","","R-010124017.0001","","","","2.00","Overtime","60359","","Overtime","C1 WBS","","","","","","","","WBS","RV","","","1102","R-010124017.0001","cdb4598f-0ef4-48b5-aa06-ab23683856c4","Agency Contractor","15/05/2021 - 21/05/2021","","29090512@sittest.com","AC 1102, Julia Z 29090512 29090512@sittest.com","AU1-IWO52.01.01.01.64","HPWO00091396","","99748564",""
"C1","29090512","","Approved","20/05/2021","R-010124017.0001","C110299951","NETARCH|Billable","","R-010124017.0001","","","","3.00","Double Time","60360","","double time","C1 WBS","","","","","","","","WBS","RV","","","1102","R-010124017.0001","00bf36ae-ea8c-471d-9357-6355811fecaf","Agency Contractor","15/05/2021 - 21/05/2021","","29090512@sittest.com","AC 1102, Julia Z 29090512 29090512@sittest.com","AU1-IWO52.01.01.01.64","HPWO00091396","","99748564",""
"C1","29090512","","Approved","21/05/2021","R-010124017.0001","C110299951","NETARCH|Billable","","R-010124017.0001","","","","4.00","Double Time","60361","","double time","C1 WBS","","","","","","","","WBS","RV","","","1102","R-010124017.0001","afceab41-fcb6-4c8f-a3c1-07c4a5496623","Agency Contractor","15/05/2021 - 21/05/2021","","29090512@sittest.com","AC 1102, Julia Z 29090512 29090512@sittest.com","AU1-IWO52.01.01.01.64","HPWO00091396","","99748564",""
"C1","29091071","","Approved","13/05/2021","R-010122552.0020","C110299951","MANAGEDSERVS|Billable","","R-010122552.0020","","","","8.00","Straight Time","59857","","","C1 WBS","","","","","","","","WBS","RV","","","1102","R-010122552.0020","429151b1-706e-451a-8806-5acaa46317e1","Agency Contractor","08/05/2021 - 14/05/2021","","29091071@sittest.com","Jar Binks, Jar 29091071 29091071@sittest.com","0000000000","HPWO00091484","","99748619",""
"C1","29091071","","Approved","14/05/2021","R-010122552.0020","C110299951","MANAGEDSERVS|Billable","","R-010122552.0020","","","","8.00","Straight Time","59858","","","C1 WBS","","","","","","","","WBS","RV","","","1102","R-010122552.0020","6d8fa03e-caed-43b8-8dd5-5bfedb53410d","Agency Contractor","08/05/2021 - 14/05/2021","","29091071@sittest.com","Jar Binks, Jar 29091071 29091071@sittest.com","0000000000","HPWO00091484","","99748619",""
"COMPASS","29090490","","Approved","26/04/2021","CA1-DMO01.03.06","","","","CA1-DMO01.03.06","","400","","8.00","Straight Time","6806","","","COMPASS WBS","","","","","","","","","","X","","IEEU","CA1-DMO01.03.06","7a9290b5-30b4-45f5-9fdd-82d92c9e873b","Agency Contractor","26/04/2021 - 02/05/2021","Ireland","29090490@sittest.com","Lee, Jessica 29090490 29090490@sittest.com","","HPWO00091373","","",""
"COMPASS","29090490","","Approved","27/04/2021","CA1-DMO01.03.06","","","","CA1-DMO01.03.06","","400","","0.00","Straight Time","6807","","","COMPASS WBS","","","","","","","","","","X","","IEEU","CA1-DMO01.03.06","a1dc7b1c-8ede-46a0-bc2d-bda4efdf95c3","Agency Contractor","26/04/2021 - 02/05/2021","Ireland","29090490@sittest.com","Lee, Jessica 29090490 29090490@sittest.com","","HPWO00091373","","",""
"COMPASS","29090490","","Approved","27/04/2021","IE1-RUAT2.25.06","","","","IE1-RUAT2.25.06","","400","","6.00","Straight Time","6827","","","COMPASS WBS","","","","","","","","","","X","","IEEU","IE1-RUAT2.25.06","ca256009-09b0-4152-82d2-e3eadecd98ba","Agency Contractor","26/04/2021 - 02/05/2021","Ireland","29090490@sittest.com","Lee, Jessica 29090490 29090490@sittest.com","","HPWO00091373","","",""
"COMPASS","29090490","","Approved","28/04/2021","","","","","","","799","","8.00","Straight Time","6828","","","","","","","","","","","","","","","IEEU","","90ecbc71-4a0e-4f4f-a53d-b8562ab474da","Agency Contractor","26/04/2021 - 02/05/2021","Ireland","29090490@sittest.com","Lee, Jessica 29090490 29090490@sittest.com","","HPWO00091373","","",""
"COMPASS","29090490","","Approved","29/04/2021","IE1-RUAT2.25.06","","","","IE1-RUAT2.25.06","","400","","9.00","Double Time","6847","","","COMPASS WBS","","","","","","","","","","X","","IEEU","IE1-RUAT2.25.06","1c8517c2-df4a-461b-a42a-68e99ff6509f","Agency Contractor","26/04/2021 - 02/05/2021","Ireland","29090490@sittest.com","Lee, Jessica 29090490 29090490@sittest.com","","HPWO00091373","","",""
"COMPASS","29090490","","Approved","10/05/2021","IE1-RUAT2.25.06","","","","IE1-RUAT2.25.06","","400","","8.00","Straight Time","59809","","","COMPASS WBS","","","","","","","","","","X","","IEEU","IE1-RUAT2.25.06","b89570f3-19d7-41b2-b318-c20b95ddd887","Agency Contractor","10/05/2021 - 16/05/2021","Ireland","29090490@sittest.com","Lee, Jessica 29090490 29090490@sittest.com","","HPWO00091373","","",""
"COMPASS","29090654","","Approved","10/05/2021","IE1-SCM01.02.10","","","","IE1-SCM01.02.10","","400","","4.00","Straight Time","60129","","","COMPASS WBS","","","","","","","","","","X","","IEES","IE1-SCM01.02.10","94f5331c-d510-40fe-9a2e-ae21a27a56fa","Agency Contractor","10/05/2021 - 16/05/2021","Ireland","29090654@sittest.com","IE, CompassTerminate 29090654 29090654@sittest.com","","HPWO00091439","","",""
"COMPASS","29090654","","Approved","13/05/2021","IE1-SCM01.02.10","","","","IE1-SCM01.02.10","","400","","4.00","Straight Time","60130","","","COMPASS WBS","","","","","","","","","","X","","IEES","IE1-SCM01.02.10","1bd88c8c-7cc0-4499-b0b0-9b67cfc891ef","Agency Contractor","10/05/2021 - 16/05/2021","Ireland","29090654@sittest.com","IE, CompassTerminate 29090654 29090654@sittest.com","","HPWO00091439","","",""
"COMPASS","29090654","","Approved","14/05/2021","IE1-SCM01.02.10","","","","IE1-SCM01.02.10","","400","","4.00","Straight Time","60131","","","COMPASS WBS","","","","","","","","","","X","","IEES","IE1-SCM01.02.10","1bb0cbfe-be27-4679-ab0e-30378a8c809a","Agency Contractor","10/05/2021 - 16/05/2021","Ireland","29090654@sittest.com","IE, CompassTerminate 29090654 29090654@sittest.com","","HPWO00091439","","",""
"COMPASS","29091101","","Approved","10/05/2021","IE1-DMOC1.25.05","IEEU501028","","","IE1-DMOC1.25.05","","401","","8.00","Straight Time","58963","","","COMPASS WBS","","","","","","","","","C","","","IEEU","IE1-DMOC1.25.05","6b06bf8a-66b6-4471-89a7-9c1c9a25b898","Agency Contractor","10/05/2021 - 16/05/2021","Ireland","29091101@sittest.com","Nu, Jocasta 29091101 29091101@sittest.com","","HPWO00091513","","99748641",""
"COMPASS","29091101","","Approved","11/05/2021","IE1-DMOC1.25.05","IEEU501028","","","IE1-DMOC1.25.05","","401","","8.00","Straight Time","58964","","","COMPASS WBS","","","","","","","","","C","","","IEEU","IE1-DMOC1.25.05","746b5067-ccfa-49fd-954f-654a0d2933b0","Agency Contractor","10/05/2021 - 16/05/2021","Ireland","29091101@sittest.com","Nu, Jocasta 29091101 29091101@sittest.com","","HPWO00091513","","99748641",""
"COMPASS","29091101","","Approved","12/05/2021","IE1-DMOC1.25.05","IEEU501028","","","IE1-DMOC1.25.05","","401","","8.00","Straight Time","58965","","","COMPASS WBS","","","","","","","","","C","","","IEEU","IE1-DMOC1.25.05","b3cec262-e8a5-4137-a43c-388554f466c6","Agency Contractor","10/05/2021 - 16/05/2021","Ireland","29091101@sittest.com","Nu, Jocasta 29091101 29091101@sittest.com","","HPWO00091513","","99748641",""
"COMPASS","29091635","","Approved","16/07/2021","AU1-DMOC1.25.05","AUES500011","","","","","400","","2.00","Straight Time","88645","","","COMPASS WBS","","","","","","","","","C","","","AUES","","184bb8bd-1c5a-4dd8-8cb1-ca6b60d4f507","Agency Contractor","12/07/2021 - 18/07/2021","Australia","29091635@sittest.com","Scott, Norton 29091635 29091635@sittest.com","","HPWO00091541","","",""
"COMPASS","29091635","","Approved","16/07/2021","AU1-DMOC1.25.11","AUES500011","","","TEST11_21","","413","","1.00","Straight Time","88648","","TC009_TimeAdminDelegationt","COMPASS WBS","Attribute 2","","a","b","c","","","","C","","","AUES","TEST11_3 / TEST11_21","1c82b9a7-2444-41f1-b74e-a9b225ddd871","Agency Contractor","12/07/2021 - 18/07/2021","Australia","29091635@sittest.com","Scott, Norton 29091635 29091635@sittest.com","","HPWO00091541","","",""
"COMPASS","29091635","","Approved","16/07/2021","AU1-DMOC1.25.14","AUES500011","","","TEST14_1","","400","","2.00","Straight Time","88647","","","COMPASS WBS","Attribute 1","","","","","","","","C","","","AUES","TEST14_1","37a55182-b529-4cc1-b5a4-8598a882420a","Agency Contractor","12/07/2021 - 18/07/2021","Australia","29091635@sittest.com","Scott, Norton 29091635 29091635@sittest.com","","HPWO00091541","","",""
"COMPASS","29091635","","Approved","16/07/2021","AU1-DMOC1.25.14","AUES500011","","","","","401","","1.00","Straight Time","88646","","","COMPASS WBS","","","","","","","","","C","","","AUES","","d3ab493d-933d-49e0-811d-47f523ca28c6","Agency Contractor","12/07/2021 - 18/07/2021","Australia","29091635@sittest.com","Scott, Norton 29091635 29091635@sittest.com","","HPWO00091541","","",""
"COMPASS","29091635","","Approved","19/07/2021","AU1-DMOC1.25.05","AUES500011","","","","","400","","24.00","Double Time","98457","","","COMPASS WBS","","","","","","","","","C","","","AUES","","a6a66e2c-1c70-4320-b2a4-250361bc2294","Agency Contractor","19/07/2021 - 25/07/2021","Australia","29091635@sittest.com","Scott, Norton 29091635 29091635@sittest.com","","HPWO00091541","","",""
"COMPASS","29091635","","Approved","20/07/2021","AU1-DMOC1.25.05","AUES500011","","","","","400","","24.00","Double Time","98458","","","COMPASS WBS","","","","","","","","","C","","","AUES","","be5a4497-2e9a-4d2a-a894-fc56185e4707","Agency Contractor","19/07/2021 - 25/07/2021","Australia","29091635@sittest.com","Scott, Norton 29091635 29091635@sittest.com","","HPWO00091541","","",""
"COMPASS","29091635","","Approved","21/07/2021","AU1-DMOC1.25.05","AUES500011","","","","","400","","24.00","Double Time","98459","","","COMPASS WBS","","","","","","","","","C","","","AUES","","549659c1-1bb9-4494-b5c7-fedbc072e951","Agency Contractor","19/07/2021 - 25/07/2021","Australia","29091635@sittest.com","Scott, Norton 29091635 29091635@sittest.com","","HPWO00091541","","",""
"COMPASS","29091635","","Approved","22/07/2021","AU1-DMOC1.25.05","AUES500011","","","","","400","","24.00","Double Time","98460","","","COMPASS WBS","","","","","","","","","C","","","AUES","","cb122fd0-a652-430d-be8c-535217df6c00","Agency Contractor","19/07/2021 - 25/07/2021","Australia","29091635@sittest.com","Scott, Norton 29091635 29091635@sittest.com","","HPWO00091541","","",""
"COMPASS","29091635","","Approved","23/07/2021","AU1-DMOC1.25.05","AUES500011","","","","","400","","24.00","Double Time","98461","","","COMPASS WBS","","","","","","","","","C","","","AUES","","5be2d4ee-a9bf-439e-b7ce-32cb23d23805","Agency Contractor","19/07/2021 - 25/07/2021","Australia","29091635@sittest.com","Scott, Norton 29091635 29091635@sittest.com","","HPWO00091541","","",""
"COMPASS","29091635","","Approved","02/08/2021","AU1-DMOC1.25.05","AUES500011","","","","","400","","20.00","Double Time","98467","","","COMPASS WBS","","","","","","","","","C","","","AUES","","a7b9c0e8-9ee5-43bb-a970-efeb52a71f1d","Agency Contractor","02/08/2021 - 08/08/2021","Australia","29091635@sittest.com","Scott, Norton 29091635 29091635@sittest.com","","HPWO00091541","","",""
"COMPASS","29091635","","Approved","03/08/2021","AU1-DMOC1.25.05","AUES500011","","","","","400","","20.00","Double Time","98468","","","COMPASS WBS","","","","","","","","","C","","","AUES","","ef0a9df5-dd33-4665-9ad7-e5ad1b0b25dc","Agency Contractor","02/08/2021 - 08/08/2021","Australia","29091635@sittest.com","Scott, Norton 29091635 29091635@sittest.com","","HPWO00091541","","",""
"COMPASS","29091635","","Approved","04/08/2021","AU1-DMOC1.25.05","AUES500011","","","","","400","","20.00","Double Time","98469","","","COMPASS WBS","","","","","","","","","C","","","AUES","","fe06b5ab-39c5-42e1-9ce4-fb2e759d3fbf","Agency Contractor","02/08/2021 - 08/08/2021","Australia","29091635@sittest.com","Scott, Norton 29091635 29091635@sittest.com","","HPWO00091541","","",""
"COMPASS","29091635","","Approved","05/08/2021","AU1-DMOC1.25.05","AUES500011","","","","","400","","20.00","Double Time","98470","","","COMPASS WBS","","","","","","","","","C","","","AUES","","06260371-18e5-49ff-ab82-e9b81a628065","Agency Contractor","02/08/2021 - 08/08/2021","Australia","29091635@sittest.com","Scott, Norton 29091635 29091635@sittest.com","","HPWO00091541","","",""
"COMPASS","29091635","","Approved","06/08/2021","AU1-DMOC1.25.05","AUES500011","","","","","400","","20.00","Double Time","98471","","","COMPASS WBS","","","","","","","","","C","","","AUES","","fbc44c23-6e19-4a61-aeff-66635ad03d16","Agency Contractor","02/08/2021 - 08/08/2021","Australia","29091635@sittest.com","Scott, Norton 29091635 29091635@sittest.com","","HPWO00091541","","",""
"COMPASS","TestHPES","","Approved","21/02/2022","","","","","","","735","","5.00","","172862","","","","","","","","","","","","","","","PT20","","1515a554-b570-4350-aa75-7c4b93743e4b","Agency Contractor","21/02/2022 - 27/02/2022","Portugal","testhpes.portugal","Portugal, TestHPES","","","","",""
"COMPASS","TestHPES","","Approved","21/02/2022","","","","","","","775","","3.00","","172677","","","","","","","","","","","","","","","PT20","","33263368-6b24-4514-a13e-8128903cadf8","Agency Contractor","21/02/2022 - 27/02/2022","Portugal","testhpes.portugal","Portugal, TestHPES","","","","",""
"COMPASS","TestHPES","","Approved","21/02/2022","","","","","","","","","0.00","","172672","","","","","","","","","","","","","","","PT20","","07fd47d6-65be-4166-94f5-4443a84eb705","Agency Contractor","21/02/2022 - 27/02/2022","Portugal","testhpes.portugal","Portugal, TestHPES","","","","",""
"COMPASS","TestHPES","","Approved","22/02/2022","","","","","","","775","","8.00","","172678","","","","","","","","","","","","","","","PT20","","27302651-e367-44b7-8b79-65c807fbf1c9","Agency Contractor","21/02/2022 - 27/02/2022","Portugal","testhpes.portugal","Portugal, TestHPES","","","","",""
"COMPASS","TestHPES","","Approved","22/02/2022","","","","","","","","","0.00","","172673","","","","","","","","","","","","","","","PT20","","9331d205-0e2e-4cba-88b3-f603fbcb838d","Agency Contractor","21/02/2022 - 27/02/2022","Portugal","testhpes.portugal","Portugal, TestHPES","","","","",""
"COMPASS","TestHPES","","Approved","22/02/2022","","","","","","","","","0.00","","172679","","","","","","","","","","","","","","","PT20","","0e2522a6-b146-4714-84db-dfb040fa15b0","Agency Contractor","21/02/2022 - 27/02/2022","Portugal","testhpes.portugal","Portugal, TestHPES","","","","",""
"COMPASS","TestHPES","","Approved","23/02/2022","","","","","","","","","8.00","","172674","13542","","","","","","","","","100","","","","","PT20","","","Agency Contractor","21/02/2022 - 27/02/2022","Portugal","testhpes.portugal","Portugal, TestHPES","","","","",""
"COMPASS","TestHPES","","Approved","24/02/2022","","","","","","","","","8.00","","172675","13542","","","","","","","","","100","","","","","PT20","","","Agency Contractor","21/02/2022 - 27/02/2022","Portugal","testhpes.portugal","Portugal, TestHPES","","","","",""
"COMPASS","TestHPES","","Approved","25/02/2022","","","","","","","","","8.00","","172676","13542","","","","","","","","","100","","","","","PT20","","","Agency Contractor","21/02/2022 - 27/02/2022","Portugal","testhpes.portugal","Portugal, TestHPES","","","","",""
"COMPASS","TestHPES","","Approved","28/02/2022","","","","","","","730","","9.00","","172994","","","","","","","","","","","","","","","PT20","","ae5b0645-afc1-43b4-a318-2c95cdcacc18","Agency Contractor","28/02/2022 - 06/03/2022","Portugal","testhpes.portugal","Portugal, TestHPES","","","","",""
"COMPASS","TestHPES","","Approved","01/03/2022","","","","","","","740","","4.00","","172995","","","","","","","","","","","","","","","PT20","","ba4adb42-9781-4ed6-8fa8-48816a8e290b","Agency Contractor","28/02/2022 - 06/03/2022","Portugal","testhpes.portugal","Portugal, TestHPES","","","","",""
"COMPASS","TestHPES","","Approved","02/03/2022","","","","","","","750","","4.00","","172996","","","","","","","","","","","","","","","PT20","","692136ca-3cbe-452a-918a-c0d7b280a34d","Agency Contractor","28/02/2022 - 06/03/2022","Portugal","testhpes.portugal","Portugal, TestHPES","","","","",""
"COMPASS","TestHPES","","Approved","03/03/2022","","","","","","","","","8.00","","172992","13627","","","","","","","","","100","","","","","PT20","","","Agency Contractor","28/02/2022 - 06/03/2022","Portugal","testhpes.portugal","Portugal, TestHPES","","","","",""
"COMPASS","TestHPES","","Approved","04/03/2022","","","","","","","","","8.00","","172993","13628","","","","","","","","","100","","","","","PT20","","","Agency Contractor","28/02/2022 - 06/03/2022","Portugal","testhpes.portugal","Portugal, TestHPES","","","","",""
